rel_id,head,head_label,relation,tail,tail_label,description,doc_id,chunk_id
REL_000001,CDQY2A-PC2-6 型 船用主柴油机电气遥控系统,System,CONNECTS_TO,CDQY2A-PC2-6 型 船用主柴油机电气遥控系统_安全系统,Equipment,遥控系统连接独立的安全系统以实现紧急停车和故障保护,电气::CDQY2A-PC2-6型 船用主柴油机电气遥控系统说明书,电气::CDQY2A-PC2-6型 船用主柴油机电气遥控系统说明书::chunk_18
REL_000002,CDQY2A-PC2-6 型 船用主柴油机电气遥控系统,System,CONNECTS_TO,CDQY2A-PC2-6 型 船用主柴油机电气遥控系统_独立车钟系统,Equipment,非遥控模式下系统连接独立车钟系统进行发令和应答,电气::CDQY2A-PC2-6型 船用主柴油机电气遥控系统说明书,电气::CDQY2A-PC2-6型 船用主柴油机电气遥控系统说明书::chunk_18
REL_000003,CDQY2A-PC2-6 型 船用主柴油机电气遥控系统,System,CONNECTS_TO,驾驶室_主车钟,Equipment,遥控系统接收主车钟指令信号,电气::CDQY2A-PC2-6型 船用主柴油机电气遥控系统说明书,电气::CDQY2A-PC2-6型 船用主柴油机电气遥控系统说明书::chunk_1
REL_000004,CDQY2A-PC2-6 型 船用主柴油机电气遥控系统,System,CONNECTS_TO,驾驶室_应急车钟,Equipment,遥控系统接收应急车钟指令信号,电气::CDQY2A-PC2-6型 船用主柴油机电气遥控系统说明书,电气::CDQY2A-PC2-6型 船用主柴油机电气遥控系统说明书::chunk_1
REL_000005,CDQY2A-PC2-6 型 船用主柴油机电气遥控系统,System,CONTROLS,船舶_主推进系统,System,遥控系统对主推进系统进行整体控制,电气::CDQY2A-PC2-6型 船用主柴油机电气遥控系统说明书,电气::CDQY2A-PC2-6型 船用主柴油机电气遥控系统说明书::chunk_1
REL_000006,CDQY2A-PC2-6 型 船用主柴油机电气遥控系统,System,CONTROLS,船舶_主推进系统_气控换向齿轮箱,Equipment,遥控系统直接控制主推进系统中的气控换向齿轮箱实现换向,电气::CDQY2A-PC2-6型 船用主柴油机电气遥控系统说明书,电气::CDQY2A-PC2-6型 船用主柴油机电气遥控系统说明书::chunk_5
REL_000007,CDQY2A-PC2-6 型 船用主柴油机电气遥控系统,System,CONTROLS,船舶_主推进系统_陕柴 PC2-6 型船用主机,Equipment,遥控装置通过控制命令调节主机转速,电气::CDQY2A-PC2-6型 船用主柴油机电气遥控系统说明书,电气::CDQY2A-PC2-6型 船用主柴油机电气遥控系统说明书::chunk_23
REL_000008,CDQY2A-PC2-6 型 船用主柴油机电气遥控系统,System,DIAGNOSED_BY,CDQY2A-PC2-6 型 船用主柴油机电气遥控系统_调试_遥控操纵功能检查,DiagnosticMethod,系统调试需通过管路吹净检查确保管路清洁,电气::CDQY2A-PC2-6型 船用主柴油机电气遥控系统说明书,电气::CDQY2A-PC2-6型 船用主柴油机电气遥控系统说明书::chunk_24
REL_000009,CDQY2A-PC2-6 型 船用主柴油机电气遥控系统,System,HAS_COMPONENT,CDQY2A-PC2-6 型 船用主柴油机电气遥控系统_机舱控制箱,Equipment,遥控系统包含机舱控制箱作为组成设备,电气::CDQY2A-PC2-6型 船用主柴油机电气遥控系统说明书,电气::CDQY2A-PC2-6型 船用主柴油机电气遥控系统说明书::chunk_2
REL_000010,CDQY2A-PC2-6 型 船用主柴油机电气遥控系统,System,HAS_COMPONENT,CDQY2A-PC2-6 型 船用主柴油机电气遥控系统_气源,Component,遥控系统包含双气源净化装置作为组成部件,电气::CDQY2A-PC2-6型 船用主柴油机电气遥控系统说明书,电气::CDQY2A-PC2-6型 船用主柴油机电气遥控系统说明书::chunk_9
REL_000011,CDQY2A-PC2-6 型 船用主柴油机电气遥控系统,System,HAS_COMPONENT,CDQY2A-PC2-6 型 船用主柴油机电气遥控系统_转速测量显示单元,Equipment,遥控系统包含转速测量显示单元作为组成设备,电气::CDQY2A-PC2-6型 船用主柴油机电气遥控系统说明书,电气::CDQY2A-PC2-6型 船用主柴油机电气遥控系统说明书::chunk_9
REL_000012,CDQY2A-PC2-6 型 船用主柴油机电气遥控系统,System,HAS_COMPONENT,CDQY2A-PC2-6 型 船用主柴油机电气遥控系统_辅车钟单元,Equipment,遥控系统包含辅车钟单元作为组成设备,电气::CDQY2A-PC2-6型 船用主柴油机电气遥控系统说明书,电气::CDQY2A-PC2-6型 船用主柴油机电气遥控系统说明书::chunk_9
REL_000013,CDQY2A-PC2-6 型 船用主柴油机电气遥控系统,System,HAS_COMPONENT,CDQY2A-PC2-6 型 船用主柴油机电气遥控系统_遥控台,Equipment,遥控系统包含遥控台作为组成设备,电气::CDQY2A-PC2-6型 船用主柴油机电气遥控系统说明书,电气::CDQY2A-PC2-6型 船用主柴油机电气遥控系统说明书::chunk_2
REL_000014,CDQY2A-PC2-6 型 船用主柴油机电气遥控系统,System,HAS_COMPONENT,CDQY2A-PC2-6 型 船用主柴油机电气遥控系统_遥控显示控制板,Component,遥控系统包含遥控显示控制板作为组成部件,电气::CDQY2A-PC2-6型 船用主柴油机电气遥控系统说明书,电气::CDQY2A-PC2-6型 船用主柴油机电气遥控系统说明书::chunk_9
REL_000015,CDQY2A-PC2-6 型 船用主柴油机电气遥控系统,System,HAS_COMPONENT,CDQY2A-PC2-6 型 船用主柴油机电气遥控系统_遥控调速机构_膜片气缸,Component,遥控系统包含遥控调速机构作为组成部件,电气::CDQY2A-PC2-6型 船用主柴油机电气遥控系统说明书,电气::CDQY2A-PC2-6型 船用主柴油机电气遥控系统说明书::chunk_9
REL_000016,CDQY2A-PC2-6 型 船用主柴油机电气遥控系统,System,HAS_COMPONENT,CDQY2A-PC2-6 型 船用主柴油机电气遥控系统_齿轮箱油压检测板,Component,遥控系统包含齿轮箱油压检测板作为组成部件,电气::CDQY2A-PC2-6型 船用主柴油机电气遥控系统说明书,电气::CDQY2A-PC2-6型 船用主柴油机电气遥控系统说明书::chunk_9
REL_000017,CDQY2A-PC2-6 型 船用主柴油机电气遥控系统,System,HAS_FAULT,CDQY2A-PC2-6 型 船用主柴油机电气遥控系统_管路堵塞,FaultPhenomenon,系统管路安装不当可能导致管路堵塞故障,电气::CDQY2A-PC2-6型 船用主柴油机电气遥控系统说明书,电气::CDQY2A-PC2-6型 船用主柴油机电气遥控系统说明书::chunk_4
REL_000018,CDQY2A-PC2-6 型 船用主柴油机电气遥控系统,System,HAS_FAULT,CDQY2A-PC2-6 型 船用主柴油机电气遥控系统_遥控面板显示异常,FaultPhenomenon,系统管路安装不当可能导致气体泄漏故障,电气::CDQY2A-PC2-6型 船用主柴油机电气遥控系统说明书,电气::CDQY2A-PC2-6型 船用主柴油机电气遥控系统说明书::chunk_4
REL_000019,CDQY2A-PC2-6 型 船用主柴油机电气遥控系统,System,HAS_FAULT,CDQY2A-PC2-6 型 船用主柴油机电气遥控系统_重要参数故障,FaultCause,遥控系统可能发生电源中断故障导致电控失效,电气::CDQY2A-PC2-6型 船用主柴油机电气遥控系统说明书,电气::CDQY2A-PC2-6型 船用主柴油机电气遥控系统说明书::chunk_18
REL_000020,CDQY2A-PC2-6 型 船用主柴油机电气遥控系统,System,HAS_PARAMETER,CDQY2A-PC2-6 型 船用主柴油机电气遥控系统_倾斜摇摆环境条件,Parameter,系统运行需满足倾斜摇摆环境参数要求,电气::CDQY2A-PC2-6型 船用主柴油机电气遥控系统说明书,电气::CDQY2A-PC2-6型 船用主柴油机电气遥控系统说明书::chunk_2
REL_000021,CDQY2A-PC2-6 型 船用主柴油机电气遥控系统,System,HAS_PARAMETER,CDQY2A-PC2-6 型 船用主柴油机电气遥控系统_双气源净化装置_输出气压 0.6MPa,Parameter,系统在气源失气工况下具有转速设定值保持时间的性能参数,电气::CDQY2A-PC2-6型 船用主柴油机电气遥控系统说明书,电气::CDQY2A-PC2-6型 船用主柴油机电气遥控系统说明书::chunk_5
REL_000022,CDQY2A-PC2-6 型 船用主柴油机电气遥控系统,System,HAS_PARAMETER,CDQY2A-PC2-6 型 船用主柴油机电气遥控系统_振动环境条件_往复机械处所,Parameter,系统运行需满足一般处所振动参数要求,电气::CDQY2A-PC2-6型 船用主柴油机电气遥控系统说明书,电气::CDQY2A-PC2-6型 船用主柴油机电气遥控系统说明书::chunk_2
REL_000023,CDQY2A-PC2-6 型 船用主柴油机电气遥控系统,System,HAS_PARAMETER,CDQY2A-PC2-6 型 船用主柴油机电气遥控系统_最大合排时间 2 秒,Parameter,系统具备换向时间性能指标,电气::CDQY2A-PC2-6型 船用主柴油机电气遥控系统说明书,电气::CDQY2A-PC2-6型 船用主柴油机电气遥控系统说明书::chunk_7
REL_000024,CDQY2A-PC2-6 型 船用主柴油机电气遥控系统,System,HAS_PARAMETER,CDQY2A-PC2-6 型 船用主柴油机电气遥控系统_紫铜管规格,Parameter,系统管路安装依赖紫铜管规格参数,电气::CDQY2A-PC2-6型 船用主柴油机电气遥控系统说明书,电气::CDQY2A-PC2-6型 船用主柴油机电气遥控系统说明书::chunk_4
REL_000025,CDQY2A-PC2-6 型 船用主柴油机电气遥控系统,System,HAS_PARAMETER,CDQY2A-PC2-6 型 船用主柴油机电气遥控系统_绝缘电阻,Parameter,系统具备绝缘电阻技术指标,电气::CDQY2A-PC2-6型 船用主柴油机电气遥控系统说明书,电气::CDQY2A-PC2-6型 船用主柴油机电气遥控系统说明书::chunk_7
REL_000026,CDQY2A-PC2-6 型 船用主柴油机电气遥控系统,System,HAS_PARAMETER,CDQY2A-PC2-6 型 船用主柴油机电气遥控系统_高温高湿环境条件,Parameter,系统规定的环境温度工作范围,电气::CDQY2A-PC2-6型 船用主柴油机电气遥控系统说明书,电气::CDQY2A-PC2-6型 船用主柴油机电气遥控系统说明书::chunk_1
REL_000027,CDQY2A-PC2-6 型 船用主柴油机电气遥控系统,System,HAS_PARAMETER,CDQY2A-PC2-6 型 船用主柴油机电气遥控系统_齿轮箱脱排指令,Parameter,遥控系统具备控制齿轮箱脱排的命令参数,电气::CDQY2A-PC2-6型 船用主柴油机电气遥控系统说明书,电气::CDQY2A-PC2-6型 船用主柴油机电气遥控系统说明书::chunk_23
REL_000028,CDQY2A-PC2-6 型 船用主柴油机电气遥控系统,System,HAS_SAFETY_NOTE,CDQY2A-PC2-6 型 船用主柴油机电气遥控系统_减速停车预报警,SafetyNote,系统在驾驶室遥控时必须具备减速停车预报警的安全功能,电气::CDQY2A-PC2-6型 船用主柴油机电气遥控系统说明书,电气::CDQY2A-PC2-6型 船用主柴油机电气遥控系统说明书::chunk_5
REL_000029,CDQY2A-PC2-6 型 船用主柴油机电气遥控系统,System,HAS_SAFETY_NOTE,CDQY2A-PC2-6 型 船用主柴油机电气遥控系统_遥控控制单元_PLC 微机_防异物进入要求,SafetyNote,系统整体需符合相关船级社建造规范,电气::CDQY2A-PC2-6型 船用主柴油机电气遥控系统说明书,电气::CDQY2A-PC2-6型 船用主柴油机电气遥控系统说明书::chunk_3
REL_000030,CDQY2A-PC2-6 型 船用主柴油机电气遥控系统,System,MONITORS,船舶_主推进系统,System,遥控系统监测主推进系统状态以提供减速停车预报警,电气::CDQY2A-PC2-6型 船用主柴油机电气遥控系统说明书,电气::CDQY2A-PC2-6型 船用主柴油机电气遥控系统说明书::chunk_5
REL_000031,CDQY2A-PC2-6 型 船用主柴油机电气遥控系统,System,REQUIRES,CDQY2A-PC2-6 型 船用主柴油机电气遥控系统_气源,Component,系统气动遥控功能依赖气源供应,电气::CDQY2A-PC2-6型 船用主柴油机电气遥控系统说明书,电气::CDQY2A-PC2-6型 船用主柴油机电气遥控系统说明书::chunk_1
REL_000032,CDQY2A-PC2-6 型 船用主柴油机电气遥控系统,System,REQUIRES,CDQY2A-PC2-6 型 船用主柴油机电气遥控系统_联系厂家维修 PLC,RepairMethod,系统管路安装前必须执行吹净维护步骤,电气::CDQY2A-PC2-6型 船用主柴油机电气遥控系统说明书,电气::CDQY2A-PC2-6型 船用主柴油机电气遥控系统说明书::chunk_4
REL_000033,CDQY2A-PC2-6 型 船用主柴油机电气遥控系统,System,REQUIRES,船舶_机舱遥控专用低压气瓶,Equipment,系统运行依赖机舱遥控专用低压气瓶提供气源,电气::CDQY2A-PC2-6型 船用主柴油机电气遥控系统说明书,电气::CDQY2A-PC2-6型 船用主柴油机电气遥控系统说明书::chunk_3
REL_000034,CDQY2A-PC2-6 型 船用主柴油机电气遥控系统_PLC 微机工作不正常,FaultPhenomenon,REPAIRED_BY,CDQY2A-PC2-6 型 船用主柴油机电气遥控系统_联系厂家维修 PLC,RepairMethod,PLC 故障时的指定维修处理方式,电气::CDQY2A-PC2-6型 船用主柴油机电气遥控系统说明书,电气::CDQY2A-PC2-6型 船用主柴油机电气遥控系统说明书::chunk_27
REL_000035,CDQY2A-PC2-6 型 船用主柴油机电气遥控系统_安全系统,Equipment,CONTROLS,CDQY2A-PC2-6 型 船用主柴油机电气遥控系统_遥控台,Equipment,安全系统独立发送故障降速或停车信号控制遥控单元,电气::CDQY2A-PC2-6型 船用主柴油机电气遥控系统说明书,电气::CDQY2A-PC2-6型 船用主柴油机电气遥控系统说明书::chunk_19
REL_000036,CDQY2A-PC2-6 型 船用主柴油机电气遥控系统_安全系统,Equipment,HAS_COMPONENT,CDQY2A-PC2-6 型 船用主柴油机电气遥控系统_安全系统_停车电磁阀,Component,安全系统配备停车电磁阀用于紧急断油,电气::CDQY2A-PC2-6型 船用主柴油机电气遥控系统说明书,电气::CDQY2A-PC2-6型 船用主柴油机电气遥控系统说明书::chunk_19
REL_000037,CDQY2A-PC2-6 型 船用主柴油机电气遥控系统_安全系统_停车电磁阀,Component,CONTROLS,船舶_主推进系统_陕柴 PC2-6 型船用主机,Equipment,停车电磁阀动作直接控制主机断油停车,电气::CDQY2A-PC2-6型 船用主柴油机电气遥控系统说明书,电气::CDQY2A-PC2-6型 船用主柴油机电气遥控系统说明书::chunk_19
REL_000038,CDQY2A-PC2-6 型 船用主柴油机电气遥控系统_机旁合排转速差限制,SafetyNote,PREVENTS,船舶_主推进系统_气控换向齿轮箱_齿轮箱离合器,Component,限制合排转速差可防止齿轮箱离合器因冲击过大而损坏,电气::CDQY2A-PC2-6型 船用主柴油机电气遥控系统说明书,电气::CDQY2A-PC2-6型 船用主柴油机电气遥控系统说明书::chunk_20
REL_000039,CDQY2A-PC2-6 型 船用主柴油机电气遥控系统_机舱控制箱,Equipment,CONNECTS_TO,CDQY2A-PC2-6 型 船用主柴油机电气遥控系统_机舱控制箱,Equipment,阀箱设备安装位置邻近机舱控制箱，存在物理连接关系,电气::CDQY2A-PC2-6型 船用主柴油机电气遥控系统说明书,电气::CDQY2A-PC2-6型 船用主柴油机电气遥控系统说明书::chunk_15
REL_000040,CDQY2A-PC2-6 型 船用主柴油机电气遥控系统_机舱控制箱,Equipment,CONNECTS_TO,CDQY2A-PC2-6 型 船用主柴油机电气遥控系统_辅车钟单元,Equipment,机舱控制箱组合连接辅车钟单元以实现机旁通讯,电气::CDQY2A-PC2-6型 船用主柴油机电气遥控系统说明书,电气::CDQY2A-PC2-6型 船用主柴油机电气遥控系统说明书::chunk_14
REL_000041,CDQY2A-PC2-6 型 船用主柴油机电气遥控系统_机舱控制箱,Equipment,CONNECTS_TO,驾驶室_主车钟,Equipment,机舱控制箱与驾驶室主车钟连接以接收运行指令,电气::CDQY2A-PC2-6型 船用主柴油机电气遥控系统说明书,电气::CDQY2A-PC2-6型 船用主柴油机电气遥控系统说明书::chunk_14
REL_000042,CDQY2A-PC2-6 型 船用主柴油机电气遥控系统_机舱控制箱,Equipment,CONTROLS,船舶_主推进系统_陕柴 PC2-6 型船用主机_主柴油机调速器_PG（WOODWORD）型调速器,Component,机旁操纵时人工通过机舱控制箱区域操纵调速器气动执行器,电气::CDQY2A-PC2-6型 船用主柴油机电气遥控系统说明书,电气::CDQY2A-PC2-6型 船用主柴油机电气遥控系统说明书::chunk_18
REL_000043,CDQY2A-PC2-6 型 船用主柴油机电气遥控系统_机舱控制箱,Equipment,HAS_COMPONENT,CDQY2A-PC2-6 型 船用主柴油机电气遥控系统_机舱控制箱_蜂鸣器,Component,机舱控制箱内装有蜂鸣器用于发出声响报警信号,电气::CDQY2A-PC2-6型 船用主柴油机电气遥控系统说明书,电气::CDQY2A-PC2-6型 船用主柴油机电气遥控系统说明书::chunk_20
REL_000044,CDQY2A-PC2-6 型 船用主柴油机电气遥控系统_机舱控制箱,Equipment,HAS_COMPONENT,CDQY2A-PC2-6 型 船用主柴油机电气遥控系统_遥控显示控制板,Component,阀箱内部包含比例阀组件,电气::CDQY2A-PC2-6型 船用主柴油机电气遥控系统说明书,电气::CDQY2A-PC2-6型 船用主柴油机电气遥控系统说明书::chunk_7
REL_000045,CDQY2A-PC2-6 型 船用主柴油机电气遥控系统_机舱控制箱,Equipment,HAS_COMPONENT,CDQY2A-PC2-6 型 船用主柴油机电气遥控系统_阀箱_膜片执行器,Component,阀箱内部包含膜片执行器组件,电气::CDQY2A-PC2-6型 船用主柴油机电气遥控系统说明书,电气::CDQY2A-PC2-6型 船用主柴油机电气遥控系统说明书::chunk_7
REL_000046,CDQY2A-PC2-6 型 船用主柴油机电气遥控系统_机舱控制箱,Equipment,HAS_FAULT,CDQY2A-PC2-6 型 船用主柴油机电气遥控系统_遥控面板显示异常,FaultPhenomenon,阀箱设备可能发生阀件损坏故障,电气::CDQY2A-PC2-6型 船用主柴油机电气遥控系统说明书,电气::CDQY2A-PC2-6型 船用主柴油机电气遥控系统说明书::chunk_4
REL_000047,CDQY2A-PC2-6 型 船用主柴油机电气遥控系统_机舱控制箱,Equipment,HAS_PARAMETER,CDQY2A-PC2-6 型 船用主柴油机电气遥控系统_双气源净化装置_输出气压 0.6MPa,Parameter,机舱控制箱设备具备特定的防护等级参数,电气::CDQY2A-PC2-6型 船用主柴油机电气遥控系统说明书,电气::CDQY2A-PC2-6型 船用主柴油机电气遥控系统说明书::chunk_2
REL_000048,CDQY2A-PC2-6 型 船用主柴油机电气遥控系统_机舱控制箱,Equipment,HAS_SAFETY_NOTE,CDQY2A-PC2-6 型 船用主柴油机电气遥控系统_机舱设备便于观察与单人操车要求,SafetyNote,控制箱安装位置需满足便于观察和不影响主机操作的安全要求,电气::CDQY2A-PC2-6型 船用主柴油机电气遥控系统说明书,电气::CDQY2A-PC2-6型 船用主柴油机电气遥控系统说明书::chunk_3
REL_000049,CDQY2A-PC2-6 型 船用主柴油机电气遥控系统_机舱控制箱,Equipment,HAS_SAFETY_NOTE,CDQY2A-PC2-6 型 船用主柴油机电气遥控系统_遥控控制单元_PLC 微机_防异物进入要求,SafetyNote,机舱控制箱安装需遵循距离主机调速手柄较近的安全要求,电气::CDQY2A-PC2-6型 船用主柴油机电气遥控系统说明书,电气::CDQY2A-PC2-6型 船用主柴油机电气遥控系统说明书::chunk_14
REL_000050,CDQY2A-PC2-6 型 船用主柴油机电气遥控系统_机舱控制箱,Equipment,MONITORS,船舶_主推进系统_陕柴 PC2-6 型船用主机,Equipment,机舱控制箱监测主机操作状态及运行指令,电气::CDQY2A-PC2-6型 船用主柴油机电气遥控系统说明书,电气::CDQY2A-PC2-6型 船用主柴油机电气遥控系统说明书::chunk_14
REL_000051,CDQY2A-PC2-6 型 船用主柴油机电气遥控系统_气源,Component,CONNECTS_TO,CDQY2A-PC2-6 型 船用主柴油机电气遥控系统_机舱控制箱,Equipment,双气源净化装置输出清洁气源连接至机舱阀箱,电气::CDQY2A-PC2-6型 船用主柴油机电气遥控系统说明书,电气::CDQY2A-PC2-6型 船用主柴油机电气遥控系统说明书::chunk_16
REL_000052,CDQY2A-PC2-6 型 船用主柴油机电气遥控系统_气源,Component,DIAGNOSED_BY,CDQY2A-PC2-6 型 船用主柴油机电气遥控系统_调试_遥控操纵功能检查,DiagnosticMethod,气源净化装置的定期诊断检查方法,电气::CDQY2A-PC2-6型 船用主柴油机电气遥控系统说明书,电气::CDQY2A-PC2-6型 船用主柴油机电气遥控系统说明书::chunk_27
REL_000053,CDQY2A-PC2-6 型 船用主柴油机电气遥控系统_气源,Component,HAS_COMPONENT,CDQY2A-PC2-6 型 船用主柴油机电气遥控系统_气源,Component,双气源净化装置包含开关阀作为其核心控制组件,电气::CDQY2A-PC2-6型 船用主柴油机电气遥控系统说明书,电气::CDQY2A-PC2-6型 船用主柴油机电气遥控系统说明书::chunk_16
REL_000054,CDQY2A-PC2-6 型 船用主柴油机电气遥控系统_气源,Component,HAS_COMPONENT,CDQY2A-PC2-6 型 船用主柴油机电气遥控系统_遥控显示控制板,Component,气源组件内部包含空气过滤器作为关键子部件,电气::CDQY2A-PC2-6型 船用主柴油机电气遥控系统说明书,电气::CDQY2A-PC2-6型 船用主柴油机电气遥控系统说明书::chunk_6
REL_000055,CDQY2A-PC2-6 型 船用主柴油机电气遥控系统_气源,Component,HAS_PARAMETER,CDQY2A-PC2-6 型 船用主柴油机电气遥控系统_双气源净化装置_输出气压 0.6MPa,Parameter,气源组件运行需满足特定的工作压力参数,电气::CDQY2A-PC2-6型 船用主柴油机电气遥控系统说明书,电气::CDQY2A-PC2-6型 船用主柴油机电气遥控系统说明书::chunk_6
REL_000056,CDQY2A-PC2-6 型 船用主柴油机电气遥控系统_气源,Component,HAS_SAFETY_NOTE,CDQY2A-PC2-6 型 船用主柴油机电气遥控系统_遥控控制单元_PLC 微机_防异物进入要求,SafetyNote,气源处理装置安装需靠近气瓶并便于操作,电气::CDQY2A-PC2-6型 船用主柴油机电气遥控系统说明书,电气::CDQY2A-PC2-6型 船用主柴油机电气遥控系统说明书::chunk_3
REL_000057,CDQY2A-PC2-6 型 船用主柴油机电气遥控系统_气源,Component,REPAIRED_BY,CDQY2A-PC2-6 型 船用主柴油机电气遥控系统_联系厂家维修 PLC,RepairMethod,气源净化装置的定期保养维护方法,电气::CDQY2A-PC2-6型 船用主柴油机电气遥控系统说明书,电气::CDQY2A-PC2-6型 船用主柴油机电气遥控系统说明书::chunk_27
REL_000058,CDQY2A-PC2-6 型 船用主柴油机电气遥控系统_气源,Component,REQUIRES,船舶_机舱遥控专用低压气瓶,Equipment,双气源净化装置依赖船厂配置的低压气瓶提供初始气源,电气::CDQY2A-PC2-6型 船用主柴油机电气遥控系统说明书,电气::CDQY2A-PC2-6型 船用主柴油机电气遥控系统说明书::chunk_16
REL_000059,CDQY2A-PC2-6 型 船用主柴油机电气遥控系统_联系厂家维修 PLC,RepairMethod,PREVENTS,CDQY2A-PC2-6 型 船用主柴油机电气遥控系统_管路堵塞,FaultPhenomenon,吹净维护可有效防止管路堵塞故障,电气::CDQY2A-PC2-6型 船用主柴油机电气遥控系统说明书,电气::CDQY2A-PC2-6型 船用主柴油机电气遥控系统说明书::chunk_4
REL_000060,CDQY2A-PC2-6 型 船用主柴油机电气遥控系统_联系厂家维修 PLC,RepairMethod,PREVENTS,CDQY2A-PC2-6 型 船用主柴油机电气遥控系统_遥控面板显示异常,FaultPhenomenon,吹净维护可有效防止阀件被杂物损坏,电气::CDQY2A-PC2-6型 船用主柴油机电气遥控系统说明书,电气::CDQY2A-PC2-6型 船用主柴油机电气遥控系统说明书::chunk_4
REL_000061,CDQY2A-PC2-6 型 船用主柴油机电气遥控系统_调试_遥控操纵功能检查,DiagnosticMethod,HAS_PARAMETER,CDQY2A-PC2-6 型 船用主柴油机电气遥控系统_1.25 倍额定气压试验值,Parameter,气压试验方法依赖 1.25 倍额定气压参数,电气::CDQY2A-PC2-6型 船用主柴油机电气遥控系统说明书,电气::CDQY2A-PC2-6型 船用主柴油机电气遥控系统说明书::chunk_4
REL_000062,CDQY2A-PC2-6 型 船用主柴油机电气遥控系统_调试_遥控操纵功能检查,DiagnosticMethod,HAS_PARAMETER,CDQY2A-PC2-6 型 船用主柴油机电气遥控系统_失气报警阈值 0.45MPa,Parameter,失气报警试验需将气源降至 0.45MPa 触发报警,电气::CDQY2A-PC2-6型 船用主柴油机电气遥控系统说明书,电气::CDQY2A-PC2-6型 船用主柴油机电气遥控系统说明书::chunk_25
REL_000063,CDQY2A-PC2-6 型 船用主柴油机电气遥控系统_调试_遥控操纵功能检查,DiagnosticMethod,HAS_PARAMETER,CDQY2A-PC2-6 型 船用主柴油机电气遥控系统_最大合排时间 2 秒,Parameter,换向程序调整需满足 6-8 秒的换向时间参数,电气::CDQY2A-PC2-6型 船用主柴油机电气遥控系统说明书,电气::CDQY2A-PC2-6型 船用主柴油机电气遥控系统说明书::chunk_25
REL_000064,CDQY2A-PC2-6 型 船用主柴油机电气遥控系统_调试_遥控操纵功能检查,DiagnosticMethod,HAS_PARAMETER,CDQY2A-PC2-6 型 船用主柴油机电气遥控系统_脱排延时 2 秒,Parameter,换向程序调整需满足 2 秒的脱排延时参数,电气::CDQY2A-PC2-6型 船用主柴油机电气遥控系统说明书,电气::CDQY2A-PC2-6型 船用主柴油机电气遥控系统说明书::chunk_25
REL_000065,CDQY2A-PC2-6 型 船用主柴油机电气遥控系统_调试_遥控操纵功能检查,DiagnosticMethod,REQUIRES,CDQY2A-PC2-6 型 船用主柴油机电气遥控系统_机舱控制箱,Equipment,机旁操纵调试需确认机舱控制箱上的机旁灯及开关状态,电气::CDQY2A-PC2-6型 船用主柴油机电气遥控系统说明书,电气::CDQY2A-PC2-6型 船用主柴油机电气遥控系统说明书::chunk_25
REL_000066,CDQY2A-PC2-6 型 船用主柴油机电气遥控系统_调试_遥控操纵功能检查,DiagnosticMethod,REQUIRES,CDQY2A-PC2-6 型 船用主柴油机电气遥控系统_气源,Component,换向程序调整需接通电源和气源,电气::CDQY2A-PC2-6型 船用主柴油机电气遥控系统说明书,电气::CDQY2A-PC2-6型 船用主柴油机电气遥控系统说明书::chunk_25
REL_000067,CDQY2A-PC2-6 型 船用主柴油机电气遥控系统_调试_遥控操纵功能检查,DiagnosticMethod,REQUIRES,CDQY2A-PC2-6 型 船用主柴油机电气遥控系统_遥控显示控制板,Component,试灯功能检查依赖试灯按钮进行操作,电气::CDQY2A-PC2-6型 船用主柴油机电气遥控系统说明书,电气::CDQY2A-PC2-6型 船用主柴油机电气遥控系统说明书::chunk_24
REL_000068,CDQY2A-PC2-6 型 船用主柴油机电气遥控系统_调试_遥控操纵功能检查,DiagnosticMethod,REQUIRES,CDQY2A-PC2-6 型 船用主柴油机电气遥控系统_阀箱_膜片执行器,Component,调速机构调整需确保膜片执行器位移与调速手柄同步,电气::CDQY2A-PC2-6型 船用主柴油机电气遥控系统说明书,电气::CDQY2A-PC2-6型 船用主柴油机电气遥控系统说明书::chunk_25
REL_000069,CDQY2A-PC2-6 型 船用主柴油机电气遥控系统_调试_遥控操纵功能检查,DiagnosticMethod,REQUIRES,CDQY2A-PC2-6 型 船用主柴油机电气遥控系统_齿轮箱油压检测板,Component,通电调整调速机构时需有齿轮箱油压信号输出,电气::CDQY2A-PC2-6型 船用主柴油机电气遥控系统说明书,电气::CDQY2A-PC2-6型 船用主柴油机电气遥控系统说明书::chunk_25
REL_000070,CDQY2A-PC2-6 型 船用主柴油机电气遥控系统_转速测量显示单元,Equipment,HAS_COMPONENT,CDQY2A-PC2-6 型 船用主柴油机电气遥控系统_转速测量显示单元_主机测速探头盒,Component,转速测量显示单元包含主机测速探头作为核心测量部件,电气::CDQY2A-PC2-6型 船用主柴油机电气遥控系统说明书,电气::CDQY2A-PC2-6型 船用主柴油机电气遥控系统说明书::chunk_13
REL_000071,CDQY2A-PC2-6 型 船用主柴油机电气遥控系统_转速测量显示单元,Equipment,HAS_COMPONENT,CDQY2A-PC2-6 型 船用主柴油机电气遥控系统_转速测量显示单元_测速齿盘,Component,转速测量显示单元包含测速齿盘作为尾轴测速信号源,电气::CDQY2A-PC2-6型 船用主柴油机电气遥控系统说明书,电气::CDQY2A-PC2-6型 船用主柴油机电气遥控系统说明书::chunk_13
REL_000072,CDQY2A-PC2-6 型 船用主柴油机电气遥控系统_转速测量显示单元,Equipment,MONITORS,CDQY2A-PC2-6 型 船用主柴油机电气遥控系统_转速测量显示单元_测速齿盘,Component,转速测量显示单元通过磁感应监测测速齿盘旋转以获取尾轴转速,电气::CDQY2A-PC2-6型 船用主柴油机电气遥控系统说明书,电气::CDQY2A-PC2-6型 船用主柴油机电气遥控系统说明书::chunk_13
REL_000073,CDQY2A-PC2-6 型 船用主柴油机电气遥控系统_转速测量显示单元,Equipment,MONITORS,船舶_主推进系统_陕柴 PC2-6 型船用主机_主机飞轮,Component,转速测量显示单元通过磁感应监测主机飞轮旋转以获取转速,电气::CDQY2A-PC2-6型 船用主柴油机电气遥控系统说明书,电气::CDQY2A-PC2-6型 船用主柴油机电气遥控系统说明书::chunk_13
REL_000074,CDQY2A-PC2-6 型 船用主柴油机电气遥控系统_转速测量显示单元_主机测速探头盒,Component,CONNECTS_TO,CDQY2A-PC2-6 型 船用主柴油机电气遥控系统_转速测量显示单元_主机测速探头盒,Component,主机测速探头物理安装于主机测速探头盒内,电气::CDQY2A-PC2-6型 船用主柴油机电气遥控系统说明书,电气::CDQY2A-PC2-6型 船用主柴油机电气遥控系统说明书::chunk_13
REL_000075,CDQY2A-PC2-6 型 船用主柴油机电气遥控系统_辅车钟单元,Equipment,CONNECTS_TO,CDQY2A-PC2-6 型 船用主柴油机电气遥控系统_机舱控制箱,Equipment,辅车钟单元与机舱控制箱进行中央集控站联络,电气::CDQY2A-PC2-6型 船用主柴油机电气遥控系统说明书,电气::CDQY2A-PC2-6型 船用主柴油机电气遥控系统说明书::chunk_12
REL_000076,CDQY2A-PC2-6 型 船用主柴油机电气遥控系统_辅车钟单元,Equipment,CONNECTS_TO,CDQY2A-PC2-6 型 船用主柴油机电气遥控系统_遥控显示控制板,Component,操纵部位转换需通过辅车钟相互联系并控制转换气阀,电气::CDQY2A-PC2-6型 船用主柴油机电气遥控系统说明书,电气::CDQY2A-PC2-6型 船用主柴油机电气遥控系统说明书::chunk_18
REL_000077,CDQY2A-PC2-6 型 船用主柴油机电气遥控系统_辅车钟单元,Equipment,CONNECTS_TO,船舶_主推进系统_陕柴 PC2-6 型船用主机,Equipment,辅车钟单元与机旁主推进装置附近进行联络,电气::CDQY2A-PC2-6型 船用主柴油机电气遥控系统说明书,电气::CDQY2A-PC2-6型 船用主柴油机电气遥控系统说明书::chunk_12
REL_000078,CDQY2A-PC2-6 型 船用主柴油机电气遥控系统_辅车钟单元,Equipment,CONNECTS_TO,驾驶室_主车钟,Equipment,辅车钟单元与驾驶室主车钟进行控制位置联络,电气::CDQY2A-PC2-6型 船用主柴油机电气遥控系统说明书,电气::CDQY2A-PC2-6型 船用主柴油机电气遥控系统说明书::chunk_12
REL_000079,CDQY2A-PC2-6 型 船用主柴油机电气遥控系统_辅车钟单元,Equipment,HAS_COMPONENT,CDQY2A-PC2-6 型 船用主柴油机电气遥控系统_辅车钟单元_切换开关,Component,辅车钟单元内部包含用于位置选择的切换开关组件,电气::CDQY2A-PC2-6型 船用主柴油机电气遥控系统说明书,电气::CDQY2A-PC2-6型 船用主柴油机电气遥控系统说明书::chunk_12
REL_000080,CDQY2A-PC2-6 型 船用主柴油机电气遥控系统_辅车钟单元,Equipment,HAS_PARAMETER,CDQY2A-PC2-6 型 船用主柴油机电气遥控系统_辅车钟单元_工作角色模式,Parameter,辅车钟单元根据操纵位置不同扮演发令器、回令器或复示器角色,电气::CDQY2A-PC2-6型 船用主柴油机电气遥控系统说明书,电气::CDQY2A-PC2-6型 船用主柴油机电气遥控系统说明书::chunk_12
REL_000081,CDQY2A-PC2-6 型 船用主柴油机电气遥控系统_辅车钟单元,Equipment,HAS_PARAMETER,CDQY2A-PC2-6 型 船用主柴油机电气遥控系统_辅车钟单元_联络信号内容,Parameter,辅车钟单元用于传输控制位置转换及备车完车请求应答信号,电气::CDQY2A-PC2-6型 船用主柴油机电气遥控系统说明书,电气::CDQY2A-PC2-6型 船用主柴油机电气遥控系统说明书::chunk_12
REL_000082,CDQY2A-PC2-6 型 船用主柴油机电气遥控系统_辅车钟单元_切换开关,Component,HAS_PARAMETER,CDQY2A-PC2-6 型 船用主柴油机电气遥控系统_辅车钟单元_切换开关档位设置,Parameter,切换开关支持驾控、机控、备车、完车四种档位设置,电气::CDQY2A-PC2-6型 船用主柴油机电气遥控系统说明书,电气::CDQY2A-PC2-6型 船用主柴油机电气遥控系统说明书::chunk_12
REL_000083,CDQY2A-PC2-6 型 船用主柴油机电气遥控系统_遥控台,Equipment,DIAGNOSED_BY,CDQY2A-PC2-6 型 船用主柴油机电气遥控系统_调试_遥控操纵功能检查,DiagnosticMethod,遥控台指示灯功能需通过试灯检查验证,电气::CDQY2A-PC2-6型 船用主柴油机电气遥控系统说明书,电气::CDQY2A-PC2-6型 船用主柴油机电气遥控系统说明书::chunk_24
REL_000084,CDQY2A-PC2-6 型 船用主柴油机电气遥控系统_遥控台,Equipment,HAS_COMPONENT,CDQY2A-PC2-6 型 船用主柴油机电气遥控系统_电源_一体化开关电源,Component,电源设备包含一体化开关电源模块进行电压转换,电气::CDQY2A-PC2-6型 船用主柴油机电气遥控系统说明书,电气::CDQY2A-PC2-6型 船用主柴油机电气遥控系统说明书::chunk_15
REL_000085,CDQY2A-PC2-6 型 船用主柴油机电气遥控系统_遥控台,Equipment,HAS_COMPONENT,CDQY2A-PC2-6 型 船用主柴油机电气遥控系统_电源_蓄电池,Component,电源设备包含蓄电池作为备用供电组件,电气::CDQY2A-PC2-6型 船用主柴油机电气遥控系统说明书,电气::CDQY2A-PC2-6型 船用主柴油机电气遥控系统说明书::chunk_15
REL_000086,CDQY2A-PC2-6 型 船用主柴油机电气遥控系统_遥控台,Equipment,HAS_COMPONENT,CDQY2A-PC2-6 型 船用主柴油机电气遥控系统_遥控台_调光旋钮,Component,遥控台包含调光旋钮用于调节指示灯亮度,电气::CDQY2A-PC2-6型 船用主柴油机电气遥控系统说明书,电气::CDQY2A-PC2-6型 船用主柴油机电气遥控系统说明书::chunk_24
REL_000087,CDQY2A-PC2-6 型 船用主柴油机电气遥控系统_遥控台,Equipment,HAS_COMPONENT,CDQY2A-PC2-6 型 船用主柴油机电气遥控系统_遥控显示控制板,Component,遥控台内部包含遥控操纵器作为核心操纵部件,电气::CDQY2A-PC2-6型 船用主柴油机电气遥控系统说明书,电气::CDQY2A-PC2-6型 船用主柴油机电气遥控系统说明书::chunk_5
REL_000088,CDQY2A-PC2-6 型 船用主柴油机电气遥控系统_遥控台,Equipment,HAS_PARAMETER,CDQY2A-PC2-6 型 船用主柴油机电气遥控系统_临界转速上限,Parameter,遥控控制单元存储临界转速上限参数用于自动避障,电气::CDQY2A-PC2-6型 船用主柴油机电气遥控系统说明书,电气::CDQY2A-PC2-6型 船用主柴油机电气遥控系统说明书::chunk_19
REL_000089,CDQY2A-PC2-6 型 船用主柴油机电气遥控系统_遥控台,Equipment,HAS_PARAMETER,CDQY2A-PC2-6 型 船用主柴油机电气遥控系统_双气源净化装置_输出气压 0.6MPa,Parameter,遥控台设备具备特定的防护等级参数,电气::CDQY2A-PC2-6型 船用主柴油机电气遥控系统说明书,电气::CDQY2A-PC2-6型 船用主柴油机电气遥控系统说明书::chunk_2
REL_000090,CDQY2A-PC2-6 型 船用主柴油机电气遥控系统_遥控台,Equipment,HAS_SAFETY_NOTE,CDQY2A-PC2-6 型 船用主柴油机电气遥控系统_遥控控制单元_PLC 微机_防异物进入要求,SafetyNote,遥控台安装位置被限定在驾驶室内,电气::CDQY2A-PC2-6型 船用主柴油机电气遥控系统说明书,电气::CDQY2A-PC2-6型 船用主柴油机电气遥控系统说明书::chunk_3
REL_000091,CDQY2A-PC2-6 型 船用主柴油机电气遥控系统_遥控控制单元_PLC 微机_防异物进入要求,SafetyNote,HAS_PARAMETER,CDQY2A-PC2-6 型 船用主柴油机电气遥控系统_减震橡胶垫规格,Parameter,防震安装要求依赖减震橡胶垫规格参数,电气::CDQY2A-PC2-6型 船用主柴油机电气遥控系统说明书,电气::CDQY2A-PC2-6型 船用主柴油机电气遥控系统说明书::chunk_4
REL_000092,CDQY2A-PC2-6 型 船用主柴油机电气遥控系统_遥控控制单元_PLC 微机_防异物进入要求,SafetyNote,PREVENTS,CDQY2A-PC2-6 型 船用主柴油机电气遥控系统_遥控面板显示异常,FaultPhenomenon,防护要求可防止装置表面被异物损坏,电气::CDQY2A-PC2-6型 船用主柴油机电气遥控系统说明书,电气::CDQY2A-PC2-6型 船用主柴油机电气遥控系统说明书::chunk_4
REL_000093,CDQY2A-PC2-6 型 船用主柴油机电气遥控系统_遥控显示控制板,Component,CAUSED_BY,CDQY2A-PC2-6 型 船用主柴油机电气遥控系统_重要参数故障,FaultCause,气源压力低于整定值会导致失气自保阀得电动作,电气::CDQY2A-PC2-6型 船用主柴油机电气遥控系统说明书,电气::CDQY2A-PC2-6型 船用主柴油机电气遥控系统说明书::chunk_20
REL_000094,CDQY2A-PC2-6 型 船用主柴油机电气遥控系统_遥控显示控制板,Component,CONNECTS_TO,CDQY2A-PC2-6 型 船用主柴油机电气遥控系统_遥控台,Equipment,遥控操纵器发出的控制命令直接连接至主控制单元,电气::CDQY2A-PC2-6型 船用主柴油机电气遥控系统说明书,电气::CDQY2A-PC2-6型 船用主柴油机电气遥控系统说明书::chunk_23
REL_000095,CDQY2A-PC2-6 型 船用主柴油机电气遥控系统_遥控显示控制板,Component,CONTROLS,CDQY2A-PC2-6 型 船用主柴油机电气遥控系统,System,PLC 微机通过逻辑运算控制整个遥控系统的调速与换向功能,电气::CDQY2A-PC2-6型 船用主柴油机电气遥控系统说明书,电气::CDQY2A-PC2-6型 船用主柴油机电气遥控系统说明书::chunk_9
REL_000096,CDQY2A-PC2-6 型 船用主柴油机电气遥控系统_遥控显示控制板,Component,CONTROLS,CDQY2A-PC2-6 型 船用主柴油机电气遥控系统_安全系统_停车电磁阀,Component,紧急停车按钮动作控制停车电磁阀切断回路,电气::CDQY2A-PC2-6型 船用主柴油机电气遥控系统说明书,电气::CDQY2A-PC2-6型 船用主柴油机电气遥控系统说明书::chunk_25
REL_000097,CDQY2A-PC2-6 型 船用主柴油机电气遥控系统_遥控显示控制板,Component,CONTROLS,CDQY2A-PC2-6 型 船用主柴油机电气遥控系统_遥控显示控制板,Component,PLC 微机控制阀箱内的正倒车换向电磁阀实现合排,电气::CDQY2A-PC2-6型 船用主柴油机电气遥控系统说明书,电气::CDQY2A-PC2-6型 船用主柴油机电气遥控系统说明书::chunk_19
REL_000098,CDQY2A-PC2-6 型 船用主柴油机电气遥控系统_遥控显示控制板,Component,CONTROLS,船舶_主推进系统_气控换向齿轮箱,Equipment,操纵器发出齿轮箱离合器正倒转指令信号控制该设备,电气::CDQY2A-PC2-6型 船用主柴油机电气遥控系统说明书,电气::CDQY2A-PC2-6型 船用主柴油机电气遥控系统说明书::chunk_10
REL_000099,CDQY2A-PC2-6 型 船用主柴油机电气遥控系统_遥控显示控制板,Component,CONTROLS,船舶_主推进系统_气控换向齿轮箱_液压离合器控制导阀,Component,三位置气动操纵阀产生的气信号推动液压离合器控制导阀动作,电气::CDQY2A-PC2-6型 船用主柴油机电气遥控系统说明书,电气::CDQY2A-PC2-6型 船用主柴油机电气遥控系统说明书::chunk_18
REL_000100,CDQY2A-PC2-6 型 船用主柴油机电气遥控系统_遥控显示控制板,Component,CONTROLS,船舶_主推进系统_气控换向齿轮箱_齿轮箱离合器,Component,机旁控制阀直接操纵齿轮箱离合器进行正倒车合排或脱排,电气::CDQY2A-PC2-6型 船用主柴油机电气遥控系统说明书,电气::CDQY2A-PC2-6型 船用主柴油机电气遥控系统说明书::chunk_20
REL_000101,CDQY2A-PC2-6 型 船用主柴油机电气遥控系统_遥控显示控制板,Component,CONTROLS,船舶_主推进系统_陕柴 PC2-6 型船用主机_主柴油机调速器_PG（WOODWORD）型调速器,Component,驾驶室遥控时电/气转换器输出转速设定信号控制调速器,电气::CDQY2A-PC2-6型 船用主柴油机电气遥控系统说明书,电气::CDQY2A-PC2-6型 船用主柴油机电气遥控系统说明书::chunk_18
REL_000102,CDQY2A-PC2-6 型 船用主柴油机电气遥控系统_遥控显示控制板,Component,DIAGNOSED_BY,CDQY2A-PC2-6 型 船用主柴油机电气遥控系统_机舱控制箱_蜂鸣器,Component,操作试验按钮可诊断蜂鸣器及指示灯是否完好,电气::CDQY2A-PC2-6型 船用主柴油机电气遥控系统说明书,电气::CDQY2A-PC2-6型 船用主柴油机电气遥控系统说明书::chunk_20
REL_000103,CDQY2A-PC2-6 型 船用主柴油机电气遥控系统_遥控显示控制板,Component,DIAGNOSED_BY,CDQY2A-PC2-6 型 船用主柴油机电气遥控系统_调试_遥控操纵功能检查,DiagnosticMethod,阀箱阀件的定期动作性能诊断方法,电气::CDQY2A-PC2-6型 船用主柴油机电气遥控系统说明书,电气::CDQY2A-PC2-6型 船用主柴油机电气遥控系统说明书::chunk_27
REL_000104,CDQY2A-PC2-6 型 船用主柴油机电气遥控系统_遥控显示控制板,Component,HAS_COMPONENT,CDQY2A-PC2-6 型 船用主柴油机电气遥控系统_遥控显示控制板,Component,遥控显示控制板集成应急停车按钮作为关键安全操作部件,电气::CDQY2A-PC2-6型 船用主柴油机电气遥控系统说明书,电气::CDQY2A-PC2-6型 船用主柴油机电气遥控系统说明书::chunk_11
REL_000105,CDQY2A-PC2-6 型 船用主柴油机电气遥控系统_遥控显示控制板,Component,HAS_FAULT,CDQY2A-PC2-6 型 船用主柴油机电气遥控系统_PLC 微机工作不正常,FaultPhenomenon,PLC 微机可能出现的故障现象,电气::CDQY2A-PC2-6型 船用主柴油机电气遥控系统说明书,电气::CDQY2A-PC2-6型 船用主柴油机电气遥控系统说明书::chunk_27
REL_000106,CDQY2A-PC2-6 型 船用主柴油机电气遥控系统_遥控显示控制板,Component,HAS_FAULT,CDQY2A-PC2-6 型 船用主柴油机电气遥控系统_遥控面板显示异常,FaultPhenomenon,操作面板可能出现的显示故障现象,电气::CDQY2A-PC2-6型 船用主柴油机电气遥控系统说明书,电气::CDQY2A-PC2-6型 船用主柴油机电气遥控系统说明书::chunk_27
REL_000107,CDQY2A-PC2-6 型 船用主柴油机电气遥控系统_遥控显示控制板,Component,HAS_PARAMETER,CDQY2A-PC2-6 型 船用主柴油机电气遥控系统_双气源净化装置_输出气压 0.6MPa,Parameter,遥控操纵器具有输出转速给定气压参数,电气::CDQY2A-PC2-6型 船用主柴油机电气遥控系统说明书,电气::CDQY2A-PC2-6型 船用主柴油机电气遥控系统说明书::chunk_7
REL_000108,CDQY2A-PC2-6 型 船用主柴油机电气遥控系统_遥控显示控制板,Component,HAS_PARAMETER,CDQY2A-PC2-6 型 船用主柴油机电气遥控系统_空气过滤精度,Parameter,空气过滤器部件具备特定的过滤精度参数指标,电气::CDQY2A-PC2-6型 船用主柴油机电气遥控系统说明书,电气::CDQY2A-PC2-6型 船用主柴油机电气遥控系统说明书::chunk_6
REL_000109,CDQY2A-PC2-6 型 船用主柴油机电气遥控系统_遥控显示控制板,Component,HAS_PARAMETER,CDQY2A-PC2-6 型 船用主柴油机电气遥控系统_阀箱_比例阀_输出压力,Parameter,比例阀具有输出压力技术参数,电气::CDQY2A-PC2-6型 船用主柴油机电气遥控系统说明书,电气::CDQY2A-PC2-6型 船用主柴油机电气遥控系统说明书::chunk_7
REL_000110,CDQY2A-PC2-6 型 船用主柴油机电气遥控系统_遥控显示控制板,Component,HAS_SAFETY_NOTE,CDQY2A-PC2-6 型 船用主柴油机电气遥控系统_遥控控制单元_PLC 微机_防异物进入要求,SafetyNote,PLC 微机维护时需遵守防异物进入的安全要求,电气::CDQY2A-PC2-6型 船用主柴油机电气遥控系统说明书,电气::CDQY2A-PC2-6型 船用主柴油机电气遥控系统说明书::chunk_9
REL_000111,CDQY2A-PC2-6 型 船用主柴油机电气遥控系统_遥控显示控制板,Component,REPAIRED_BY,CDQY2A-PC2-6 型 船用主柴油机电气遥控系统_联系厂家维修 PLC,RepairMethod,阀箱过滤器的保养维护方法,电气::CDQY2A-PC2-6型 船用主柴油机电气遥控系统说明书,电气::CDQY2A-PC2-6型 船用主柴油机电气遥控系统说明书::chunk_27
REL_000112,CDQY2A-PC2-6 型 船用主柴油机电气遥控系统_遥控显示控制板,Component,REPAIRED_BY,CDQY2A-PC2-6 型 船用主柴油机电气遥控系统_遥控面板显示异常,FaultPhenomenon,按下复位按钮可修复故障降速状态并恢复转速,电气::CDQY2A-PC2-6型 船用主柴油机电气遥控系统说明书,电气::CDQY2A-PC2-6型 船用主柴油机电气遥控系统说明书::chunk_19
REL_000113,CDQY2A-PC2-6 型 船用主柴油机电气遥控系统_遥控调速机构_膜片气缸,Component,CONTROLS,船舶_主推进系统_陕柴 PC2-6 型船用主机_主柴油机调速器_PG（WOODWORD）型调速器,Component,遥控调速机构通过机械位移控制主机调速器从而调节转速,电气::CDQY2A-PC2-6型 船用主柴油机电气遥控系统说明书,电气::CDQY2A-PC2-6型 船用主柴油机电气遥控系统说明书::chunk_16
REL_000114,CDQY2A-PC2-6 型 船用主柴油机电气遥控系统_遥控调速机构_膜片气缸,Component,HAS_COMPONENT,CDQY2A-PC2-6 型 船用主柴油机电气遥控系统_遥控调速机构_膜片气缸,Component,遥控调速机构由膜片气缸作为核心执行元件组成,电气::CDQY2A-PC2-6型 船用主柴油机电气遥控系统说明书,电气::CDQY2A-PC2-6型 船用主柴油机电气遥控系统说明书::chunk_16
REL_000115,CDQY2A-PC2-6 型 船用主柴油机电气遥控系统_遥控面板显示异常,FaultPhenomenon,CAUSED_BY,CDQY2A-PC2-6 型 船用主柴油机电气遥控系统_双气源净化装置_输出气压 0.6MPa,Parameter,主机转速超过设定的超速阈值是导致超速停车的直接原因,电气::CDQY2A-PC2-6型 船用主柴油机电气遥控系统说明书,电气::CDQY2A-PC2-6型 船用主柴油机电气遥控系统说明书::chunk_20
REL_000116,CDQY2A-PC2-6 型 船用主柴油机电气遥控系统_遥控面板显示异常,FaultPhenomenon,CAUSED_BY,CDQY2A-PC2-6 型 船用主柴油机电气遥控系统_操纵命令与齿轮箱转向不一致,FaultCause,错向故障由操纵命令与齿轮箱转向不一致导致,电气::CDQY2A-PC2-6型 船用主柴油机电气遥控系统说明书,电气::CDQY2A-PC2-6型 船用主柴油机电气遥控系统说明书::chunk_21
REL_000117,CDQY2A-PC2-6 型 船用主柴油机电气遥控系统_遥控面板显示异常,FaultPhenomenon,CAUSED_BY,CDQY2A-PC2-6 型 船用主柴油机电气遥控系统_重要参数故障,FaultCause,电源中断是导致紧急状况需要直接操纵的原因之一,电气::CDQY2A-PC2-6型 船用主柴油机电气遥控系统说明书,电气::CDQY2A-PC2-6型 船用主柴油机电气遥控系统说明书::chunk_18
REL_000118,CDQY2A-PC2-6 型 船用主柴油机电气遥控系统_遥控面板显示异常,FaultPhenomenon,DIAGNOSED_BY,CDQY2A-PC2-6 型 船用主柴油机电气遥控系统_双气源净化装置_输出气压 0.6MPa,Parameter,主机立即停车状态通过故障应急状态指示显示,电气::CDQY2A-PC2-6型 船用主柴油机电气遥控系统说明书,电气::CDQY2A-PC2-6型 船用主柴油机电气遥控系统说明书::chunk_21
REL_000119,CDQY2A-PC2-6 型 船用主柴油机电气遥控系统_遥控面板显示异常,FaultPhenomenon,DIAGNOSED_BY,CDQY2A-PC2-6 型 船用主柴油机电气遥控系统_机舱控制箱_蜂鸣器,Component,错向故障发生时蜂鸣器发出报警声响进行指示,电气::CDQY2A-PC2-6型 船用主柴油机电气遥控系统说明书,电气::CDQY2A-PC2-6型 船用主柴油机电气遥控系统说明书::chunk_21
REL_000120,CDQY2A-PC2-6 型 船用主柴油机电气遥控系统_遥控面板显示异常,FaultPhenomenon,DIAGNOSED_BY,CDQY2A-PC2-6 型 船用主柴油机电气遥控系统_调试_遥控操纵功能检查,DiagnosticMethod,气体泄漏故障通过气压密封性试验进行诊断,电气::CDQY2A-PC2-6型 船用主柴油机电气遥控系统说明书,电气::CDQY2A-PC2-6型 船用主柴油机电气遥控系统说明书::chunk_4
REL_000121,CDQY2A-PC2-6 型 船用主柴油机电气遥控系统_遥控面板显示异常,FaultPhenomenon,DIAGNOSED_BY,CDQY2A-PC2-6 型 船用主柴油机电气遥控系统_遥控显示控制板,Component,错向故障发生时报警指示灯板点亮进行指示,电气::CDQY2A-PC2-6型 船用主柴油机电气遥控系统说明书,电气::CDQY2A-PC2-6型 船用主柴油机电气遥控系统说明书::chunk_21
REL_000122,CDQY2A-PC2-6 型 船用主柴油机电气遥控系统_遥控面板显示异常,FaultPhenomenon,HAS_PARAMETER,CDQY2A-PC2-6 型 船用主柴油机电气遥控系统_错向保护时间 15S,Parameter,错向故障判定需要转向不符状态持续超过 15 秒的时间参数,电气::CDQY2A-PC2-6型 船用主柴油机电气遥控系统说明书,电气::CDQY2A-PC2-6型 船用主柴油机电气遥控系统说明书::chunk_20
REL_000123,CDQY2A-PC2-6 型 船用主柴油机电气遥控系统_遥控面板显示异常,FaultPhenomenon,PREVENTS,CDQY2A-PC2-6 型 船用主柴油机电气遥控系统_遥控调速机构_膜片气缸,Component,错向故障保护动作会切断调速回路防止进一步危险,电气::CDQY2A-PC2-6型 船用主柴油机电气遥控系统说明书,电气::CDQY2A-PC2-6型 船用主柴油机电气遥控系统说明书::chunk_21
REL_000124,CDQY2A-PC2-6 型 船用主柴油机电气遥控系统_遥控面板显示异常,FaultPhenomenon,REQUIRES,CDQY2A-PC2-6 型 船用主柴油机电气遥控系统_遥控显示控制板,Component,遥控失效时必须依赖机旁控制单元进行应急操作,电气::CDQY2A-PC2-6型 船用主柴油机电气遥控系统说明书,电气::CDQY2A-PC2-6型 船用主柴油机电气遥控系统说明书::chunk_20
REL_000125,CDQY2A-PC2-6 型 船用主柴油机电气遥控系统_重要参数故障,FaultCause,CAUSED_BY,CDQY2A-PC2-6 型 船用主柴油机电气遥控系统_遥控面板显示异常,FaultPhenomenon,气源失压导致调速气路切断进而引起遥控系统功能失效,电气::CDQY2A-PC2-6型 船用主柴油机电气遥控系统说明书,电气::CDQY2A-PC2-6型 船用主柴油机电气遥控系统说明书::chunk_20
REL_000126,CDQY2A-PC2-6 型 船用主柴油机电气遥控系统_阀箱_膜片执行器,Component,CONTROLS,船舶_主推进系统_陕柴 PC2-6 型船用主机,Equipment,轮机员通过膜片执行器上的旋钮控制主机转速,电气::CDQY2A-PC2-6型 船用主柴油机电气遥控系统说明书,电气::CDQY2A-PC2-6型 船用主柴油机电气遥控系统说明书::chunk_22
REL_000127,CDQY2A-PC2-6 型 船用主柴油机电气遥控系统_阀箱_膜片执行器,Component,HAS_PARAMETER,CDQY2A-PC2-6 型 船用主柴油机电气遥控系统_阀箱_膜片执行器_输出位移量,Parameter,膜片执行器具有输出位移量技术参数,电气::CDQY2A-PC2-6型 船用主柴油机电气遥控系统说明书,电气::CDQY2A-PC2-6型 船用主柴油机电气遥控系统说明书::chunk_7
REL_000128,CDQY2A-PC2-6 型 船用主柴油机电气遥控系统_齿轮箱油压检测板,Component,HAS_PARAMETER,CDQY2A-PC2-6 型 船用主柴油机电气遥控系统_齿轮箱油压检测板_配置类型,Parameter,齿轮箱油压检测板在系统配置中属于选配项,电气::CDQY2A-PC2-6型 船用主柴油机电气遥控系统说明书,电气::CDQY2A-PC2-6型 船用主柴油机电气遥控系统说明书::chunk_17
REL_000129,CDQY2A-PC2-6 型 船用主柴油机电气遥控系统_齿轮箱油压检测板,Component,HAS_PARAMETER,CDQY2A-PC2-6 型 船用主柴油机电气遥控系统_齿轮箱油压检测板_顺倒车合排信号,Parameter,齿轮箱油压检测板处理并输出顺倒车合排信号参数,电气::CDQY2A-PC2-6型 船用主柴油机电气遥控系统说明书,电气::CDQY2A-PC2-6型 船用主柴油机电气遥控系统说明书::chunk_17
REL_000130,CDQY2A-PC2-6 型 船用主柴油机电气遥控系统_齿轮箱油压检测板,Component,MONITORS,船舶_主推进系统_气控换向齿轮箱,Equipment,遥控系统自带的检测板用于监测齿轮箱的合排信号,电气::CDQY2A-PC2-6型 船用主柴油机电气遥控系统说明书,电气::CDQY2A-PC2-6型 船用主柴油机电气遥控系统说明书::chunk_17
REL_000131,机舱总线制监测报警系统,System,HAS_COMPONENT,机舱总线制监测报警系统_报警数据采集模块,Equipment,系统包含报警数据采集模块作为组成设备,电气::机舱总线制监测报警使用说明书,电气::机舱总线制监测报警使用说明书::chunk_3
REL_000132,机舱总线制监测报警系统,System,HAS_COMPONENT,机舱总线制监测报警系统_报警显示单元,Equipment,系统包含报警控制单元作为其核心成套设备,电气::机舱总线制监测报警使用说明书,电气::机舱总线制监测报警使用说明书::chunk_1
REL_000133,机舱总线制监测报警系统,System,HAS_COMPONENT,机舱总线制监测报警系统_数据总线,Component,控制系统中包含数据总线组件,电气::机舱总线制监测报警使用说明书,电气::机舱总线制监测报警使用说明书::chunk_3
REL_000134,机舱总线制监测报警系统,System,HAS_COMPONENT,机舱总线制监测报警系统_电源系统,Equipment,控制系统中包含电源系统设备,电气::机舱总线制监测报警使用说明书,电气::机舱总线制监测报警使用说明书::chunk_3
REL_000135,机舱总线制监测报警系统,System,HAS_PARAMETER,机舱总线制监测报警系统_24 路系统标准配置,Parameter,系统支持三块采集模块配四个 24 路显示单元的标准配置,电气::机舱总线制监测报警使用说明书,电气::机舱总线制监测报警使用说明书::chunk_4
REL_000136,机舱总线制监测报警系统_三防保护要求,SafetyNote,PREVENTS,电网绝缘故障,FaultCause,防潮湿防盐雾措施可防止因环境腐蚀导致的绝缘故障,电气::机舱总线制监测报警使用说明书,电气::机舱总线制监测报警使用说明书::chunk_2
REL_000137,机舱总线制监测报警系统_参数越限报警,FaultPhenomenon,HAS_FAULT,机舱总线制监测报警系统_参数越限报警,FaultPhenomenon,参数越限报警现象伴随声光报警现象,电气::机舱总线制监测报警使用说明书,电气::机舱总线制监测报警使用说明书::chunk_1
REL_000138,机舱总线制监测报警系统_参数越限报警,FaultPhenomenon,HAS_FAULT,机舱总线制监测报警系统_通讯灯不闪烁,FaultPhenomenon,参数越限报警现象伴随指示灯闪频现象,电气::机舱总线制监测报警使用说明书,电气::机舱总线制监测报警使用说明书::chunk_1
REL_000139,机舱总线制监测报警系统_参数越限报警,FaultPhenomenon,REPAIRED_BY,机舱总线制监测报警系统_消音键复位操作,RepairMethod,声光报警现象可通过消音键复位操作进行暂时修复或确认,电气::机舱总线制监测报警使用说明书,电气::机舱总线制监测报警使用说明书::chunk_1
REL_000140,机舱总线制监测报警系统_地址设置与主控短接调试,DiagnosticMethod,REQUIRES,机舱总线制监测报警系统_工作电压,Parameter,调试方法执行过程中需要依赖 24V 工作电压供电,电气::机舱总线制监测报警使用说明书,电气::机舱总线制监测报警使用说明书::chunk_5
REL_000141,机舱总线制监测报警系统_报警控制单元_数据采集模块,Component,CONTROLS,机舱总线制监测报警系统_报警控制单元_数据采集模块,Component,主控单元向采集单元发送信息并进行控制,电气::机舱总线制监测报警使用说明书,电气::机舱总线制监测报警使用说明书::chunk_3
REL_000142,机舱总线制监测报警系统_报警控制单元_数据采集模块,Component,HAS_PARAMETER,机舱总线制监测报警系统_接收器最小灵敏度,Parameter,通讯模块具有接收器最小灵敏度参数属性,电气::机舱总线制监测报警使用说明书,电气::机舱总线制监测报警使用说明书::chunk_1
REL_000143,机舱总线制监测报警系统_报警控制单元_数据采集模块,Component,HAS_PARAMETER,机舱总线制监测报警系统_最大传输速率,Parameter,通讯模块具有最大传输速率参数属性,电气::机舱总线制监测报警使用说明书,电气::机舱总线制监测报警使用说明书::chunk_1
REL_000144,机舱总线制监测报警系统_报警控制单元_数据采集模块,Component,HAS_PARAMETER,机舱总线制监测报警系统_最大连接节点数,Parameter,通讯模块具有最大连接节点数参数属性,电气::机舱总线制监测报警使用说明书,电气::机舱总线制监测报警使用说明书::chunk_1
REL_000145,机舱总线制监测报警系统_报警控制单元_数据采集模块,Component,HAS_PARAMETER,机舱总线制监测报警系统_最大采集点数,Parameter,数据采集模块具有最大采集点数参数属性,电气::机舱总线制监测报警使用说明书,电气::机舱总线制监测报警使用说明书::chunk_1
REL_000146,机舱总线制监测报警系统_报警控制单元_数据采集模块,Component,HAS_PARAMETER,机舱总线制监测报警系统_通讯传输距离,Parameter,通讯模块具有最大传输距离参数属性,电气::机舱总线制监测报警使用说明书,电气::机舱总线制监测报警使用说明书::chunk_1
REL_000147,机舱总线制监测报警系统_报警控制单元_消音键,Component,CONTROLS,机舱总线制监测报警系统_报警控制单元_声响器,Component,消音键组件控制声响器组件的停止工作,电气::机舱总线制监测报警使用说明书,电气::机舱总线制监测报警使用说明书::chunk_1
REL_000148,机舱总线制监测报警系统_报警控制单元_消音键,Component,CONTROLS,机舱总线制监测报警系统_报警控制单元_外控声光继电器,Component,消音键组件控制外控声光继电器组件的复原,电气::机舱总线制监测报警使用说明书,电气::机舱总线制监测报警使用说明书::chunk_1
REL_000149,机舱总线制监测报警系统_报警控制单元_试验按钮,Component,CONTROLS,机舱总线制监测报警系统_报警控制单元_声响器,Component,试验按钮组件控制声响器组件的声响输出,电气::机舱总线制监测报警使用说明书,电气::机舱总线制监测报警使用说明书::chunk_1
REL_000150,机舱总线制监测报警系统_报警控制单元_试验按钮,Component,CONTROLS,机舱总线制监测报警系统_报警显示单元_LED 指示灯,Component,试验按钮组件控制报警指示灯组件的全亮状态,电气::机舱总线制监测报警使用说明书,电气::机舱总线制监测报警使用说明书::chunk_1
REL_000151,机舱总线制监测报警系统_报警数据采集模块,Equipment,CONNECTS_TO,机舱总线制监测报警系统_报警显示单元,Equipment,采集模块通过总线向显示单元传输报警数据源,电气::机舱总线制监测报警使用说明书,电气::机舱总线制监测报警使用说明书::chunk_4
REL_000152,机舱总线制监测报警系统_报警数据采集模块,Equipment,CONNECTS_TO,机舱总线制监测报警系统_数据总线,Component,数据采集模块通过数据总线发送采集信号,电气::机舱总线制监测报警使用说明书,电气::机舱总线制监测报警使用说明书::chunk_3
REL_000153,机舱总线制监测报警系统_报警数据采集模块,Equipment,CONNECTS_TO,机舱总线制监测报警系统_电源系统,Equipment,数据采集模块通过 J8 接口物理连接至电源系统获取工作电压,电气::机舱总线制监测报警使用说明书,电气::机舱总线制监测报警使用说明书::chunk_7
REL_000154,机舱总线制监测报警系统_报警数据采集模块,Equipment,CONNECTS_TO,机舱总线制监测报警系统_航行数据记录仪,Equipment,数据采集模块通过 485 接口连接航行数据记录仪,电气::机舱总线制监测报警使用说明书,电气::机舱总线制监测报警使用说明书::chunk_3
REL_000155,机舱总线制监测报警系统_报警数据采集模块,Equipment,CONNECTS_TO,机舱总线制监测报警系统_计算机监控系统,Equipment,数据采集模块可连接计算机监控系统进行 LCD 显示,电气::机舱总线制监测报警使用说明书,电气::机舱总线制监测报警使用说明书::chunk_3
REL_000156,机舱总线制监测报警系统_报警数据采集模块,Equipment,DIAGNOSED_BY,机舱总线制监测报警系统_地址设置与主控短接调试,DiagnosticMethod,报警数据采集模块需通过地址设置与主控短接方法进行调试,电气::机舱总线制监测报警使用说明书,电气::机舱总线制监测报警使用说明书::chunk_5
REL_000157,机舱总线制监测报警系统_报警数据采集模块,Equipment,HAS_COMPONENT,机舱总线制监测报警系统_报警控制单元_数据采集模块,Component,数据采集模块内部包含采集单元组件,电气::机舱总线制监测报警使用说明书,电气::机舱总线制监测报警使用说明书::chunk_3
REL_000158,机舱总线制监测报警系统_报警数据采集模块,Equipment,HAS_COMPONENT,机舱总线制监测报警系统_报警数据采集模块_地址设置开关,Component,数据采集模块配备拨码开关组用于报警设置,电气::机舱总线制监测报警使用说明书,电气::机舱总线制监测报警使用说明书::chunk_3
REL_000159,机舱总线制监测报警系统_报警数据采集模块,Equipment,HAS_COMPONENT,机舱总线制监测报警系统_报警数据采集模块_扫描状态灯,Component,报警数据采集模块配备扫描状态灯用于指示工作状态,电气::机舱总线制监测报警使用说明书,电气::机舱总线制监测报警使用说明书::chunk_5
REL_000160,机舱总线制监测报警系统_报警数据采集模块,Equipment,HAS_COMPONENT,机舱总线制监测报警系统_报警数据采集模块_调试跳线,Component,报警数据采集模块包含调试跳线用于模式配置,电气::机舱总线制监测报警使用说明书,电气::机舱总线制监测报警使用说明书::chunk_5
REL_000161,机舱总线制监测报警系统_报警数据采集模块,Equipment,HAS_PARAMETER,机舱总线制监测报警系统_24 路系统标准配置,Parameter,数据采集模块支持 16 路显示的系统标准配置模式,电气::机舱总线制监测报警使用说明书,电气::机舱总线制监测报警使用说明书::chunk_7
REL_000162,机舱总线制监测报警系统_报警数据采集模块,Equipment,HAS_PARAMETER,机舱总线制监测报警系统_32 路开关量采集能力,Parameter,数据采集模块具备 32 路开关量信号采集参数,电气::机舱总线制监测报警使用说明书,电气::机舱总线制监测报警使用说明书::chunk_3
REL_000163,机舱总线制监测报警系统_报警数据采集模块,Equipment,HAS_PARAMETER,机舱总线制监测报警系统_RS-485 通讯接口,Parameter,报警数据采集模块支持 RS-485 通讯接口标准,电气::机舱总线制监测报警使用说明书,电气::机舱总线制监测报警使用说明书::chunk_5
REL_000164,机舱总线制监测报警系统_报警数据采集模块,Equipment,HAS_PARAMETER,机舱总线制监测报警系统_报警延时 2-5 秒,Parameter,采集主控单元报警点具有 2 至 5 秒延时参数,电气::机舱总线制监测报警使用说明书,电气::机舱总线制监测报警使用说明书::chunk_3
REL_000165,机舱总线制监测报警系统_报警数据采集模块,Equipment,HAS_PARAMETER,机舱总线制监测报警系统_报警数据采集模块_外部接口功能说明,Parameter,数据采集模块具备通讯口与电源接口的具体位置定义参数,电气::机舱总线制监测报警使用说明书,电气::机舱总线制监测报警使用说明书::chunk_7
REL_000166,机舱总线制监测报警系统_报警数据采集模块,Equipment,HAS_PARAMETER,机舱总线制监测报警系统_报警数据采集模块_输入公共端分组说明,Parameter,数据采集模块具备输入信号按 8 路一组分为 4 个公共端的参数规格,电气::机舱总线制监测报警使用说明书,电气::机舱总线制监测报警使用说明书::chunk_7
REL_000167,机舱总线制监测报警系统_报警数据采集模块,Equipment,HAS_SAFETY_NOTE,机舱总线制监测报警系统_地址设置通电短接要求,SafetyNote,数据采集模块地址设置需遵循通电短接的安全要求,电气::机舱总线制监测报警使用说明书,电气::机舱总线制监测报警使用说明书::chunk_3
REL_000168,机舱总线制监测报警系统_报警数据采集模块,Equipment,HAS_SAFETY_NOTE,机舱总线制监测报警系统_屏蔽层可靠接壳要求,SafetyNote,数据采集模块连接电缆屏蔽层处理需遵循可靠接壳要求,电气::机舱总线制监测报警使用说明书,电气::机舱总线制监测报警使用说明书::chunk_6
REL_000169,机舱总线制监测报警系统_报警数据采集模块_扫描状态灯,Component,MONITORS,机舱总线制监测报警系统_报警控制单元_数据采集模块,Component,扫描状态灯监测并显示主控单元的扫描与工作状态,电气::机舱总线制监测报警使用说明书,电气::机舱总线制监测报警使用说明书::chunk_5
REL_000170,机舱总线制监测报警系统_报警数据采集模块_调试跳线,Component,CONTROLS,机舱总线制监测报警系统_报警控制单元_数据采集模块,Component,调试跳线短接控制主控单元进入线路扫描模式,电气::机舱总线制监测报警使用说明书,电气::机舱总线制监测报警使用说明书::chunk_5
REL_000171,机舱总线制监测报警系统_报警显示单元,Equipment,CONNECTS_TO,机舱总线制监测报警系统_数据总线,Component,显示单元通过 RS485 数据总线与系统其他单元连接,电气::机舱总线制监测报警使用说明书,电气::机舱总线制监测报警使用说明书::chunk_4
REL_000172,机舱总线制监测报警系统_报警显示单元,Equipment,DIAGNOSED_BY,机舱总线制监测报警系统_试验按钮全亮测试,DiagnosticMethod,报警控制单元的工作状态可通过试验按钮全亮测试进行诊断,电气::机舱总线制监测报警使用说明书,电气::机舱总线制监测报警使用说明书::chunk_1
REL_000173,机舱总线制监测报警系统_报警显示单元,Equipment,HAS_COMPONENT,机舱总线制监测报警系统_报警控制单元_声响器,Component,报警控制单元内部包含声响器组件,电气::机舱总线制监测报警使用说明书,电气::机舱总线制监测报警使用说明书::chunk_1
REL_000174,机舱总线制监测报警系统_报警显示单元,Equipment,HAS_COMPONENT,机舱总线制监测报警系统_报警控制单元_外控声光继电器,Component,报警控制单元内部包含外控声光继电器组件,电气::机舱总线制监测报警使用说明书,电气::机舱总线制监测报警使用说明书::chunk_1
REL_000175,机舱总线制监测报警系统_报警显示单元,Equipment,HAS_COMPONENT,机舱总线制监测报警系统_报警控制单元_数据采集模块,Component,报警控制单元内部包含数据采集模块组件,电气::机舱总线制监测报警使用说明书,电气::机舱总线制监测报警使用说明书::chunk_1
REL_000176,机舱总线制监测报警系统_报警显示单元,Equipment,HAS_COMPONENT,机舱总线制监测报警系统_报警控制单元_消音键,Component,报警控制单元内部包含消音键组件,电气::机舱总线制监测报警使用说明书,电气::机舱总线制监测报警使用说明书::chunk_1
REL_000177,机舱总线制监测报警系统_报警显示单元,Equipment,HAS_COMPONENT,机舱总线制监测报警系统_报警控制单元_试验按钮,Component,报警控制单元内部包含试验按钮组件,电气::机舱总线制监测报警使用说明书,电气::机舱总线制监测报警使用说明书::chunk_1
REL_000178,机舱总线制监测报警系统_报警显示单元,Equipment,HAS_COMPONENT,机舱总线制监测报警系统_报警显示单元_LCD 液晶显示屏,Component,显示单元内部包含 LCD 液晶屏用于中文显示,电气::机舱总线制监测报警使用说明书,电气::机舱总线制监测报警使用说明书::chunk_4
REL_000179,机舱总线制监测报警系统_报警显示单元,Equipment,HAS_COMPONENT,机舱总线制监测报警系统_报警显示单元_LED 指示灯,Component,报警控制单元内部包含报警指示灯组件,电气::机舱总线制监测报警使用说明书,电气::机舱总线制监测报警使用说明书::chunk_1
REL_000180,机舱总线制监测报警系统_报警显示单元,Equipment,HAS_COMPONENT,机舱总线制监测报警系统_报警显示单元_地址设置开关,Component,显示单元内部包含地址设置开关用于总线寻址,电气::机舱总线制监测报警使用说明书,电气::机舱总线制监测报警使用说明书::chunk_4
REL_000181,机舱总线制监测报警系统_报警显示单元,Equipment,HAS_COMPONENT,机舱总线制监测报警系统_报警显示单元_通讯航空插头,Component,报警显示单元配备通讯航空插头用于外部接线,电气::机舱总线制监测报警使用说明书,电气::机舱总线制监测报警使用说明书::chunk_5
REL_000182,机舱总线制监测报警系统_报警显示单元,Equipment,HAS_PARAMETER,机舱总线制监测报警系统_24 路系统标准配置,Parameter,报警显示单元支持 16 路系统标准配置的接线模式,电气::机舱总线制监测报警使用说明书,电气::机舱总线制监测报警使用说明书::chunk_6
REL_000183,机舱总线制监测报警系统_报警显示单元,Equipment,HAS_PARAMETER,机舱总线制监测报警系统_工作环境温度,Parameter,报警控制单元需在指定温度范围内工作,电气::机舱总线制监测报警使用说明书,电气::机舱总线制监测报警使用说明书::chunk_2
REL_000184,机舱总线制监测报警系统_报警显示单元,Equipment,HAS_PARAMETER,机舱总线制监测报警系统_工作环境湿度,Parameter,报警控制单元需在指定湿度范围内工作,电气::机舱总线制监测报警使用说明书,电气::机舱总线制监测报警使用说明书::chunk_2
REL_000185,机舱总线制监测报警系统_报警显示单元,Equipment,HAS_PARAMETER,机舱总线制监测报警系统_工作电压,Parameter,报警控制单元硬件运行依赖 DC24V 工作电压,电气::机舱总线制监测报警使用说明书,电气::机舱总线制监测报警使用说明书::chunk_2
REL_000186,机舱总线制监测报警系统_报警显示单元,Equipment,HAS_PARAMETER,机舱总线制监测报警系统_显示单元推荐安装位置,Parameter,显示单元可安装在驾控台、监视台或轮机长室等位置,电气::机舱总线制监测报警使用说明书,电气::机舱总线制监测报警使用说明书::chunk_4
REL_000187,机舱总线制监测报警系统_报警显示单元,Equipment,HAS_PARAMETER,机舱总线制监测报警系统_显示路数配置,Parameter,显示单元支持 16 路或 24 路显示配置参数,电气::机舱总线制监测报警使用说明书,电气::机舱总线制监测报警使用说明书::chunk_3
REL_000188,机舱总线制监测报警系统_报警显示单元,Equipment,HAS_PARAMETER,机舱总线制监测报警系统_防护等级,Parameter,报警控制单元外壳具备 IP22 防护能力,电气::机舱总线制监测报警使用说明书,电气::机舱总线制监测报警使用说明书::chunk_2
REL_000189,机舱总线制监测报警系统_报警显示单元,Equipment,HAS_SAFETY_NOTE,机舱总线制监测报警系统_三防保护要求,SafetyNote,报警控制单元需具备三防措施以适应海船环境,电气::机舱总线制监测报警使用说明书,电气::机舱总线制监测报警使用说明书::chunk_2
REL_000190,机舱总线制监测报警系统_报警显示单元,Equipment,HAS_SAFETY_NOTE,机舱总线制监测报警系统_电磁兼容性措施,SafetyNote,报警控制单元设计需满足电磁兼容性安全要求,电气::机舱总线制监测报警使用说明书,电气::机舱总线制监测报警使用说明书::chunk_2
REL_000191,机舱总线制监测报警系统_报警显示单元,Equipment,HAS_SAFETY_NOTE,机舱总线制监测报警系统_符合造船规范标准,SafetyNote,报警控制单元制造需符合 SOLAS 及入级规范,电气::机舱总线制监测报警使用说明书,电气::机舱总线制监测报警使用说明书::chunk_2
REL_000192,机舱总线制监测报警系统_报警显示单元_地址设置开关,Component,REQUIRES,机舱总线制监测报警系统_数据总线,Component,地址设置开关需配合数据总线进行 RS485 地址设定,电气::机舱总线制监测报警使用说明书,电气::机舱总线制监测报警使用说明书::chunk_4
REL_000193,机舱总线制监测报警系统_数据总线,Component,HAS_PARAMETER,机舱总线制监测报警系统_通讯电缆选型规格,Parameter,数据总线通讯连接需满足特定的电缆选型规格,电气::机舱总线制监测报警使用说明书,电气::机舱总线制监测报警使用说明书::chunk_6
REL_000194,机舱总线制监测报警系统_数据总线,Component,HAS_SAFETY_NOTE,机舱总线制监测报警系统_屏蔽层可靠接壳要求,SafetyNote,数据总线电缆屏蔽层处理需遵循可靠接壳要求,电气::机舱总线制监测报警使用说明书,电气::机舱总线制监测报警使用说明书::chunk_6
REL_000195,机舱总线制监测报警系统_数据总线,Component,HAS_SAFETY_NOTE,机舱总线制监测报警系统_线路极性禁止接反要求,SafetyNote,数据总线接线需严格遵守极性禁止接反要求,电气::机舱总线制监测报警使用说明书,电气::机舱总线制监测报警使用说明书::chunk_6
REL_000196,机舱总线制监测报警系统_电源系统,Equipment,HAS_PARAMETER,机舱总线制监测报警系统_通讯电缆选型规格,Parameter,电源系统供电连接需满足特定的电缆选型规格,电气::机舱总线制监测报警使用说明书,电气::机舱总线制监测报警使用说明书::chunk_6
REL_000197,机舱总线制监测报警系统_电源系统,Equipment,HAS_SAFETY_NOTE,机舱总线制监测报警系统_线路极性禁止接反要求,SafetyNote,电源系统接线需严格遵守极性禁止接反要求,电气::机舱总线制监测报警使用说明书,电气::机舱总线制监测报警使用说明书::chunk_6
REL_000198,机舱总线制监测报警系统_电磁兼容性措施,SafetyNote,PREVENTS,机舱总线制监测报警系统_通讯灯不闪烁,FaultPhenomenon,抗干扰措施可防止因电磁干扰导致的指示灯异常闪频,电气::机舱总线制监测报警使用说明书,电气::机舱总线制监测报警使用说明书::chunk_2
REL_000199,机舱总线制监测报警系统_通讯灯不闪烁,FaultPhenomenon,CAUSED_BY,机舱总线制监测报警系统_未收到主控单元信息,FaultCause,通讯灯不闪烁故障由未收到主控单元信息导致,电气::机舱总线制监测报警使用说明书,电气::机舱总线制监测报警使用说明书::chunk_3
REL_000200,水油气超温超压,FaultCause,HAS_FAULT,机舱总线制监测报警系统_参数越限报警,FaultPhenomenon,水油气超温超压原因导致参数越限报警现象,电气::机舱总线制监测报警使用说明书,电气::机舱总线制监测报警使用说明书::chunk_1
REL_000201,水油液位超限,FaultCause,HAS_FAULT,机舱总线制监测报警系统_参数越限报警,FaultPhenomenon,水油液位超限原因导致参数越限报警现象,电气::机舱总线制监测报警使用说明书,电气::机舱总线制监测报警使用说明书::chunk_1
REL_000202,电网绝缘故障,FaultCause,HAS_FAULT,机舱总线制监测报警系统_参数越限报警,FaultPhenomenon,电网绝缘故障原因导致参数越限报警现象,电气::机舱总线制监测报警使用说明书,电气::机舱总线制监测报警使用说明书::chunk_1
REL_000203,船舶_主推进系统,System,HAS_COMPONENT,船舶_主推进系统_气控换向齿轮箱,Equipment,主推进系统包含气控换向齿轮箱设备,电气::CDQY2A-PC2-6型 船用主柴油机电气遥控系统说明书,电气::CDQY2A-PC2-6型 船用主柴油机电气遥控系统说明书::chunk_1
REL_000204,船舶_主推进系统,System,HAS_COMPONENT,船舶_主推进系统_陕柴 PC2-6 型船用主机,Equipment,主推进系统包含船用主机设备,电气::CDQY2A-PC2-6型 船用主柴油机电气遥控系统说明书,电气::CDQY2A-PC2-6型 船用主柴油机电气遥控系统说明书::chunk_1
REL_000205,船舶_主推进系统_气控换向齿轮箱,Equipment,HAS_COMPONENT,船舶_主推进系统_气控换向齿轮箱_油压传感器,Component,气控换向齿轮箱内部包含自带的油压传感器组件,电气::CDQY2A-PC2-6型 船用主柴油机电气遥控系统说明书,电气::CDQY2A-PC2-6型 船用主柴油机电气遥控系统说明书::chunk_17
REL_000206,船舶_主推进系统_气控换向齿轮箱,Equipment,HAS_COMPONENT,船舶_主推进系统_气控换向齿轮箱_液压离合器控制导阀,Component,齿轮箱设备包含机旁换向阀部件,电气::CDQY2A-PC2-6型 船用主柴油机电气遥控系统说明书,电气::CDQY2A-PC2-6型 船用主柴油机电气遥控系统说明书::chunk_1
REL_000207,船舶_主推进系统_气控换向齿轮箱_油压传感器,Component,MONITORS,船舶_主推进系统_气控换向齿轮箱,Equipment,齿轮箱自带油压传感器用于监测齿轮箱自身的油压状态,电气::CDQY2A-PC2-6型 船用主柴油机电气遥控系统说明书,电气::CDQY2A-PC2-6型 船用主柴油机电气遥控系统说明书::chunk_17
REL_000208,船舶_主推进系统_气控换向齿轮箱_液压离合器控制导阀,Component,HAS_FAULT,船舶_主推进系统_气控换向齿轮箱_齿轮箱换向控制阀_三口气源同时失气,FaultPhenomenon,换向控制阀可能发生三口气源同时失气的故障现象,电气::CDQY2A-PC2-6型 船用主柴油机电气遥控系统说明书,电气::CDQY2A-PC2-6型 船用主柴油机电气遥控系统说明书::chunk_8
REL_000209,船舶_主推进系统_气控换向齿轮箱_液压离合器控制导阀,Component,HAS_PARAMETER,船舶_主推进系统_气控换向齿轮箱_齿轮箱换向控制阀_控制口配置,Parameter,换向控制阀具备正车、倒车和停车三个控制口的参数配置,电气::CDQY2A-PC2-6型 船用主柴油机电气遥控系统说明书,电气::CDQY2A-PC2-6型 船用主柴油机电气遥控系统说明书::chunk_8
REL_000210,船舶_主推进系统_气控换向齿轮箱_液压离合器控制导阀,Component,HAS_SAFETY_NOTE,船舶_主推进系统_气控换向齿轮箱_齿轮箱换向控制阀_失气保位特性,SafetyNote,换向控制阀在设计上需满足失气时位置不变的安全要求,电气::CDQY2A-PC2-6型 船用主柴油机电气遥控系统说明书,电气::CDQY2A-PC2-6型 船用主柴油机电气遥控系统说明书::chunk_8
REL_000211,船舶_主推进系统_气控换向齿轮箱_齿轮箱换向控制阀_失气保位特性,SafetyNote,PREVENTS,船舶_主推进系统_气控换向齿轮箱_齿轮箱换向控制阀_三口气源同时失气,FaultPhenomenon,失气保位特性防止了三口气源失气故障导致的齿轮箱误换向风险,电气::CDQY2A-PC2-6型 船用主柴油机电气遥控系统说明书,电气::CDQY2A-PC2-6型 船用主柴油机电气遥控系统说明书::chunk_8
REL_000212,船舶_主推进系统_陕柴 PC2-6 型船用主机,Equipment,HAS_COMPONENT,船舶_主推进系统_陕柴 PC2-6 型船用主机_主机飞轮,Component,主机飞轮是主柴油机的物理组成部件，由主机制造厂提供,电气::CDQY2A-PC2-6型 船用主柴油机电气遥控系统说明书,电气::CDQY2A-PC2-6型 船用主柴油机电气遥控系统说明书::chunk_13
REL_000213,船舶_主推进系统_陕柴 PC2-6 型船用主机,Equipment,HAS_COMPONENT,船舶_主推进系统_陕柴 PC2-6 型船用主机_主柴油机调速器_PG（WOODWORD）型调速器,Component,主柴油机设备内部包含主柴油机调速器组件,电气::CDQY2A-PC2-6型 船用主柴油机电气遥控系统说明书,电气::CDQY2A-PC2-6型 船用主柴油机电气遥控系统说明书::chunk_8
REL_000214,船舶_主推进系统_陕柴 PC2-6 型船用主机,Equipment,HAS_PARAMETER,船舶_主推进系统_陕柴 PC2-6 型船用主机_怠速,Parameter,主机起动后需调整至怠速转速参数,电气::CDQY2A-PC2-6型 船用主柴油机电气遥控系统说明书,电气::CDQY2A-PC2-6型 船用主柴油机电气遥控系统说明书::chunk_22
REL_000215,船舶_主推进系统_陕柴 PC2-6 型船用主机_主柴油机调速器_PG（WOODWORD）型调速器,Component,CONNECTS_TO,CDQY2A-PC2-6 型 船用主柴油机电气遥控系统_阀箱_膜片执行器,Component,调速器气压设定机构物理连接至遥控系统阀箱的膜片执行器以接收驱动信号,电气::CDQY2A-PC2-6型 船用主柴油机电气遥控系统说明书,电气::CDQY2A-PC2-6型 船用主柴油机电气遥控系统说明书::chunk_8
REL_000216,船舶_主推进系统_陕柴 PC2-6 型船用主机_主柴油机调速器_PG（WOODWORD）型调速器,Component,HAS_COMPONENT,船舶_主推进系统_陕柴 PC2-6 型船用主机_主柴油机调速器_PG（WOODWORD）型调速器,Component,主柴油机调速器内部包含气压转速设定机构模块,电气::CDQY2A-PC2-6型 船用主柴油机电气遥控系统说明书,电气::CDQY2A-PC2-6型 船用主柴油机电气遥控系统说明书::chunk_8
REL_000217,船舶_机舱遥控专用低压气瓶,Equipment,REPAIRED_BY,CDQY2A-PC2-6 型 船用主柴油机电气遥控系统_联系厂家维修 PLC,RepairMethod,气瓶的定期排放杂质维护方法,电气::CDQY2A-PC2-6型 船用主柴油机电气遥控系统说明书,电气::CDQY2A-PC2-6型 船用主柴油机电气遥控系统说明书::chunk_27
REL_000218,船舶电气控制设备,Equipment,HAS_COMPONENT,船舶电气控制设备_开关量输出模块,Component,控制设备内部包含开关量输出模块以驱动外部负载,电气::柴油机智能延伸检测单元说明书,电气::柴油机智能延伸检测单元说明书::chunk_4
REL_000219,船舶电气控制设备,Equipment,HAS_COMPONENT,船舶电气控制设备_通讯模块,Component,控制设备内部包含通讯模块以实现数据交互,电气::柴油机智能延伸检测单元说明书,电气::柴油机智能延伸检测单元说明书::chunk_4
REL_000220,船舶电气控制设备,Equipment,HAS_PARAMETER,船舶电气控制设备_工作电压,Parameter,规定了设备供电电源的电压容差及电流需求,电气::柴油机智能延伸检测单元说明书,电气::柴油机智能延伸检测单元说明书::chunk_1
REL_000221,船舶电气控制设备,Equipment,HAS_PARAMETER,船舶电气控制设备_环境温度,Parameter,限定了设备安全运行的环境气候温度条件,电气::柴油机智能延伸检测单元说明书,电气::柴油机智能延伸检测单元说明书::chunk_1
REL_000222,船舶电气控制设备,Equipment,HAS_PARAMETER,船舶电气控制设备_相对湿度,Parameter,限定了设备安全运行的环境气候湿度条件,电气::柴油机智能延伸检测单元说明书,电气::柴油机智能延伸检测单元说明书::chunk_1
REL_000223,船舶电气控制设备,Equipment,HAS_PARAMETER,船舶电气控制设备_防护等级,Parameter,定义了设备外壳的物理防护能力指标,电气::柴油机智能延伸检测单元说明书,电气::柴油机智能延伸检测单元说明书::chunk_1
REL_000224,船舶电气控制设备,Equipment,HAS_PARAMETER,船舶电气控制设备_额定工作电压_24V,Parameter,控制设备正常运行依赖 24V 直流电源供电,电气::柴油机智能延伸检测单元说明书,电气::柴油机智能延伸检测单元说明书::chunk_4
REL_000225,船舶电气控制设备,Equipment,HAS_SAFETY_NOTE,船舶电气控制设备_合规标准,SafetyNote,确立了设备入级检验必须符合的国际及国内规范,电气::柴油机智能延伸检测单元说明书,电气::柴油机智能延伸检测单元说明书::chunk_1
REL_000226,船舶电气控制设备,Equipment,HAS_SAFETY_NOTE,船舶电气控制设备_环境防护措施,SafetyNote,明确了设备抵御环境腐蚀及振动的物理防护要求,电气::柴油机智能延伸检测单元说明书,电气::柴油机智能延伸检测单元说明书::chunk_1
REL_000227,船舶电气控制设备,Equipment,HAS_SAFETY_NOTE,船舶电气控制设备_电磁兼容措施,SafetyNote,明确了设备抵御电磁干扰的内部设计要求,电气::柴油机智能延伸检测单元说明书,电气::柴油机智能延伸检测单元说明书::chunk_1
REL_000228,船舶电气控制设备_通讯模块,Component,CONNECTS_TO,主机_机旁控制箱,Equipment,通讯模块通过 485 通讯线与主机机旁控制箱建立物理连接,电气::柴油机智能延伸检测单元说明书,电气::柴油机智能延伸检测单元说明书::chunk_4
REL_000229,船舶监测报警系统,System,HAS_COMPONENT,船舶监测报警系统_UPS 电源单元,Equipment,监测报警系统包含 UPS 电源单元作为其组成设备之一,电气::机舱微机监测报警系统说明书,电气::机舱微机监测报警系统说明书::chunk_6
REL_000230,船舶监测报警系统,System,HAS_COMPONENT,船舶监测报警系统_VDR 数据通讯模块,Equipment,系统包含 VDR 数据通讯模块作为其子系统设备,电气::机舱微机监测报警系统说明书,电气::机舱微机监测报警系统说明书::chunk_8
REL_000231,船舶监测报警系统,System,HAS_COMPONENT,船舶监测报警系统_备用主机,Equipment,系统包含主运行控制设备,电气::机舱微机监测报警系统说明书,电气::机舱微机监测报警系统说明书::chunk_1
REL_000232,船舶监测报警系统,System,HAS_COMPONENT,船舶监测报警系统_延伸报警灯板,Equipment,监测报警系统整体架构中包含延伸报警灯板作为外围指示设备,电气::机舱微机监测报警系统说明书,电气::机舱微机监测报警系统说明书::chunk_7
REL_000233,船舶监测报警系统,System,HAS_COMPONENT,船舶监测报警系统_开关量传感器,Equipment,系统配置支持开关量传感器作为输入组件,电气::机舱微机监测报警系统说明书,电气::机舱微机监测报警系统说明书::chunk_4
REL_000234,船舶监测报警系统,System,HAS_COMPONENT,船舶监测报警系统_打印设备,Equipment,系统包含数据打印输出设备,电气::机舱微机监测报警系统说明书,电气::机舱微机监测报警系统说明书::chunk_1
REL_000235,船舶监测报警系统,System,HAS_COMPONENT,船舶监测报警系统_数据输出模块,Equipment,系统包含数据输出模块作为其子系统设备,电气::机舱微机监测报警系统说明书,电气::机舱微机监测报警系统说明书::chunk_8
REL_000236,船舶监测报警系统,System,HAS_COMPONENT,船舶监测报警系统_数据采集通讯模块,Equipment,系统包含数据采集通讯模块作为其子系统设备,电气::机舱微机监测报警系统说明书,电气::机舱微机监测报警系统说明书::chunk_8
REL_000237,船舶监测报警系统,System,HAS_COMPONENT,船舶监测报警系统_显示单元,Equipment,系统包含人机交互显示设备,电气::机舱微机监测报警系统说明书,电气::机舱微机监测报警系统说明书::chunk_1
REL_000238,船舶监测报警系统,System,HAS_COMPONENT,船舶监测报警系统_测速传感器,Equipment,系统配置支持测速传感器作为输入组件,电气::机舱微机监测报警系统说明书,电气::机舱微机监测报警系统说明书::chunk_4
REL_000239,船舶监测报警系统,System,HAS_COMPONENT,船舶监测报警系统_热电偶传感器,Equipment,系统配置支持热电偶传感器作为输入组件,电气::机舱微机监测报警系统说明书,电气::机舱微机监测报警系统说明书::chunk_4
REL_000240,船舶监测报警系统,System,HAS_COMPONENT,船舶监测报警系统_热电阻传感器,Equipment,系统配置支持热电阻传感器作为输入组件,电气::机舱微机监测报警系统说明书,电气::机舱微机监测报警系统说明书::chunk_4
REL_000241,船舶监测报警系统,System,HAS_COMPONENT,船舶监测报警系统_过程变送器,Equipment,系统配置支持过程变送器作为输入组件,电气::机舱微机监测报警系统说明书,电气::机舱微机监测报警系统说明书::chunk_4
REL_000242,船舶监测报警系统,System,HAS_SAFETY_NOTE,船舶监测报警系统_环境适应性要求,SafetyNote,系统整体需满足船用环境适应性安全要求,电气::机舱微机监测报警系统说明书,电气::机舱微机监测报警系统说明书::chunk_3
REL_000243,船舶监测报警系统,System,REQUIRES,船舶监测报警系统_UPS 电源单元,Equipment,报警系统依赖 UPS 电源单元在主电源失电时提供关机缓冲时间,电气::机舱微机监测报警系统说明书,电气::机舱微机监测报警系统说明书::chunk_6
REL_000244,船舶监测报警系统_UPS 电源单元,Equipment,HAS_FAULT,船舶监测报警系统_UPS 电源单元_电池耗尽损坏,FaultPhenomenon,UPS 电源单元可能发生电池因放完电而损坏的故障,电气::机舱微机监测报警系统说明书,电气::机舱微机监测报警系统说明书::chunk_6
REL_000245,船舶监测报警系统_UPS 电源单元,Equipment,HAS_PARAMETER,船舶监测报警系统_UPS 电源单元_输入电压,Parameter,UPS 电源单元具备 AC220V 输入电压的技术参数,电气::机舱微机监测报警系统说明书,电气::机舱微机监测报警系统说明书::chunk_6
REL_000246,船舶监测报警系统_UPS 电源单元,Equipment,HAS_PARAMETER,船舶监测报警系统_UPS 电源单元_额定功率,Parameter,UPS 电源单元具备 1000W 额定功率的技术参数,电气::机舱微机监测报警系统说明书,电气::机舱微机监测报警系统说明书::chunk_6
REL_000247,船舶监测报警系统_UPS 电源单元,Equipment,HAS_SAFETY_NOTE,船舶监测报警系统_UPS 电源单元_断电关闭要求,SafetyNote,UPS 电源单元维护需遵守断电时必须关闭的安全注意事项,电气::机舱微机监测报警系统说明书,电气::机舱微机监测报警系统说明书::chunk_6
REL_000248,船舶监测报警系统_UPS 电源单元_断电关闭要求,SafetyNote,PREVENTS,船舶监测报警系统_UPS 电源单元_电池耗尽损坏,FaultPhenomenon,遵守断电关闭要求可防止 UPS 电池耗尽损坏故障的发生,电气::机舱微机监测报警系统说明书,电气::机舱微机监测报警系统说明书::chunk_6
REL_000249,船舶监测报警系统_UPS 电源单元_电池耗尽损坏,FaultPhenomenon,CAUSED_BY,船舶监测报警系统_UPS 电源单元_未及时关闭,FaultCause,电池耗尽损坏故障由主电源断电时未及时关闭 UPS 导致,电气::机舱微机监测报警系统说明书,电气::机舱微机监测报警系统说明书::chunk_6
REL_000250,船舶监测报警系统_VDR 数据通讯模块,Equipment,CONNECTS_TO,船舶监测报警系统_VDR 数据记录设备,Equipment,VDR 数据通讯模块连接至 VDR 数据记录设备发送信息,电气::机舱微机监测报警系统说明书,电气::机舱微机监测报警系统说明书::chunk_8
REL_000251,船舶监测报警系统_VDR 数据通讯模块,Equipment,CONNECTS_TO,船舶监测报警系统_备用主机,Equipment,VDR 数据通讯模块连接至工业控制计算机系统即主机,电气::机舱微机监测报警系统说明书,电气::机舱微机监测报警系统说明书::chunk_8
REL_000252,船舶监测报警系统_VDR 数据通讯模块,Equipment,HAS_PARAMETER,船舶监测报警系统_VDR 数据通讯模块_电源输入电压,Parameter,VDR 数据通讯模块具有特定的电源输入电压参数,电气::机舱微机监测报警系统说明书,电气::机舱微机监测报警系统说明书::chunk_8
REL_000253,船舶监测报警系统_主机_参数越限报警,FaultPhenomenon,CAUSED_BY,船舶监测报警系统_主机_检测点参数越限,FaultCause,报警由检测点参数超限引起,电气::机舱微机监测报警系统说明书,电气::机舱微机监测报警系统说明书::chunk_2
REL_000254,船舶监测报警系统_主机_电子存储器,Component,HAS_PARAMETER,船舶监测报警系统_主机_存储器容量,Parameter,电子存储器具有容量大小参数属性,电气::机舱微机监测报警系统说明书,电气::机舱微机监测报警系统说明书::chunk_1
REL_000255,船舶监测报警系统_主机_电子存储器,Component,MONITORS,船舶监测报警系统_主机_报警检测参数,Parameter,电子存储器负责存储监测到的报警参数,电气::机舱微机监测报警系统说明书,电气::机舱微机监测报警系统说明书::chunk_1
REL_000256,船舶监测报警系统_主机_看门狗模块,Component,HAS_SAFETY_NOTE,船舶监测报警系统_主机_操作权限安全限制,SafetyNote,看门狗模块提供防止误操作的安全限制,电气::机舱微机监测报警系统说明书,电气::机舱微机监测报警系统说明书::chunk_1
REL_000257,船舶监测报警系统_备用主机,Equipment,CONNECTS_TO,船舶监测报警系统_VDR 数据记录设备,Equipment,主机连接 VDR 设备传输数据,电气::机舱微机监测报警系统说明书,电气::机舱微机监测报警系统说明书::chunk_2
REL_000258,船舶监测报警系统_备用主机,Equipment,CONTROLS,船舶监测报警系统_备用主机,Equipment,备用主机在主机故障时接管控制权,电气::机舱微机监测报警系统说明书,电气::机舱微机监测报警系统说明书::chunk_1
REL_000259,船舶监测报警系统_备用主机,Equipment,CONTROLS,船舶监测报警系统_延伸报警灯板,Equipment,主机逻辑控制延伸报警灯板的指示灯闪烁及声响报警动作,电气::机舱微机监测报警系统说明书,电气::机舱微机监测报警系统说明书::chunk_7
REL_000260,船舶监测报警系统_备用主机,Equipment,CONTROLS,船舶监测报警系统_显示单元,Equipment,主机计算后控制显示单元进行信息展示,电气::机舱微机监测报警系统说明书,电气::机舱微机监测报警系统说明书::chunk_5
REL_000261,船舶监测报警系统_备用主机,Equipment,CONTROLS,船舶监测报警系统_轮机长室报警延伸单元,Equipment,主机控制轮机长室报警延伸,电气::机舱微机监测报警系统说明书,电气::机舱微机监测报警系统说明书::chunk_2
REL_000262,船舶监测报警系统_备用主机,Equipment,CONTROLS,船舶监测报警系统_驾控台报警延伸单元,Equipment,主机控制驾控台报警延伸,电气::机舱微机监测报警系统说明书,电气::机舱微机监测报警系统说明书::chunk_2
REL_000263,船舶监测报警系统_备用主机,Equipment,DIAGNOSED_BY,船舶监测报警系统_主机_报警历史查询,DiagnosticMethod,主机故障可通过历史查询诊断,电气::机舱微机监测报警系统说明书,电气::机舱微机监测报警系统说明书::chunk_2
REL_000264,船舶监测报警系统_备用主机,Equipment,HAS_COMPONENT,船舶监测报警系统_主机_电子存储器,Component,主机内部集成电子存储部件,电气::机舱微机监测报警系统说明书,电气::机舱微机监测报警系统说明书::chunk_1
REL_000265,船舶监测报警系统_备用主机,Equipment,HAS_COMPONENT,船舶监测报警系统_主机_看门狗模块,Component,主机内部集成看门狗功能模块,电气::机舱微机监测报警系统说明书,电气::机舱微机监测报警系统说明书::chunk_1
REL_000266,船舶监测报警系统_备用主机,Equipment,HAS_FAULT,船舶监测报警系统_主机_主机故障,FaultPhenomenon,主机可能发生运行故障现象,电气::机舱微机监测报警系统说明书,电气::机舱微机监测报警系统说明书::chunk_1
REL_000267,船舶监测报警系统_备用主机,Equipment,HAS_FAULT,船舶监测报警系统_主机_参数越限报警,FaultPhenomenon,主机监测到参数越限时产生报警,电气::机舱微机监测报警系统说明书,电气::机舱微机监测报警系统说明书::chunk_2
REL_000268,船舶监测报警系统_备用主机,Equipment,HAS_PARAMETER,船舶监测报警系统_主机_工作温度范围,Parameter,主机需在指定温度范围内工作,电气::机舱微机监测报警系统说明书,电气::机舱微机监测报警系统说明书::chunk_3
REL_000269,船舶监测报警系统_备用主机,Equipment,HAS_PARAMETER,船舶监测报警系统_主机_接口标准,Parameter,主机具备电源及输入输出接口的标准形式参数,电气::机舱微机监测报警系统说明书,电气::机舱微机监测报警系统说明书::chunk_5
REL_000270,船舶监测报警系统_备用主机,Equipment,HAS_PARAMETER,船舶监测报警系统_主机_测量精度,Parameter,主机处理数据的测量精度指标,电气::机舱微机监测报警系统说明书,电气::机舱微机监测报警系统说明书::chunk_3
REL_000271,船舶监测报警系统_备用主机,Equipment,HAS_PARAMETER,船舶监测报警系统_主机_电源纹波系数,Parameter,主机对电源纹波系数有特定技术要求,电气::机舱微机监测报警系统说明书,电气::机舱微机监测报警系统说明书::chunk_3
REL_000272,船舶监测报警系统_备用主机,Equipment,HAS_PARAMETER,船舶监测报警系统_主机_电源自动切换功能,Parameter,主机具备两路电源自动切换的功能特性,电气::机舱微机监测报警系统说明书,电气::机舱微机监测报警系统说明书::chunk_3
REL_000273,船舶监测报警系统_备用主机,Equipment,HAS_PARAMETER,船舶监测报警系统_主机_电源输入电压,Parameter,主机依赖特定的电源输入电压规格工作,电气::机舱微机监测报警系统说明书,电气::机舱微机监测报警系统说明书::chunk_3
REL_000274,船舶监测报警系统_备用主机,Equipment,HAS_PARAMETER,船舶监测报警系统_主机_额定功率,Parameter,主机运行时的功率消耗参数,电气::机舱微机监测报警系统说明书,电气::机舱微机监测报警系统说明书::chunk_3
REL_000275,船舶监测报警系统_备用主机,Equipment,PREVENTS,船舶监测报警系统_主机_外界谐波干扰,FaultCause,主机具备抗谐波干扰能力,电气::机舱微机监测报警系统说明书,电气::机舱微机监测报警系统说明书::chunk_2
REL_000276,船舶监测报警系统_延伸报警灯板,Equipment,CONNECTS_TO,船舶监测报警系统_备用主机,Equipment,延伸报警灯板通过通讯线路物理连接至系统主机,电气::机舱微机监测报警系统说明书,电气::机舱微机监测报警系统说明书::chunk_7
REL_000277,船舶监测报警系统_延伸报警灯板,Equipment,HAS_PARAMETER,船舶监测报警系统_延伸报警灯板_尺寸规格,Parameter,延伸报警灯板具备特定的物理尺寸参数属性,电气::机舱微机监测报警系统说明书,电气::机舱微机监测报警系统说明书::chunk_7
REL_000278,船舶监测报警系统_延伸报警灯板,Equipment,HAS_PARAMETER,船舶监测报警系统_延伸报警灯板_报警点数,Parameter,延伸报警灯板具备特定的报警容量参数属性,电气::机舱微机监测报警系统说明书,电气::机舱微机监测报警系统说明书::chunk_7
REL_000279,船舶监测报警系统_延伸报警灯板,Equipment,HAS_PARAMETER,船舶监测报警系统_延伸报警灯板_通讯标准,Parameter,延伸报警灯板具备特定的通讯标准参数属性,电气::机舱微机监测报警系统说明书,电气::机舱微机监测报警系统说明书::chunk_7
REL_000280,船舶监测报警系统_打印设备,Equipment,CONNECTS_TO,船舶监测报警系统_备用主机,Equipment,打印设备通过接插线物理连接至主机工控机,电气::机舱微机监测报警系统说明书,电气::机舱微机监测报警系统说明书::chunk_9
REL_000281,船舶监测报警系统_打印设备,Equipment,HAS_PARAMETER,船舶监测报警系统_打印设备_产品系列,Parameter,打印设备具备特定的产品系列参数,电气::机舱微机监测报警系统说明书,电气::机舱微机监测报警系统说明书::chunk_9
REL_000282,船舶监测报警系统_打印设备,Equipment,HAS_PARAMETER,船舶监测报警系统_打印设备_纸张类型,Parameter,打印设备依赖特定类型的纸张耗材,电气::机舱微机监测报警系统说明书,电气::机舱微机监测报警系统说明书::chunk_9
REL_000283,船舶监测报警系统_打印设备,Equipment,HAS_PARAMETER,船舶监测报警系统_打印设备_额定功率,Parameter,打印设备运行时的功率消耗参数,电气::机舱微机监测报警系统说明书,电气::机舱微机监测报警系统说明书::chunk_3
REL_000284,船舶监测报警系统_数据输出模块,Equipment,HAS_PARAMETER,船舶监测报警系统_VDR 数据通讯模块_电源输入电压,Parameter,数据输出模块具有特定的电源输入电压参数,电气::机舱微机监测报警系统说明书,电气::机舱微机监测报警系统说明书::chunk_8
REL_000285,船舶监测报警系统_数据采集通讯模块,Equipment,CONNECTS_TO,船舶监测报警系统_备用主机,Equipment,数据采集模块将采集的信号连接传送至主机,电气::机舱微机监测报警系统说明书,电气::机舱微机监测报警系统说明书::chunk_5
REL_000286,船舶监测报警系统_数据采集通讯模块,Equipment,CONNECTS_TO,船舶监测报警系统_数据采集通讯模块,Equipment,数据采集模块通过 RS-485 模式连接至数据采集通讯模块,电气::机舱微机监测报警系统说明书,电气::机舱微机监测报警系统说明书::chunk_8
REL_000287,船舶监测报警系统_数据采集通讯模块,Equipment,HAS_COMPONENT,船舶监测报警系统_数据采集模块_内部数据处理单元,Component,数据采集模块内部包含数据处理单元用于信息处理,电气::机舱微机监测报警系统说明书,电气::机舱微机监测报警系统说明书::chunk_8
REL_000288,船舶监测报警系统_数据采集通讯模块,Equipment,HAS_PARAMETER,船舶监测报警系统_VDR 数据通讯模块_电源输入电压,Parameter,数据采集模块具有特定的电源输入电压参数,电气::机舱微机监测报警系统说明书,电气::机舱微机监测报警系统说明书::chunk_8
REL_000289,船舶监测报警系统_数据采集通讯模块,Equipment,HAS_PARAMETER,船舶监测报警系统_数据采集通讯模块_通讯转换标准,Parameter,数据采集模块具有特定的通讯标准参数,电气::机舱微机监测报警系统说明书,电气::机舱微机监测报警系统说明书::chunk_8
REL_000290,船舶监测报警系统_显示单元,Equipment,CONNECTS_TO,船舶监测报警系统_备用主机,Equipment,操作单元将键盘指令连接传送至主机进行处理,电气::机舱微机监测报警系统说明书,电气::机舱微机监测报警系统说明书::chunk_5
REL_000291,船舶监测报警系统_显示单元,Equipment,HAS_COMPONENT,船舶监测报警系统_操作单元_轨迹球,Component,操作单元内部包含轨迹球作为控制组件,电气::机舱微机监测报警系统说明书,电气::机舱微机监测报警系统说明书::chunk_5
REL_000292,船舶监测报警系统_显示单元,Equipment,HAS_COMPONENT,船舶监测报警系统_操作单元_键盘,Component,操作单元内部包含键盘作为输入组件,电气::机舱微机监测报警系统说明书,电气::机舱微机监测报警系统说明书::chunk_5
REL_000293,船舶监测报警系统_显示单元,Equipment,HAS_PARAMETER,船舶监测报警系统_显示单元_屏幕尺寸规格,Parameter,显示单元具备可配置的屏幕尺寸规格参数,电气::机舱微机监测报警系统说明书,电气::机舱微机监测报警系统说明书::chunk_9
REL_000294,船舶监测报警系统_显示单元,Equipment,HAS_PARAMETER,船舶监测报警系统_显示单元_显示技术类型,Parameter,显示单元具备可选择的显示技术类型参数,电气::机舱微机监测报警系统说明书,电气::机舱微机监测报警系统说明书::chunk_9
REL_000295,船舶监测报警系统_显示单元,Equipment,HAS_PARAMETER,船舶监测报警系统_显示单元_额定功率,Parameter,显示单元运行时的功率消耗参数,电气::机舱微机监测报警系统说明书,电气::机舱微机监测报警系统说明书::chunk_3
REL_000296,船舶监测报警系统_显示单元,Equipment,MONITORS,船舶监测报警系统_主机_参数越限报警,FaultPhenomenon,显示单元监测并显示越限报警,电气::机舱微机监测报警系统说明书,电气::机舱微机监测报警系统说明书::chunk_2
REL_000297,船舶监测报警系统_显示单元,Equipment,MONITORS,船舶监测报警系统_主机_报警检测参数,Parameter,显示单元用于展示报警检测参数内容,电气::机舱微机监测报警系统说明书,电气::机舱微机监测报警系统说明书::chunk_1
REL_000298,船舶监测报警系统_过程变送器,Equipment,HAS_PARAMETER,船舶监测报警系统_过程变送器_电流信号标准,Parameter,过程变送器具备特定的电流信号标准参数要求,电气::机舱微机监测报警系统说明书,电气::机舱微机监测报警系统说明书::chunk_4
REL_000299,船舶监测报警系统_过程变送器,Equipment,HAS_PARAMETER,船舶监测报警系统_过程变送器_电阻信号类型,Parameter,过程变送器具备特定的电阻信号类型参数要求,电气::机舱微机监测报警系统说明书,电气::机舱微机监测报警系统说明书::chunk_4
REL_000300,驾驶台航行值班报警系统,System,HAS_COMPONENT,驾驶台航行值班报警系统_主控单元,Equipment,系统由该核心控制设备组成,电气::GC WAS-01 驾驶室船舶值班报警系统说明书,电气::GC WAS-01 驾驶室船舶值班报警系统说明书::chunk_3
REL_000301,驾驶台航行值班报警系统,System,HAS_COMPONENT,驾驶台航行值班报警系统_值班官员延伸单元,Equipment,系统包含该值班官员延伸提示设备,电气::GC WAS-01 驾驶室船舶值班报警系统说明书,电气::GC WAS-01 驾驶室船舶值班报警系统说明书::chunk_3
REL_000302,驾驶台航行值班报警系统,System,HAS_COMPONENT,驾驶台航行值班报警系统_左右翼复位单元,Equipment,系统包含该驾驶台翼部复位设备,电气::GC WAS-01 驾驶室船舶值班报警系统说明书,电气::GC WAS-01 驾驶室船舶值班报警系统说明书::chunk_3
REL_000303,驾驶台航行值班报警系统,System,HAS_COMPONENT,驾驶台航行值班报警系统_报警延伸选择单元,Equipment,系统包含该报警路径选择设备,电气::GC WAS-01 驾驶室船舶值班报警系统说明书,电气::GC WAS-01 驾驶室船舶值班报警系统说明书::chunk_3
REL_000304,驾驶台航行值班报警系统,System,HAS_COMPONENT,驾驶台航行值班报警系统_热释传感器自动复位单元,Equipment,系统包含该传感器自动复位设备,电气::GC WAS-01 驾驶室船舶值班报警系统说明书,电气::GC WAS-01 驾驶室船舶值班报警系统说明书::chunk_3
REL_000305,驾驶台航行值班报警系统,System,HAS_COMPONENT,驾驶台航行值班报警系统_电源单元,Equipment,系统包含该电力供应设备,电气::GC WAS-01 驾驶室船舶值班报警系统说明书,电气::GC WAS-01 驾驶室船舶值班报警系统说明书::chunk_3
REL_000306,驾驶台航行值班报警系统,System,HAS_COMPONENT,驾驶台航行值班报警系统_输出接线单元,Equipment,系统包含该信号输出接线设备,电气::GC WAS-01 驾驶室船舶值班报警系统说明书,电气::GC WAS-01 驾驶室船舶值班报警系统说明书::chunk_3
REL_000307,驾驶台航行值班报警系统,System,HAS_COMPONENT,驾驶台航行值班报警系统_驾驶室复位单元,Equipment,系统包含该驾驶室复位操作设备,电气::GC WAS-01 驾驶室船舶值班报警系统说明书,电气::GC WAS-01 驾驶室船舶值班报警系统说明书::chunk_3
REL_000308,驾驶台航行值班报警系统,System,HAS_FAULT,驾驶台航行值班报警系统_航行值班故障,FaultPhenomenon,系统可能发生的航行值班功能 malfunction 故障,电气::GC WAS-01 驾驶室船舶值班报警系统说明书,电气::GC WAS-01 驾驶室船舶值班报警系统说明书::chunk_8
REL_000309,驾驶台航行值班报警系统,System,HAS_FAULT,驾驶台航行值班报警系统_视觉报警,FaultPhenomenon,系统可能触发的视觉信号报警故障,电气::GC WAS-01 驾驶室船舶值班报警系统说明书,电气::GC WAS-01 驾驶室船舶值班报警系统说明书::chunk_8
REL_000310,驾驶台航行值班报警系统,System,HAS_PARAMETER,驾驶台航行值班报警系统_VDR 输出接口类型,Parameter,系统配置有 RS485 标准的 VDR 输出接口参数,电气::GC WAS-01 驾驶室船舶值班报警系统说明书,电气::GC WAS-01 驾驶室船舶值班报警系统说明书::chunk_6
REL_000311,驾驶台航行值班报警系统,System,HAS_PARAMETER,驾驶台航行值班报警系统_工作环境温度,Parameter,系统运行受环境温度范围限制,电气::GC WAS-01 驾驶室船舶值班报警系统说明书,电气::GC WAS-01 驾驶室船舶值班报警系统说明书::chunk_4
REL_000312,驾驶台航行值班报警系统,System,HAS_PARAMETER,驾驶台航行值班报警系统_工作电压,Parameter,系统依赖直流 24V 电压作为工作电源,电气::GC WAS-01 驾驶室船舶值班报警系统说明书,电气::GC WAS-01 驾驶室船舶值班报警系统说明书::chunk_4
REL_000313,驾驶台航行值班报警系统,System,HAS_PARAMETER,驾驶台航行值班报警系统_无源触点最大容量,Parameter,系统具备无源触点最大容量为 DC36V/2A 的技术参数,电气::GC WAS-01 驾驶室船舶值班报警系统说明书,电气::GC WAS-01 驾驶室船舶值班报警系统说明书::chunk_6
REL_000314,驾驶台航行值班报警系统,System,HAS_PARAMETER,驾驶台航行值班报警系统_环境防护性能,Parameter,系统具备防振防潮湿防盐雾防霉菌措施,电气::GC WAS-01 驾驶室船舶值班报警系统说明书,电气::GC WAS-01 驾驶室船舶值班报警系统说明书::chunk_4
REL_000315,驾驶台航行值班报警系统,System,HAS_PARAMETER,驾驶台航行值班报警系统_电磁兼容性能,Parameter,系统具备抗干扰措施以满足电磁兼容规范,电气::GC WAS-01 驾驶室船舶值班报警系统说明书,电气::GC WAS-01 驾驶室船舶值班报警系统说明书::chunk_4
REL_000316,驾驶台航行值班报警系统,System,HAS_PARAMETER,驾驶台航行值班报警系统_相对湿度,Parameter,系统运行受环境相对湿度限制,电气::GC WAS-01 驾驶室船舶值班报警系统说明书,电气::GC WAS-01 驾驶室船舶值班报警系统说明书::chunk_4
REL_000317,驾驶台航行值班报警系统,System,HAS_PARAMETER,驾驶台航行值班报警系统_通信协议 ASC 码,Parameter,系统通信协议采用 ASC 码作为数据编码标准,电气::GC WAS-01 驾驶室船舶值班报警系统说明书,电气::GC WAS-01 驾驶室船舶值班报警系统说明书::chunk_8
REL_000318,驾驶台航行值班报警系统,System,HAS_PARAMETER,驾驶台航行值班报警系统_通信协议异或校验和,Parameter,系统通信协议依赖异或校验和参数进行数据完整性验证,电气::GC WAS-01 驾驶室船舶值班报警系统说明书,电气::GC WAS-01 驾驶室船舶值班报警系统说明书::chunk_8
REL_000319,驾驶台航行值班报警系统,System,HAS_PARAMETER,驾驶台航行值班报警系统_通信协议报警状态指示位,Parameter,系统通信协议包含报警名称参数定义,电气::GC WAS-01 驾驶室船舶值班报警系统说明书,电气::GC WAS-01 驾驶室船舶值班报警系统说明书::chunk_7
REL_000320,驾驶台航行值班报警系统,System,HAS_PARAMETER,驾驶台航行值班报警系统_通信协议数据头格式,Parameter,系统通信协议采用$AYXDR 格式且 A 代表头文件,电气::GC WAS-01 驾驶室船舶值班报警系统说明书,电气::GC WAS-01 驾驶室船舶值班报警系统说明书::chunk_6
REL_000321,驾驶台航行值班报警系统,System,HAS_PARAMETER,驾驶台航行值班报警系统_通信协议运行模式参数,Parameter,系统通过通信协议参数监控当前运行模式状态,电气::GC WAS-01 驾驶室船舶值班报警系统说明书,电气::GC WAS-01 驾驶室船舶值班报警系统说明书::chunk_8
REL_000322,驾驶台航行值班报警系统,System,HAS_PARAMETER,驾驶台航行值班报警系统_防护等级,Parameter,系统整机防护等级满足 IP22 标准,电气::GC WAS-01 驾驶室船舶值班报警系统说明书,电气::GC WAS-01 驾驶室船舶值班报警系统说明书::chunk_6
REL_000323,驾驶台航行值班报警系统_主控单元,Equipment,HAS_PARAMETER,驾驶台航行值班报警系统_自动舵遥控启动输入信号,Parameter,主控单元接收自动舵远程启动的无源触点信号,电气::GC WAS-01 驾驶室船舶值班报警系统说明书,电气::GC WAS-01 驾驶室船舶值班报警系统说明书::chunk_4
REL_000324,驾驶台航行值班报警系统_左右翼复位单元,Equipment,HAS_PARAMETER,驾驶台航行值班报警系统_左右翼复位单元_防护等级,Parameter,左右翼复位单元设备防护等级满足 IP56 标准,电气::GC WAS-01 驾驶室船舶值班报警系统说明书,电气::GC WAS-01 驾驶室船舶值班报警系统说明书::chunk_6
REL_000325,驾驶台航行值班报警系统_电源单元,Equipment,HAS_COMPONENT,驾驶台航行值班报警系统_电源单元_电源接线模块,Component,电源设备内部包含该接线子模块,电气::GC WAS-01 驾驶室船舶值班报警系统说明书,电气::GC WAS-01 驾驶室船舶值班报警系统说明书::chunk_3
REL_000326,驾驶台航行值班报警系统_输出接线单元,Equipment,HAS_PARAMETER,驾驶台航行值班报警系统_导航自动复位信号输入通道数,Parameter,输出接线单元提供 3 路导航自动复位信号输入通道,电气::GC WAS-01 驾驶室船舶值班报警系统说明书,电气::GC WAS-01 驾驶室船舶值班报警系统说明书::chunk_4
REL_000327,驾驶台航行值班报警系统_输出接线单元,Equipment,HAS_PARAMETER,驾驶台航行值班报警系统_延伸输出到公共区域报警通道数,Parameter,输出接线单元配置了延伸到公共区域的报警通道数参数,电气::GC WAS-01 驾驶室船舶值班报警系统说明书,电气::GC WAS-01 驾驶室船舶值班报警系统说明书::chunk_5
REL_000328,驾驶台航行值班报警系统_输出接线单元,Equipment,HAS_PARAMETER,驾驶台航行值班报警系统_延伸输出到官员舱室报警通道数,Parameter,输出接线单元配置了延伸到官员舱室的报警通道数参数,电气::GC WAS-01 驾驶室船舶值班报警系统说明书,电气::GC WAS-01 驾驶室船舶值班报警系统说明书::chunk_5
REL_000329,驾驶台航行值班报警系统_输出接线单元,Equipment,HAS_PARAMETER,驾驶台航行值班报警系统_通用报警输出接口类型,Parameter,输出接线单元配置了延伸到通用报警输出的接口类型参数,电气::GC WAS-01 驾驶室船舶值班报警系统说明书,电气::GC WAS-01 驾驶室船舶值班报警系统说明书::chunk_5
REL_000330,驾驶台航行值班报警系统_输出接线单元,Equipment,HAS_PARAMETER,驾驶台航行值班报警系统_驾驶室复位输入输出通道数,Parameter,输出接线单元提供 3 路驾驶室复位输入输出通道,电气::GC WAS-01 驾驶室船舶值班报警系统说明书,电气::GC WAS-01 驾驶室船舶值班报警系统说明书::chunk_4
REL_000331,驾驶室_应急车钟,Equipment,CONNECTS_TO,CDQY2A-PC2-6 型 船用主柴油机电气遥控系统_机舱控制箱,Equipment,应急车钟的控制命令可发送至机旁显示箱,电气::CDQY2A-PC2-6型 船用主柴油机电气遥控系统说明书,电气::CDQY2A-PC2-6型 船用主柴油机电气遥控系统说明书::chunk_22
REL_000332,FaultPhenomenon_Burns,FaultPhenomenon,CAUSED_BY,FaultCause_Hot Fluid Or Surface,FaultCause,人员灼伤故障由接触热流体或表面导致,发动机::D8操作手册,发动机::D8操作手册::chunk_1;发动机::D8操作手册::chunk_2;发动机::D8操作手册::chunk_3;发动机::D8操作手册::chunk_4
REL_000333,FaultPhenomenon_Carbon Monoxide Poisoning,FaultPhenomenon,CAUSED_BY,FaultCause_Exhaust Wake Inhalation,FaultCause,一氧化碳中毒现象由船尾湍流吸入废气导致,发动机::D8操作手册,发动机::D8操作手册::chunk_7
REL_000334,FaultPhenomenon_Component Failure,FaultPhenomenon,CAUSED_BY,FaultCause_Component Contamination,FaultCause,组件故障现象由组件污染引起,发动机::D8操作手册,发动机::D8操作手册::chunk_7
REL_000335,FaultPhenomenon_Corrosion Danger,FaultPhenomenon,CAUSED_BY,FaultCause_High Corrosion Environment,FaultCause,腐蚀危险由高腐蚀环境导致,发动机::D8操作手册,发动机::D8操作手册::chunk_18
REL_000336,FaultPhenomenon_DPS Activation Failure,FaultPhenomenon,CAUSED_BY,FaultCause_DPS Antenna Fault,FaultCause,激活失败由天线故障导致,发动机::D8操作手册,发动机::D8操作手册::chunk_18
REL_000337,FaultPhenomenon_DPS Activation Failure,FaultPhenomenon,CAUSED_BY,FaultCause_GPS Signal Weakness,FaultCause,激活失败由 GPS 信号弱导致,发动机::D8操作手册,发动机::D8操作手册::chunk_18
REL_000338,FaultPhenomenon_DPS Activation Failure,FaultPhenomenon,CAUSED_BY,FaultCause_Joystick Not Neutral,FaultCause,激活失败由操纵杆未回空档导致,发动机::D8操作手册,发动机::D8操作手册::chunk_18
REL_000339,FaultPhenomenon_DPS Activation Failure,FaultPhenomenon,CAUSED_BY,FaultCause_Sliding Function Unavailable,FaultCause,激活失败由滑动功能不可用导致,发动机::D8操作手册,发动机::D8操作手册::chunk_18
REL_000340,FaultPhenomenon_DPS Activation Failure,FaultPhenomenon,CAUSED_BY,FaultCause_Vessel Speed Too High,FaultCause,激活失败由船速过高导致,发动机::D8操作手册,发动机::D8操作手册::chunk_18
REL_000341,FaultPhenomenon_DPS Activation Failure,FaultPhenomenon,DIAGNOSED_BY,DiagnosticMethod_Check GPS Antenna,DiagnosticMethod,激活失败故障可通过检查 GPS 天线诊断,发动机::D8操作手册,发动机::D8操作手册::chunk_18
REL_000342,FaultPhenomenon_Electronic Device Damage,FaultPhenomenon,CAUSED_BY,FaultCause_Disconnecting Switch While Running,FaultCause,电子装置损坏故障由运行时断开开关导致,发动机::D8操作手册,发动机::D8操作手册::chunk_1;发动机::D8操作手册::chunk_2;发动机::D8操作手册::chunk_3;发动机::D8操作手册::chunk_4
REL_000343,FaultPhenomenon_Electronic Device Damage,FaultPhenomenon,CAUSED_BY,FaultCause_Wrong Battery Polarity,FaultCause,电子设备损坏现象可由电池极性接反导致,发动机::D8操作手册,发动机::D8操作手册::chunk_5;发动机::D8操作手册::chunk_6
REL_000344,FaultPhenomenon_Emission Certificate Void,FaultPhenomenon,CAUSED_BY,FaultCause_Unauthorized Modification,FaultCause,擅自改装导致排放证书无效,发动机::D8操作手册,发动机::D8操作手册::chunk_10;发动机::D8操作手册::chunk_11;发动机::D8操作手册::chunk_8;发动机::D8操作手册::chunk_9
REL_000345,FaultPhenomenon_Engine Overspeed,FaultPhenomenon,CAUSED_BY,FaultCause_Wrong Fuel Quality,FaultCause,发动机超速故障由错误的燃料质量导致,发动机::D8操作手册,发动机::D8操作手册::chunk_1;发动机::D8操作手册::chunk_2;发动机::D8操作手册::chunk_3;发动机::D8操作手册::chunk_4
REL_000346,FaultPhenomenon_Engine Start Failure,FaultPhenomenon,CAUSED_BY,FaultCause_Cold Weather,FaultCause,发动机启动失败可由寒冷天气导致,发动机::D8操作手册,发动机::D8操作手册::chunk_20
REL_000347,FaultPhenomenon_Fire Or Explosion,FaultPhenomenon,CAUSED_BY,FaultCause_Spark Or Open Flame,FaultCause,火灾或爆炸事故由火花或明火引发,发动机::D8操作手册,发动机::D8操作手册::chunk_0
REL_000348,FaultPhenomenon_Fuel Or Oil Leak,FaultPhenomenon,DIAGNOSED_BY,DiagnosticMethod_Visual Inspection Before Start,DiagnosticMethod,泄漏故障可通过启动前目视检查进行诊断,发动机::D8操作手册,发动机::D8操作手册::chunk_0
REL_000349,FaultPhenomenon_Fuel Pipe Cracking,FaultPhenomenon,CAUSED_BY,FaultCause_Bending Fuel Pipes,FaultCause,管路开裂故障由违规弯曲高压油管引起,发动机::D8操作手册,发动机::D8操作手册::chunk_5;发动机::D8操作手册::chunk_6
REL_000350,FaultPhenomenon_High Fuel Consumption,FaultPhenomenon,CAUSED_BY,FaultCause_Wrong Oil Coolant Quality,FaultCause,错误油品质量导致油耗增加,发动机::D8操作手册,发动机::D8操作手册::chunk_10;发动机::D8操作手册::chunk_11;发动机::D8操作手册::chunk_8;发动机::D8操作手册::chunk_9
REL_000351,FaultPhenomenon_Mechanical Damage,FaultPhenomenon,CAUSED_BY,FaultCause_Cold Idling,FaultCause,冷态发动机空转会导致发动机部件机械损坏,发动机::D8操作手册,发动机::D8操作手册::chunk_21
REL_000352,FaultPhenomenon_Mechanical Damage,FaultPhenomenon,CAUSED_BY,FaultCause_Foreign Objects In Inlet,FaultCause,机械损坏故障由入口管异物导致,发动机::D8操作手册,发动机::D8操作手册::chunk_1;发动机::D8操作手册::chunk_2;发动机::D8操作手册::chunk_3;发动机::D8操作手册::chunk_4
REL_000353,FaultPhenomenon_Mechanical Damage,FaultPhenomenon,CAUSED_BY,FaultCause_High Pressure Water Cleaning,FaultCause,机械损伤现象可由高压水清洗发动机引起,发动机::D8操作手册,发动机::D8操作手册::chunk_5;发动机::D8操作手册::chunk_6
REL_000354,FaultPhenomenon_Mechanical Damage,FaultPhenomenon,CAUSED_BY,FaultCause_Overload Stress,FaultCause,过度负载应力导致机械损坏,发动机::D8操作手册,发动机::D8操作手册::chunk_10;发动机::D8操作手册::chunk_11;发动机::D8操作手册::chunk_8;发动机::D8操作手册::chunk_9
REL_000355,FaultPhenomenon_Propeller Cavitation,FaultPhenomenon,CAUSED_BY,FaultCause_Excessive Trim Angle,FaultCause,螺旋桨气蚀由过度纵倾角导致,发动机::D8操作手册,发动机::D8操作手册::chunk_14
REL_000356,FaultPhenomenon_Propeller Loosening,FaultPhenomenon,CAUSED_BY,FaultCause_Excessive Trim Angle,FaultCause,螺旋桨松动由过度纵倾角导致,发动机::D8操作手册,发动机::D8操作手册::chunk_14
REL_000357,FaultPhenomenon_Screen Damage,FaultPhenomenon,CAUSED_BY,FaultCause_Sunlight Exposure,FaultCause,屏幕损坏故障由长期阳光暴露导致,发动机::D8操作手册,发动机::D8操作手册::chunk_12
REL_000358,FaultPhenomenon_Sepsis Infection,FaultPhenomenon,CAUSED_BY,FaultCause_Fuel Penetration Into Tissue,FaultCause,败血病感染现象由高压燃油渗入组织直接导致,发动机::D8操作手册,发动机::D8操作手册::chunk_5;发动机::D8操作手册::chunk_6
REL_000359,FaultPhenomenon_Shortened Engine Life,FaultPhenomenon,CAUSED_BY,FaultCause_Cold Idling,FaultCause,冷态发动机空转会缩短发动机的使用寿命,发动机::D8操作手册,发动机::D8操作手册::chunk_21
REL_000360,FaultPhenomenon_Shortened Engine Life,FaultPhenomenon,CAUSED_BY,FaultCause_Wrong Oil Coolant Quality,FaultCause,错误油品质量缩短发动机寿命,发动机::D8操作手册,发动机::D8操作手册::chunk_10;发动机::D8操作手册::chunk_11;发动机::D8操作手册::chunk_8;发动机::D8操作手册::chunk_9
REL_000361,FaultPhenomenon_Skin Damage,FaultPhenomenon,CAUSED_BY,FaultCause_Chemical Contact,FaultCause,皮肤损伤由直接接触有害化学品导致,发动机::D8操作手册,发动机::D8操作手册::chunk_0
REL_000362,FaultPhenomenon_Speedometer Error,FaultPhenomenon,CAUSED_BY,FaultCause_Speed Factor Mismatch,FaultCause,速度计错误故障由速度系数不匹配导致,发动机::D8操作手册,发动机::D8操作手册::chunk_12
REL_000363,FaultPhenomenon_Speedometer Error,FaultPhenomenon,REPAIRED_BY,RepairMethod_Adjust Speed Factor,RepairMethod,速度计错误故障通过调整速度系数修复,发动机::D8操作手册,发动机::D8操作手册::chunk_12
REL_000364,FaultPhenomenon_Speedometer Error,FaultPhenomenon,REPAIRED_BY,RepairMethod_Calibrate System,RepairMethod,转速表错误现象可通过校准系统方法进行修复,发动机::D8操作手册,发动机::D8操作手册::chunk_13
REL_000365,FaultPhenomenon_Starter Motor Overheat,FaultPhenomenon,CAUSED_BY,FaultCause_Prolonged Cranking,FaultCause,起动马达过热由长时间接合导致,发动机::D8操作手册,发动机::D8操作手册::chunk_20
REL_000366,FaultPhenomenon_System Performance Fault,FaultPhenomenon,CAUSED_BY,FaultCause_Third Party System Fault,FaultCause,第三方系统使用导致性能故障,发动机::D8操作手册,发动机::D8操作手册::chunk_10;发动机::D8操作手册::chunk_11;发动机::D8操作手册::chunk_8;发动机::D8操作手册::chunk_9
REL_000367,FaultPhenomenon_Transmission Stress,FaultPhenomenon,CAUSED_BY,FaultCause_High Speed Shifting,FaultCause,高转速下换档会导致传动装置承受不必要应力,发动机::D8操作手册,发动机::D8操作手册::chunk_21
REL_000368,FaultPhenomenon_Unintended Vessel Movement,FaultPhenomenon,CAUSED_BY,FaultCause_Electromagnetic Interference,FaultCause,电磁干扰导致船只意外移动,发动机::D8操作手册,发动机::D8操作手册::chunk_17
REL_000369,FaultPhenomenon_Unintended Vessel Movement,FaultPhenomenon,CAUSED_BY,FaultCause_Environmental Conditions,FaultCause,环境条件恶劣导致船只意外移动,发动机::D8操作手册,发动机::D8操作手册::chunk_17
REL_000370,FaultPhenomenon_Warranty Void,FaultPhenomenon,CAUSED_BY,FaultCause_Unauthorized Modification,FaultCause,未经授权改装导致保修失效,发动机::D8操作手册,发动机::D8操作手册::chunk_10;发动机::D8操作手册::chunk_11;发动机::D8操作手册::chunk_8;发动机::D8操作手册::chunk_9
REL_000371,FaultPhenomenon_Warranty Void,FaultPhenomenon,CAUSED_BY,FaultCause_Wrong Oil Coolant Quality,FaultCause,油品或冷却剂不当导致保修索赔被拒,发动机::D8操作手册,发动机::D8操作手册::chunk_10;发动机::D8操作手册::chunk_11;发动机::D8操作手册::chunk_8;发动机::D8操作手册::chunk_9
REL_000372,FaultPhenomenon_Water Ingestion,FaultPhenomenon,CAUSED_BY,FaultCause_Engine Stop During Maneuver,FaultCause,操纵期间发动机停止会导致水通过排气管进入,发动机::D8操作手册,发动机::D8操作手册::chunk_21
REL_000373,Marine Engine System,System,HAS_COMPONENT,Marine Engine System_4 Inch Screen,Equipment,发动机系统包含 4 英寸屏幕设备,发动机::D8操作手册,发动机::D8操作手册::chunk_12
REL_000374,Marine Engine System,System,HAS_COMPONENT,Marine Engine System_7 Inch Screen,Equipment,船舶发动机系统包含 7 英寸屏幕作为显示和控制设备,发动机::D8操作手册,发动机::D8操作手册::chunk_13
REL_000375,Marine Engine System,System,HAS_COMPONENT,Marine Engine System_Active Corrosion Protection,Component,船舶发动机系统包含主动防腐蚀保护组件,发动机::D8操作手册,发动机::D8操作手册::chunk_13
REL_000376,Marine Engine System,System,HAS_COMPONENT,Marine Engine System_Alternator,Component,机舱发动机系统包含交流发电机作为其关键组成部分,发动机::D8操作手册,发动机::D8操作手册::chunk_1;发动机::D8操作手册::chunk_2;发动机::D8操作手册::chunk_3;发动机::D8操作手册::chunk_4
REL_000377,Marine Engine System,System,HAS_COMPONENT,Marine Engine System_Autopilot,Equipment,船舶发动机系统包含自动操舵仪设备用于自动航线保持,发动机::D8操作手册,发动机::D8操作手册::chunk_15
REL_000378,Marine Engine System,System,HAS_COMPONENT,Marine Engine System_Auxiliary Stop Device,Component,系统包含用于紧急停机的辅助停止装置组件,发动机::D8操作手册,发动机::D8操作手册::chunk_22
REL_000379,Marine Engine System,System,HAS_COMPONENT,Marine Engine System_Battery,Component,发动机系统包含电池组件作为启动电源,发动机::D8操作手册,发动机::D8操作手册::chunk_0
REL_000380,Marine Engine System,System,HAS_COMPONENT,Marine Engine System_Battery Management System,Equipment,主系统包含电池管理设备,发动机::D8操作手册,发动机::D8操作手册::chunk_18
REL_000381,Marine Engine System,System,HAS_COMPONENT,Marine Engine System_Control Device,Equipment,发动机系统包含控制装置用于操作发动机,发动机::D8操作手册,发动机::D8操作手册::chunk_14
REL_000382,Marine Engine System,System,HAS_COMPONENT,Marine Engine System_Cooling System,Component,机舱发动机系统包含冷却系统作为其关键组成部分,发动机::D8操作手册,发动机::D8操作手册::chunk_1;发动机::D8操作手册::chunk_2;发动机::D8操作手册::chunk_3;发动机::D8操作手册::chunk_4
REL_000383,Marine Engine System,System,HAS_COMPONENT,Marine Engine System_Dynamic Positioning System,Equipment,船舶发动机系统包含动态定位系统设备,发动机::D8操作手册,发动机::D8操作手册::chunk_17
REL_000384,Marine Engine System,System,HAS_COMPONENT,Marine Engine System_EVC System,Equipment,发动机系统包含电子船舶控制设备,发动机::D8操作手册,发动机::D8操作手册::chunk_10;发动机::D8操作手册::chunk_11;发动机::D8操作手册::chunk_8;发动机::D8操作手册::chunk_9
REL_000385,Marine Engine System,System,HAS_COMPONENT,Marine Engine System_Echo Sounder,Component,船舶发动机系统包含回声探测器组件用于深度测量,发动机::D8操作手册,发动机::D8操作手册::chunk_13
REL_000386,Marine Engine System,System,HAS_COMPONENT,Marine Engine System_Electrical System,Component,发动机系统包含电气控制组件,发动机::D8操作手册,发动机::D8操作手册::chunk_0
REL_000387,Marine Engine System,System,HAS_COMPONENT,Marine Engine System_Engine,Equipment,发动机系统包含发动机主体设备,发动机::D8操作手册,发动机::D8操作手册::chunk_24
REL_000388,Marine Engine System,System,HAS_COMPONENT,Marine Engine System_Engine Control Module,Component,机舱发动机系统包含核心控制模块作为其关键组成部分,发动机::D8操作手册,发动机::D8操作手册::chunk_1;发动机::D8操作手册::chunk_2;发动机::D8操作手册::chunk_3;发动机::D8操作手册::chunk_4
REL_000389,Marine Engine System,System,HAS_COMPONENT,Marine Engine System_Exhaust System,Component,发动机系统包含排气及涡轮增压组件,发动机::D8操作手册,发动机::D8操作手册::chunk_0
REL_000390,Marine Engine System,System,HAS_COMPONENT,Marine Engine System_External Steering,Equipment,发动机系统包含外部舵设备,发动机::D8操作手册,发动机::D8操作手册::chunk_10;发动机::D8操作手册::chunk_11;发动机::D8操作手册::chunk_8;发动机::D8操作手册::chunk_9
REL_000391,Marine Engine System,System,HAS_COMPONENT,Marine Engine System_Fuel System,Component,发动机系统包含燃油供给组件,发动机::D8操作手册,发动机::D8操作手册::chunk_0
REL_000392,Marine Engine System,System,HAS_COMPONENT,Marine Engine System_Fuel Tank,Equipment,船舶发动机系统包含燃油箱作为其燃料存储设备,发动机::D8操作手册,发动机::D8操作手册::chunk_29
REL_000393,Marine Engine System,System,HAS_COMPONENT,Marine Engine System_Glass Cockpit Display,Equipment,船舶发动机系统包含玻璃驾驶舱显示器作为可选显示设备,发动机::D8操作手册,发动机::D8操作手册::chunk_13
REL_000394,Marine Engine System,System,HAS_COMPONENT,Marine Engine System_Information Display,Equipment,发动机系统包含信息显示器设备,发动机::D8操作手册,发动机::D8操作手册::chunk_12
REL_000395,Marine Engine System,System,HAS_COMPONENT,Marine Engine System_Instrumentation System,Equipment,发动机系统包含选装的仪表系统设备,发动机::D8操作手册,发动机::D8操作手册::chunk_12
REL_000396,Marine Engine System,System,HAS_COMPONENT,Marine Engine System_Joystick,Equipment,船舶发动机系统包含操纵杆设备用于停靠和转向操纵,发动机::D8操作手册,发动机::D8操作手册::chunk_15
REL_000397,Marine Engine System,System,HAS_COMPONENT,Marine Engine System_Local Helm Station,Equipment,系统包含本地舵站作为其关键操纵设备,发动机::D8操作手册,发动机::D8操作手册::chunk_21
REL_000398,Marine Engine System,System,HAS_COMPONENT,Marine Engine System_Low Speed Module,Component,船舶发动机系统包含低速功能模块用于怠速行驶控制,发动机::D8操作手册,发动机::D8操作手册::chunk_15
REL_000399,Marine Engine System,System,HAS_COMPONENT,Marine Engine System_Lubrication System,Component,机舱发动机系统包含润滑系统作为其关键组成部分,发动机::D8操作手册,发动机::D8操作手册::chunk_1;发动机::D8操作手册::chunk_2;发动机::D8操作手册::chunk_3;发动机::D8操作手册::chunk_4
REL_000400,Marine Engine System,System,HAS_COMPONENT,Marine Engine System_Main Helm Station,Equipment,系统包含主舵站作为其关键操纵设备,发动机::D8操作手册,发动机::D8操作手册::chunk_21
REL_000401,Marine Engine System,System,HAS_COMPONENT,Marine Engine System_Power Trim System,Equipment,发动机系统包含动力升降系统用于控制驱动装置,发动机::D8操作手册,发动机::D8操作手册::chunk_14
REL_000402,Marine Engine System,System,HAS_COMPONENT,Marine Engine System_Remote Helm Station,Equipment,系统包含远程舵站作为其关键操纵设备,发动机::D8操作手册,发动机::D8操作手册::chunk_21
REL_000403,Marine Engine System,System,HAS_COMPONENT,Marine Engine System_Safety Lanyard,Component,船用发动机系统配备安全短索组件,发动机::D8操作手册,发动机::D8操作手册::chunk_7
REL_000404,Marine Engine System,System,HAS_COMPONENT,Marine Engine System_Stern Drive,Equipment,船舶发动机系统包含船尾驱动装置作为核心推进设备,发动机::D8操作手册,发动机::D8操作手册::chunk_19
REL_000405,Marine Engine System,System,HAS_COMPONENT,Marine Engine System_Turbocharger,Component,机舱发动机系统包含涡轮增压器作为其关键组成部分,发动机::D8操作手册,发动机::D8操作手册::chunk_1;发动机::D8操作手册::chunk_2;发动机::D8操作手册::chunk_3;发动机::D8操作手册::chunk_4
REL_000406,Marine Engine System,System,HAS_SAFETY_NOTE,SafetyNote_Check Water For Swimmers,SafetyNote,船用发动机系统操作涉及检查水中游泳者安全须知,发动机::D8操作手册,发动机::D8操作手册::chunk_7
REL_000407,Marine Engine System,System,HAS_SAFETY_NOTE,SafetyNote_Chemical Health Protection,SafetyNote,发动机系统维护需遵守化学品健康防护规则,发动机::D8操作手册,发动机::D8操作手册::chunk_0
REL_000408,Marine Engine System,System,HAS_SAFETY_NOTE,SafetyNote_Engine Lockout Procedure,SafetyNote,发动机系统维修前需执行锁止程序,发动机::D8操作手册,发动机::D8操作手册::chunk_0
REL_000409,Marine Engine System,System,HAS_SAFETY_NOTE,SafetyNote_Engine Room Ventilation Time,SafetyNote,船舶发动机系统关联起动前机舱通风时间的安全要求,发动机::D8操作手册,发动机::D8操作手册::chunk_19
REL_000410,Marine Engine System,System,HAS_SAFETY_NOTE,SafetyNote_Environmental Waste Disposal,SafetyNote,发动机系统需遵守环保废物处理安全 note,发动机::D8操作手册,发动机::D8操作手册::chunk_10;发动机::D8操作手册::chunk_11;发动机::D8操作手册::chunk_8;发动机::D8操作手册::chunk_9
REL_000411,Marine Engine System,System,HAS_SAFETY_NOTE,SafetyNote_Fire And Explosion Prevention,SafetyNote,发动机系统整体需遵守防火防爆安全规则,发动机::D8操作手册,发动机::D8操作手册::chunk_0
REL_000412,Marine Engine System,System,HAS_SAFETY_NOTE,SafetyNote_No Engine Modification,SafetyNote,发动机系统需遵守禁止改装安全 note,发动机::D8操作手册,发动机::D8操作手册::chunk_10;发动机::D8操作手册::chunk_11;发动机::D8操作手册::chunk_8;发动机::D8操作手册::chunk_9
REL_000413,Marine Engine System,System,HAS_SAFETY_NOTE,SafetyNote_No High Pressure Washing On Engine,SafetyNote,整个发动机系统清洁时禁止使用高压清洗设备,发动机::D8操作手册,发动机::D8操作手册::chunk_5;发动机::D8操作手册::chunk_6
REL_000414,Marine Engine System,System,HAS_SAFETY_NOTE,SafetyNote_No Overload,SafetyNote,发动机系统需遵守禁止过载安全 note,发动机::D8操作手册,发动机::D8操作手册::chunk_10;发动机::D8操作手册::chunk_11;发动机::D8操作手册::chunk_8;发动机::D8操作手册::chunk_9
REL_000415,Marine Engine System,System,HAS_SAFETY_NOTE,SafetyNote_No Start Aid Spray,SafetyNote,船舶发动机系统关联禁止使用起动喷射器的安全禁忌,发动机::D8操作手册,发动机::D8操作手册::chunk_19
REL_000416,Marine Engine System,System,HAS_SAFETY_NOTE,SafetyNote_Personal Protective Equipment Usage,SafetyNote,发动机系统操作需佩戴个人防护装备,发动机::D8操作手册,发动机::D8操作手册::chunk_0
REL_000417,Marine Engine System,System,HAS_SAFETY_NOTE,SafetyNote_Read Operation Manual,SafetyNote,船用发动机系统维护要求阅读操作手册安全须知,发动机::D8操作手册,发动机::D8操作手册::chunk_7
REL_000418,Marine Engine System,System,HAS_SAFETY_NOTE,SafetyNote_Rotating Parts And Hot Surface Warning,SafetyNote,发动机系统需警示旋转部件和高温表面风险,发动机::D8操作手册,发动机::D8操作手册::chunk_0
REL_000419,Marine Engine System,System,HAS_SAFETY_NOTE,SafetyNote_Stop Engine Before Clutch Adjustment,SafetyNote,船用发动机系统涉及离合器调整前停机安全须知,发动机::D8操作手册,发动机::D8操作手册::chunk_7
REL_000420,Marine Engine System,System,HAS_SAFETY_NOTE,SafetyNote_Ventilation Requirement,SafetyNote,发动机系统运行需满足通风环境要求,发动机::D8操作手册,发动机::D8操作手册::chunk_0
REL_000421,Marine Engine System,System,REPAIRED_BY,RepairMethod_Lockout And Tagout,RepairMethod,发动机系统维修前需执行电源锁止隔离方法,发动机::D8操作手册,发动机::D8操作手册::chunk_0
REL_000422,Marine Engine System,System,REPAIRED_BY,RepairMethod_Proper Waste Disposal,RepairMethod,发动机系统维护涉及废油及有害废物的正确处理,发动机::D8操作手册,发动机::D8操作手册::chunk_0
REL_000423,Marine Engine System,System,REPAIRED_BY,RepairMethod_Stop Engine Via Auxiliary Device,RepairMethod,发动机系统故障时可通过辅助停机方法进行修复处理,发动机::D8操作手册,发动机::D8操作手册::chunk_22
REL_000424,Marine Engine System,System,REQUIRES,DiagnosticMethod_Fuel Consumption Check,DiagnosticMethod,船用发动机系统航行前需要燃油消耗检查方法,发动机::D8操作手册,发动机::D8操作手册::chunk_7
REL_000425,Marine Engine System,System,REQUIRES,RepairMethod_Warm Up Engine,RepairMethod,系统在使用满功率前必须执行发动机暖机程序,发动机::D8操作手册,发动机::D8操作手册::chunk_21
REL_000426,Marine Engine System_4 Inch Screen,Equipment,CONTROLS,Marine Engine System,System,4 英寸屏幕可查看和控制系统中所有已安装功能,发动机::D8操作手册,发动机::D8操作手册::chunk_12
REL_000427,Marine Engine System_7 Inch Screen,Equipment,CONTROLS,Marine Engine System,System,7 英寸屏幕可查看和控制沃尔沃遍达控制系统中所有已安装的功能,发动机::D8操作手册,发动机::D8操作手册::chunk_13
REL_000428,Marine Engine System_7 Inch Screen,Equipment,HAS_PARAMETER,Marine Engine System_Parameter_Neutral Warning Sound,Parameter,显示屏可设置空档警告声参数,发动机::D8操作手册,发动机::D8操作手册::chunk_28
REL_000429,Marine Engine System_7 Inch Screen,Equipment,HAS_PARAMETER,Parameter_Boat Speed,Parameter,7 英寸屏幕可显示船速参数,发动机::D8操作手册,发动机::D8操作手册::chunk_13
REL_000430,Marine Engine System_7 Inch Screen,Equipment,HAS_PARAMETER,Parameter_Exhaust Temperature,Parameter,7 英寸屏幕可显示排气温度参数,发动机::D8操作手册,发动机::D8操作手册::chunk_13
REL_000431,Marine Engine System_7 Inch Screen,Equipment,HAS_SAFETY_NOTE,SafetyNote_Dark Station Mode Warning,SafetyNote,7 英寸屏幕有关暗站模式的安全警告，启用后不会显示错误消息,发动机::D8操作手册,发动机::D8操作手册::chunk_13
REL_000432,Marine Engine System_7 Inch Screen,Equipment,HAS_SAFETY_NOTE,SafetyNote_Use Screen Cover When Not In Use,SafetyNote,7 英寸屏幕需在船未使用时使用保护盖防止阳光损坏,发动机::D8操作手册,发动机::D8操作手册::chunk_13
REL_000433,Marine Engine System_7 Inch Screen,Equipment,REPAIRED_BY,RepairMethod_Replace Instrument,RepairMethod,7 英寸屏幕上的仪表可通过更换仪表方法进行维修,发动机::D8操作手册,发动机::D8操作手册::chunk_13
REL_000434,Marine Engine System_Active Corrosion Protection,Component,CONTROLS,Marine Engine System_Stern Drive,Equipment,主动防腐保护系统控制船尾驱动装置的防腐保护状态,发动机::D8操作手册,发动机::D8操作手册::chunk_19
REL_000435,Marine Engine System_Active Corrosion Protection,Component,HAS_FAULT,FaultPhenomenon_Corrosion Danger,FaultPhenomenon,主动防腐蚀保护系统可能出现腐蚀危险故障,发动机::D8操作手册,发动机::D8操作手册::chunk_18
REL_000436,Marine Engine System_Active Corrosion Protection,Component,HAS_SAFETY_NOTE,SafetyNote_ACP Chlorine Gas,SafetyNote,主动防腐蚀保护系统工作时有氯气释放安全注意,发动机::D8操作手册,发动机::D8操作手册::chunk_18
REL_000437,Marine Engine System_Active Corrosion Protection,Component,MONITORS,Marine Engine System_Drive Device,Component,主动防腐蚀保护系统监测驱动装置状态,发动机::D8操作手册,发动机::D8操作手册::chunk_18
REL_000438,Marine Engine System_Alternator,Component,HAS_FAULT,Marine Engine System_FaultPhenomenon_Alternator Damage,FaultPhenomenon,交流发电机可能出现损坏故障,发动机::D8操作手册,发动机::D8操作手册::chunk_28
REL_000439,Marine Engine System_Autopilot,Equipment,CONTROLS,Marine Engine System_External Steering,Equipment,自动操舵仪控制外部转向系统以调整船的转向,发动机::D8操作手册,发动机::D8操作手册::chunk_15
REL_000440,Marine Engine System_Autopilot,Equipment,HAS_COMPONENT,Marine Engine System_Compass Unit,Component,自动操舵仪内部包含罗盘单元组件提供航向传感,发动机::D8操作手册,发动机::D8操作手册::chunk_15
REL_000441,Marine Engine System_Autopilot,Equipment,HAS_COMPONENT,Marine Engine System_Glass Cockpit Display,Equipment,自动操舵仪系统依赖玻璃驾驶舱显示器进行信息显示,发动机::D8操作手册,发动机::D8操作手册::chunk_15
REL_000442,Marine Engine System_Autopilot,Equipment,HAS_SAFETY_NOTE,SafetyNote_Helm Supervision Requirement,SafetyNote,自动操舵仪使用需遵守舵手监督要求的安全注意事项,发动机::D8操作手册,发动机::D8操作手册::chunk_15
REL_000443,Marine Engine System_Autopilot,Equipment,MONITORS,Parameter_Heading,Parameter,自动操舵仪监测并显示当前航向参数,发动机::D8操作手册,发动机::D8操作手册::chunk_16
REL_000444,Marine Engine System_Battery,Equipment,HAS_FAULT,Marine Engine System_FaultPhenomenon_Battery Discharge,FaultPhenomenon,电池可能出现电量耗尽故障,发动机::D8操作手册,发动机::D8操作手册::chunk_28
REL_000445,Marine Engine System_Battery,Equipment,HAS_PARAMETER,Marine Engine System_Parameter_Electrolyte Density,Parameter,电池设备具有电解液密度状态参数,发动机::D8操作手册,发动机::D8操作手册::chunk_31
REL_000446,Marine Engine System_Battery,Component,HAS_SAFETY_NOTE,SafetyNote_Correct Battery Polarity Connection,SafetyNote,电池安装时必须确认极性连接正确,发动机::D8操作手册,发动机::D8操作手册::chunk_5;发动机::D8操作手册::chunk_6
REL_000447,Marine Engine System_Battery,Component,HAS_SAFETY_NOTE,SafetyNote_Fire And Explosion Prevention,SafetyNote,电池组件因氢气风险需特别注意防火防爆,发动机::D8操作手册,发动机::D8操作手册::chunk_0
REL_000448,Marine Engine System_Battery,Component,HAS_SAFETY_NOTE,SafetyNote_No Open Flame Near Battery,SafetyNote,电池舱附近作业需遵守无明火安全禁忌,发动机::D8操作手册,发动机::D8操作手册::chunk_5;发动机::D8操作手册::chunk_6
REL_000449,Marine Engine System_Battery,Component,HAS_SAFETY_NOTE,SafetyNote_Wear Goggles For Fuel And Battery Work,SafetyNote,电池搬运及充电作业时需遵循佩戴护目镜的安全规定,发动机::D8操作手册,发动机::D8操作手册::chunk_5;发动机::D8操作手册::chunk_6
REL_000450,Marine Engine System_Battery,Equipment,REPAIRED_BY,Marine Engine System_RepairMethod_Clean Battery Terminals,RepairMethod,电池故障可通过清洁终端修复,发动机::D8操作手册,发动机::D8操作手册::chunk_28
REL_000451,Marine Engine System_Battery,Equipment,REQUIRES,Marine Engine System_RepairMethod_Charge Battery,RepairMethod,电池维护需要定期充电,发动机::D8操作手册,发动机::D8操作手册::chunk_28
REL_000452,Marine Engine System_Battery Management System,Equipment,HAS_COMPONENT,Marine Engine System_Battery Management Display,Component,电池管理系统包含显示模块,发动机::D8操作手册,发动机::D8操作手册::chunk_18
REL_000453,Marine Engine System_Battery Management System,Equipment,HAS_COMPONENT,Marine Engine System_Battery Management Unit,Component,电池管理系统包含控制单元,发动机::D8操作手册,发动机::D8操作手册::chunk_18
REL_000454,Marine Engine System_Battery Management System,Equipment,HAS_PARAMETER,Parameter_Battery Current,Parameter,电池管理系统监测电流参数,发动机::D8操作手册,发动机::D8操作手册::chunk_18
REL_000455,Marine Engine System_Battery Management Unit,Component,HAS_SAFETY_NOTE,SafetyNote_BCM Remote Disable,SafetyNote,电池管理单元作业需遵守远程禁用安全 note,发动机::D8操作手册,发动机::D8操作手册::chunk_18
REL_000456,Marine Engine System_Battery Sensor,Component,HAS_PARAMETER,Parameter_Battery Health,Parameter,电池传感器提供健康状态参数,发动机::D8操作手册,发动机::D8操作手册::chunk_14
REL_000457,Marine Engine System_Battery Sensor,Component,HAS_PARAMETER,Parameter_Battery SOC,Parameter,电池传感器提供充电状态参数,发动机::D8操作手册,发动机::D8操作手册::chunk_14
REL_000458,Marine Engine System_Battery Sensor,Component,REPAIRED_BY,RepairMethod_Reset Battery Sensor,RepairMethod,电池传感器更换后需执行重置维修,发动机::D8操作手册,发动机::D8操作手册::chunk_18
REL_000459,Marine Engine System_Component_Engine Type Plate,Component,HAS_PARAMETER,Marine Engine System_Parameter_Engine Serial Number,Parameter,发动机铭牌组件记录有序列号参数,发动机::D8操作手册,发动机::D8操作手册::chunk_31
REL_000460,Marine Engine System_Control Device,Equipment,CONTROLS,Marine Engine System,System,控制装置控制发动机的转速和换档,发动机::D8操作手册,发动机::D8操作手册::chunk_14
REL_000461,Marine Engine System_Control Device,Equipment,CONTROLS,Marine Engine System_Drive Device,Component,控制装置通过控制杆将驱动装置置于空档,发动机::D8操作手册,发动机::D8操作手册::chunk_20
REL_000462,Marine Engine System_Control Device,Equipment,HAS_COMPONENT,Marine Engine System_Cruise Control,Component,控制装置包含巡航控制功能模块,发动机::D8操作手册,发动机::D8操作手册::chunk_14
REL_000463,Marine Engine System_Control Device,Equipment,HAS_PARAMETER,Parameter_Fuel Economy,Parameter,控制装置相关视图显示燃油经济性参数,发动机::D8操作手册,发动机::D8操作手册::chunk_14
REL_000464,Marine Engine System_Control Device,Equipment,REPAIRED_BY,RepairMethod_Adjust Friction Brake,RepairMethod,控制设备可通过调整摩擦制动器维修方法解决杆移动阻力问题,发动机::D8操作手册,发动机::D8操作手册::chunk_15
REL_000465,Marine Engine System_Control Software,Component,REPAIRED_BY,RepairMethod_Software Update,RepairMethod,控制软件组件通过软件更新方法进行修复,发动机::D8操作手册,发动机::D8操作手册::chunk_7
REL_000466,Marine Engine System_Coolant Temperature Gauge,Component,HAS_PARAMETER,Parameter_Coolant Temperature,Parameter,冷却剂温度计监测冷却剂温度参数,发动机::D8操作手册,发动机::D8操作手册::chunk_12
REL_000467,Marine Engine System_Cooling System,System,HAS_COMPONENT,Marine Engine System_Sea Water System,System,海水系统属于冷却系统的子部分,发动机::D8操作手册,发动机::D8操作手册::chunk_28
REL_000468,Marine Engine System_Cooling System,System,HAS_FAULT,Marine Engine System_FaultPhenomenon_Engine Corrosion,FaultPhenomenon,冷却系统故障可能导致发动机内部腐蚀现象,发动机::D8操作手册,发动机::D8操作手册::chunk_25
REL_000469,Marine Engine System_Cooling System,System,HAS_PARAMETER,Marine Engine System_Parameter_Coolant Capacity,Parameter,冷却系统具有特定的淡水容量参数,发动机::D8操作手册,发动机::D8操作手册::chunk_31
REL_000470,Marine Engine System_Cooling System,System,HAS_PARAMETER,Parameter_Coolant Concentration,Parameter,冷却系统必须监控并保持正确的冷却剂浓度参数,发动机::D8操作手册,发动机::D8操作手册::chunk_26;发动机::D8操作手册::chunk_27
REL_000471,Marine Engine System_Cooling System,System,HAS_PARAMETER,Parameter_Coolant Type,Parameter,冷却系统运行必须依赖正确的冷却剂类型参数,发动机::D8操作手册,发动机::D8操作手册::chunk_25
REL_000472,Marine Engine System_Cooling System,System,HAS_SAFETY_NOTE,Marine Engine System_SafetyNote_No Open Cap When Hot,SafetyNote,冷却系统维护需遵守高温禁止开盖的安全禁忌,发动机::D8操作手册,发动机::D8操作手册::chunk_26;发动机::D8操作手册::chunk_27
REL_000473,Marine Engine System_Cooling System,System,HAS_SAFETY_NOTE,Marine Engine System_SafetyNote_No Pure Water Coolant,SafetyNote,冷却系统维护需遵守禁止纯水冷却的安全 note,发动机::D8操作手册,发动机::D8操作手册::chunk_25
REL_000474,Marine Engine System_Cooling System,System,HAS_SAFETY_NOTE,Marine Engine System_SafetyNote_Release Pressure Before Opening,SafetyNote,冷却系统维护需遵守开盖前释放压力的安全禁忌,发动机::D8操作手册,发动机::D8操作手册::chunk_26;发动机::D8操作手册::chunk_27
REL_000475,Marine Engine System_Cooling System,System,HAS_SAFETY_NOTE,Marine Engine System_SafetyNote_Use Distilled Water For Mixing,SafetyNote,冷却系统维护需遵守使用蒸馏水混合的安全禁忌,发动机::D8操作手册,发动机::D8操作手册::chunk_26;发动机::D8操作手册::chunk_27
REL_000476,Marine Engine System_Cooling System,System,HAS_SAFETY_NOTE,Marine Engine System_SafetyNote_Use OAT Coolant,SafetyNote,冷却系统维护需遵守使用 OAT 冷却剂的安全 note,发动机::D8操作手册,发动机::D8操作手册::chunk_25
REL_000477,Marine Engine System_Cooling System,Component,HAS_SAFETY_NOTE,SafetyNote_Close Sea Cock Before Cooling Work,SafetyNote,冷却系统维护需遵循关闭海水龙头的安全规范,发动机::D8操作手册,发动机::D8操作手册::chunk_1;发动机::D8操作手册::chunk_2;发动机::D8操作手册::chunk_3;发动机::D8操作手册::chunk_4
REL_000478,Marine Engine System_Cooling System,Component,HAS_SAFETY_NOTE,SafetyNote_Cool Down Before Cooling System Work,SafetyNote,冷却系统维护需遵循冷却后操作的安全规范,发动机::D8操作手册,发动机::D8操作手册::chunk_1;发动机::D8操作手册::chunk_2;发动机::D8操作手册::chunk_3;发动机::D8操作手册::chunk_4
REL_000479,Marine Engine System_Cooling System,Component,HAS_SAFETY_NOTE,SafetyNote_Correct Coolant Mixture,SafetyNote,冷却系统需遵守正确混合安全 note,发动机::D8操作手册,发动机::D8操作手册::chunk_10;发动机::D8操作手册::chunk_11;发动机::D8操作手册::chunk_8;发动机::D8操作手册::chunk_9
REL_000480,Marine Engine System_Cooling System,System,REQUIRES,Marine Engine System_RepairMethod_Check Coolant Level,RepairMethod,冷却系统维护前必须执行的液位检查与填充要求,发动机::D8操作手册,发动机::D8操作手册::chunk_30
REL_000481,Marine Engine System_Cooling System,System,REQUIRES,Marine Engine System_RepairMethod_Mix Coolant With Distilled Water,RepairMethod,冷却系统维护必须依赖正确的冷却剂混合处理方法,发动机::D8操作手册,发动机::D8操作手册::chunk_26;发动机::D8操作手册::chunk_27
REL_000482,Marine Engine System_Cooling System,System,REQUIRES,Marine Engine System_RepairMethod_Release Pressure Before Cap Removal,RepairMethod,冷却系统维护必须依赖开盖前释放压力的处理方法,发动机::D8操作手册,发动机::D8操作手册::chunk_26;发动机::D8操作手册::chunk_27
REL_000483,Marine Engine System_Cruise Control,Component,CONTROLS,Marine Engine System,System,巡航控制模块锁定和微调发动机转速,发动机::D8操作手册,发动机::D8操作手册::chunk_14
REL_000484,Marine Engine System_Cruise Control,Component,HAS_SAFETY_NOTE,SafetyNote_Cruise Control Speed Stability,SafetyNote,巡航控制功能需遵守速度稳定性要求的安全注意事项,发动机::D8操作手册,发动机::D8操作手册::chunk_15
REL_000485,Marine Engine System_Cruise Control,Component,REQUIRES,Parameter_Boat Speed,Parameter,巡航控制功能依赖船速参数进行速度基于的模式设置,发动机::D8操作手册,发动机::D8操作手册::chunk_15
REL_000486,Marine Engine System_Cruise Control,Component,REQUIRES,Parameter_Engine Speed,Parameter,巡航控制功能依赖发动机转速参数进行 RPM 基于的模式设置,发动机::D8操作手册,发动机::D8操作手册::chunk_15
REL_000487,Marine Engine System_Docking Mode,Component,DIAGNOSED_BY,DiagnosticMethod_Check Joystick Center Position,DiagnosticMethod,停靠模式故障可通过检查操纵杆中心位置诊断方法排查,发动机::D8操作手册,发动机::D8操作手册::chunk_15
REL_000488,Marine Engine System_Docking Mode,Component,HAS_SAFETY_NOTE,Marine Engine System_SafetyNote_Ignition Off Calibration Confirm,SafetyNote,入坞模式校准后确认生效所需的点火开关安全操作,发动机::D8操作手册,发动机::D8操作手册::chunk_30
REL_000489,Marine Engine System_Drive Belt,Component,HAS_COMPONENT,Marine Engine System_Drive Belt Guard,Component,传动皮带组件包含防护盖作为安全部件,发动机::D8操作手册,发动机::D8操作手册::chunk_25
REL_000490,Marine Engine System_Drive Belt,Component,HAS_FAULT,Marine Engine System_FaultPhenomenon_Drive Belt Wear,FaultPhenomenon,传动皮带组件可能发生磨损故障,发动机::D8操作手册,发动机::D8操作手册::chunk_24
REL_000491,Marine Engine System_Drive Device,Component,HAS_COMPONENT,Marine Engine System_Propeller Shaft Brake,Component,驱动装置包含推进轴制动器以控制轴停止时的转动,发动机::D8操作手册,发动机::D8操作手册::chunk_19
REL_000492,Marine Engine System_Dynamic Positioning System,Equipment,CONNECTS_TO,Marine Engine System_Compass Unit,Component,动态定位系统连接罗盘单元获取航向数据,发动机::D8操作手册,发动机::D8操作手册::chunk_17
REL_000493,Marine Engine System_Dynamic Positioning System,Equipment,HAS_FAULT,FaultPhenomenon_DPS Activation Failure,FaultPhenomenon,动态定位系统可能出现激活失败故障,发动机::D8操作手册,发动机::D8操作手册::chunk_18
REL_000494,Marine Engine System_Dynamic Positioning System,Equipment,HAS_PARAMETER,Parameter_GPS Signal Strength,Parameter,动态定位系统性能受 GPS 信号强度参数影响,发动机::D8操作手册,发动机::D8操作手册::chunk_17
REL_000495,Marine Engine System_Dynamic Positioning System,Equipment,HAS_SAFETY_NOTE,SafetyNote_DPS Distance Requirement,SafetyNote,动态定位系统操作需遵守安全距离要求,发动机::D8操作手册,发动机::D8操作手册::chunk_17
REL_000496,Marine Engine System_Dynamic Positioning System,Equipment,HAS_SAFETY_NOTE,SafetyNote_DPS Electromagnetic Interference,SafetyNote,动态定位系统需防止电磁干扰影响,发动机::D8操作手册,发动机::D8操作手册::chunk_17
REL_000497,Marine Engine System_Dynamic Positioning System,Equipment,HAS_SAFETY_NOTE,SafetyNote_DPS Personnel Safety,SafetyNote,动态定位系统操作需遵守水中人员安全禁忌,发动机::D8操作手册,发动机::D8操作手册::chunk_17
REL_000498,Marine Engine System_Dynamic Positioning System,Equipment,REQUIRES,Marine Engine System_Engine Control Module,Component,动态定位系统依赖所有发动机控制模块运转,发动机::D8操作手册,发动机::D8操作手册::chunk_18
REL_000499,Marine Engine System_Dynamic Positioning System,Equipment,REQUIRES,Marine Engine System_GPS Receiver,Component,动态定位系统运行依赖 GPS 接收模块信号,发动机::D8操作手册,发动机::D8操作手册::chunk_17
REL_000500,Marine Engine System_Dynamic Positioning System,Equipment,REQUIRES,Marine Engine System_Glass Cockpit Display,Equipment,动态定位重新定位功能依赖玻璃驾驶舱显示屏,发动机::D8操作手册,发动机::D8操作手册::chunk_18
REL_000501,Marine Engine System_Dynamic Positioning System,Equipment,REQUIRES,Parameter_Boat Speed,Parameter,动态定位系统激活依赖船速参数低于 3 节,发动机::D8操作手册,发动机::D8操作手册::chunk_18
REL_000502,Marine Engine System_EVC System,Equipment,CONNECTS_TO,Marine Engine System_Information Display,Equipment,EVC 系统与信息显示器之间存在通讯连接,发动机::D8操作手册,发动机::D8操作手册::chunk_12
REL_000503,Marine Engine System_EVC System,Equipment,CONTROLS,Marine Engine System,System,EVC 系统控制发动机齿轮及操舵,发动机::D8操作手册,发动机::D8操作手册::chunk_10;发动机::D8操作手册::chunk_11;发动机::D8操作手册::chunk_8;发动机::D8操作手册::chunk_9
REL_000504,Marine Engine System_EVC System,Equipment,HAS_COMPONENT,Marine Engine System_Easy Connect,Component,EVC 系统包含 Easy Connect 模块以支持蓝牙数据连接,发动机::D8操作手册,发动机::D8操作手册::chunk_19
REL_000505,Marine Engine System_EVC System,Equipment,HAS_COMPONENT,Marine Engine System_Swimming Platform Interface,Component,EVC 系统包含游泳跳台接口模块以实现安全互锁,发动机::D8操作手册,发动机::D8操作手册::chunk_19
REL_000506,Marine Engine System_EVC System,Equipment,HAS_PARAMETER,Parameter_Ignition Auto Off Time,Parameter,EVC 系统包含可配置的点火自动关闭时间参数,发动机::D8操作手册,发动机::D8操作手册::chunk_22
REL_000507,Marine Engine System_EVC System,Equipment,HAS_SAFETY_NOTE,SafetyNote_Lock EVC System After Stop,SafetyNote,EVC 系统操作后需遵循锁定系统的安全注意事项,发动机::D8操作手册,发动机::D8操作手册::chunk_22
REL_000508,Marine Engine System_EVC System,Equipment,HAS_SAFETY_NOTE,SafetyNote_No EVC Modification,SafetyNote,EVC 系统需遵守禁止改装安全 note,发动机::D8操作手册,发动机::D8操作手册::chunk_10;发动机::D8操作手册::chunk_11;发动机::D8操作手册::chunk_8;发动机::D8操作手册::chunk_9
REL_000509,Marine Engine System_Echo Sounder,Component,HAS_FAULT,Marine Engine System_FaultPhenomenon_Depth Signal Loss,FaultPhenomenon,回声探测器可能出现信号丢失的故障现象,发动机::D8操作手册,发动机::D8操作手册::chunk_29
REL_000510,Marine Engine System_Echo Sounder,Component,HAS_PARAMETER,Marine Engine System_Parameter_Depth Alarm Level,Parameter,回声探测器具有可设定的深度警报级别参数,发动机::D8操作手册,发动机::D8操作手册::chunk_29
REL_000511,Marine Engine System_Echo Sounder,Component,HAS_PARAMETER,Marine Engine System_Parameter_Depth Compensation,Parameter,回声探测器具有用于校正安装位置的深度补偿参数,发动机::D8操作手册,发动机::D8操作手册::chunk_29
REL_000512,Marine Engine System_Electrical System,Component,HAS_COMPONENT,Marine Engine System_Alternator,Component,电气系统包含交流发电机组件,发动机::D8操作手册,发动机::D8操作手册::chunk_28
REL_000513,Marine Engine System_Electrical System,Component,HAS_COMPONENT,Marine Engine System_Battery,Equipment,电气系统包含电池设备,发动机::D8操作手册,发动机::D8操作手册::chunk_28
REL_000514,Marine Engine System_Electrical System,Component,HAS_COMPONENT,Marine Engine System_Battery Sensor,Component,电气系统包含电池传感器用于数据采集,发动机::D8操作手册,发动机::D8操作手册::chunk_14
REL_000515,Marine Engine System_Electrical System,Component,HAS_COMPONENT,Marine Engine System_SDM Cabinet,Equipment,电气系统包含 SDM 配电柜,发动机::D8操作手册,发动机::D8操作手册::chunk_28
REL_000516,Marine Engine System_Electrical System,Component,HAS_SAFETY_NOTE,SafetyNote_Stop Engine Before Electrical Work,SafetyNote,电气系统维护需遵循停机断电的安全规范,发动机::D8操作手册,发动机::D8操作手册::chunk_1;发动机::D8操作手册::chunk_2;发动机::D8操作手册::chunk_3;发动机::D8操作手册::chunk_4
REL_000517,Marine Engine System_Electronic Key Panel,Equipment,CONNECTS_TO,Marine Engine System_EVC System,Equipment,电子钥匙面板连接至 EVC 系统以解锁权限,发动机::D8操作手册,发动机::D8操作手册::chunk_20
REL_000518,Marine Engine System_Electronic Key Panel,Equipment,CONTROLS,Marine Engine System,System,电子钥匙面板用于控制发动机系统的启停,发动机::D8操作手册,发动机::D8操作手册::chunk_22
REL_000519,Marine Engine System_Electronic Key Panel,Equipment,CONTROLS,Marine Engine System_EVC System,Equipment,电子钥匙面板用于控制 EVC 系统的锁定与点火,发动机::D8操作手册,发动机::D8操作手册::chunk_22
REL_000520,Marine Engine System_Electronic Key Panel,Equipment,DIAGNOSED_BY,Marine Engine System_DiagnosticMethod_Check Key ID,DiagnosticMethod,电子钥匙面板授权状态可通过检查钥匙 ID 方法诊断,发动机::D8操作手册,发动机::D8操作手册::chunk_29
REL_000521,Marine Engine System_Electronic Key Panel,Equipment,HAS_PARAMETER,Marine Engine System_Parameter_Key ID,Parameter,电子钥匙面板存储和管理钥匙 ID 参数,发动机::D8操作手册,发动机::D8操作手册::chunk_29
REL_000522,Marine Engine System_Electronic Key Panel,Equipment,HAS_PARAMETER,Parameter_Ignition Auto Off Time,Parameter,电子钥匙面板控制点火开关自动关闭的时间参数,发动机::D8操作手册,发动机::D8操作手册::chunk_29
REL_000523,Marine Engine System_Electronic Key Panel,Equipment,REPAIRED_BY,Marine Engine System_RepairMethod_Manage Keys,RepairMethod,电子钥匙面板的授权问题通过钥匙管理方法修复,发动机::D8操作手册,发动机::D8操作手册::chunk_29
REL_000524,Marine Engine System_Engine,Equipment,HAS_COMPONENT,Marine Engine System_Component_Engine Type Plate,Component,发动机设备包含用于标识信息的铭牌组件,发动机::D8操作手册,发动机::D8操作手册::chunk_31
REL_000525,Marine Engine System_Engine,Equipment,HAS_COMPONENT,Marine Engine System_Drive Belt,Component,发动机设备包含传动皮带组件,发动机::D8操作手册,发动机::D8操作手册::chunk_24
REL_000526,Marine Engine System_Engine,Equipment,HAS_FAULT,Marine Engine System_FaultPhenomenon_Electrical Cable Damage,FaultPhenomenon,发动机区域可能发生电气电缆损坏故障,发动机::D8操作手册,发动机::D8操作手册::chunk_24
REL_000527,Marine Engine System_Engine,Equipment,HAS_FAULT,Marine Engine System_FaultPhenomenon_Fluid Leak,FaultPhenomenon,发动机可能发生流体泄漏故障,发动机::D8操作手册,发动机::D8操作手册::chunk_24
REL_000528,Marine Engine System_Engine,Equipment,HAS_SAFETY_NOTE,Marine Engine System_SafetyNote_No High Pressure Wash,SafetyNote,发动机清洁需遵守高压清洗安全注意,发动机::D8操作手册,发动机::D8操作手册::chunk_24
REL_000529,Marine Engine System_Engine,Equipment,HAS_SAFETY_NOTE,Marine Engine System_SafetyNote_Stop Engine Before Maintenance,SafetyNote,发动机维护需遵守停机安全注意,发动机::D8操作手册,发动机::D8操作手册::chunk_24
REL_000530,Marine Engine System_Engine Control Module,Component,DIAGNOSED_BY,DiagnosticMethod_Read Engine Data,DiagnosticMethod,控制模块故障可通过读取数据诊断,发动机::D8操作手册,发动机::D8操作手册::chunk_10;发动机::D8操作手册::chunk_11;发动机::D8操作手册::chunk_8;发动机::D8操作手册::chunk_9
REL_000531,Marine Engine System_Engine Control Module,Component,HAS_COMPONENT,Marine Engine System_Control Software,Component,发动机控制模块包含可更新的控制软件,发动机::D8操作手册,发动机::D8操作手册::chunk_7
REL_000532,Marine Engine System_Engine Control Module,Component,HAS_SAFETY_NOTE,SafetyNote_Disconnect Control Units Before Welding,SafetyNote,控制模块在焊接作业前需断开连接以防损坏,发动机::D8操作手册,发动机::D8操作手册::chunk_1;发动机::D8操作手册::chunk_2;发动机::D8操作手册::chunk_3;发动机::D8操作手册::chunk_4
REL_000533,Marine Engine System_Engine Control Module,Component,MONITORS,Parameter_Idle Speed,Parameter,发动机控制模块监控怠速转速以确保换档安全,发动机::D8操作手册,发动机::D8操作手册::chunk_21
REL_000534,Marine Engine System_Engine Control Module,Component,MONITORS,Parameter_Shift RPM Limit,Parameter,发动机控制模块监控转速限制以延迟不安全换档,发动机::D8操作手册,发动机::D8操作手册::chunk_21
REL_000535,Marine Engine System_Engine Heater,Component,PREVENTS,FaultPhenomenon_Cold Start Smoke,FaultPhenomenon,发动机加热器防止低温环境下冷启动产生的烟雾故障,发动机::D8操作手册,发动机::D8操作手册::chunk_19
REL_000536,Marine Engine System_Exhaust System,Component,HAS_SAFETY_NOTE,SafetyNote_Rotating Parts And Hot Surface Warning,SafetyNote,排气系统因高温表面需特别注意烫伤风险,发动机::D8操作手册,发动机::D8操作手册::chunk_0
REL_000537,Marine Engine System_External Steering,Equipment,CONNECTS_TO,Marine Engine System_EVC System,Equipment,外部舵通过接口连接至 EVC 系统,发动机::D8操作手册,发动机::D8操作手册::chunk_10;发动机::D8操作手册::chunk_11;发动机::D8操作手册::chunk_8;发动机::D8操作手册::chunk_9
REL_000538,Marine Engine System_External Steering,Equipment,HAS_COMPONENT,Marine Engine System_Interceptor Trim System,Equipment,外部转向系统包含扼流式压浪板系统以调整航行姿态,发动机::D8操作手册,发动机::D8操作手册::chunk_19
REL_000539,Marine Engine System_FaultPhenomenon_Alternator Damage,FaultPhenomenon,CAUSED_BY,Marine Engine System_FaultCause_Disconnect While Running,FaultCause,发电机损坏由运行时断开电路引起,发动机::D8操作手册,发动机::D8操作手册::chunk_28
REL_000540,Marine Engine System_FaultPhenomenon_Battery Discharge,FaultPhenomenon,CAUSED_BY,Marine Engine System_FaultCause_Terminal Oxidation,FaultCause,电池放电由终端氧化物导致接触不良引起,发动机::D8操作手册,发动机::D8操作手册::chunk_28
REL_000541,Marine Engine System_FaultPhenomenon_Depth Signal Loss,FaultPhenomenon,CAUSED_BY,Marine Engine System_FaultCause_Depth Sensor Failure,FaultCause,信号丢失故障通常由传感器不工作引起,发动机::D8操作手册,发动机::D8操作手册::chunk_29
REL_000542,Marine Engine System_FaultPhenomenon_Drive Belt Wear,FaultPhenomenon,DIAGNOSED_BY,Marine Engine System_DiagnosticMethod_Visual Inspection,DiagnosticMethod,皮带磨损故障通过目视检查诊断,发动机::D8操作手册,发动机::D8操作手册::chunk_24
REL_000543,Marine Engine System_FaultPhenomenon_Drive Belt Wear,FaultPhenomenon,REPAIRED_BY,Marine Engine System_RepairMethod_Replace Drive Belt,RepairMethod,皮带磨损故障通过更换皮带修复,发动机::D8操作手册,发动机::D8操作手册::chunk_24
REL_000544,Marine Engine System_FaultPhenomenon_Engine Corrosion,FaultPhenomenon,CAUSED_BY,Marine Engine System_FaultCause_Air In Fuel System,FaultCause,发动机腐蚀现象可由燃油含水原因导致,发动机::D8操作手册,发动机::D8操作手册::chunk_25
REL_000545,Marine Engine System_FaultPhenomenon_Engine Overheat,FaultPhenomenon,CAUSED_BY,Marine Engine System_FaultCause_Filter Blockage,FaultCause,发动机过热由过滤器堵塞引起,发动机::D8操作手册,发动机::D8操作手册::chunk_28
REL_000546,Marine Engine System_FaultPhenomenon_Engine Unexpected Stop,FaultPhenomenon,CAUSED_BY,Marine Engine System_FaultPhenomenon_Fuel Filter Blockage,FaultPhenomenon,过滤器堵塞是导致发动机意外停止的直接原因,发动机::D8操作手册,发动机::D8操作手册::chunk_31
REL_000547,Marine Engine System_FaultPhenomenon_Fluid Leak,FaultPhenomenon,DIAGNOSED_BY,Marine Engine System_DiagnosticMethod_Visual Inspection,DiagnosticMethod,流体泄漏故障通过目视检查诊断,发动机::D8操作手册,发动机::D8操作手册::chunk_24
REL_000548,Marine Engine System_FaultPhenomenon_Fuel Filter Blockage,FaultPhenomenon,CAUSED_BY,Marine Engine System_FaultCause_High FAME Content,FaultCause,高 FAME 含量导致真菌滋生进而堵塞过滤器,发动机::D8操作手册,发动机::D8操作手册::chunk_31
REL_000549,Marine Engine System_Fuel Filter,Component,HAS_PARAMETER,Parameter_Fuel Pressure Drop,Parameter,燃油过滤器性能通过压降参数进行判断,发动机::D8操作手册,发动机::D8操作手册::chunk_25
REL_000550,Marine Engine System_Fuel Level Gauge,Component,HAS_PARAMETER,Parameter_Fuel Level,Parameter,燃油液位计监测燃油液位参数,发动机::D8操作手册,发动机::D8操作手册::chunk_12
REL_000551,Marine Engine System_Fuel Level Sensor,Component,REQUIRES,Marine Engine System_RepairMethod_Calibrate Fuel Tank,RepairMethod,燃油油位传感器准确性依赖燃油箱校准程序,发动机::D8操作手册,发动机::D8操作手册::chunk_29
REL_000552,Marine Engine System_Fuel System,System,HAS_COMPONENT,Marine Engine System_Component_Fuel Heater,Component,燃油系统在特定条件下需要配备燃料加热器,发动机::D8操作手册,发动机::D8操作手册::chunk_31
REL_000553,Marine Engine System_Fuel System,System,HAS_COMPONENT,Marine Engine System_Fuel Filter,Component,燃料系统包含燃油过滤器作为核心过滤部件,发动机::D8操作手册,发动机::D8操作手册::chunk_25
REL_000554,Marine Engine System_Fuel System,System,HAS_COMPONENT,Marine Engine System_Fuel Pressure Gauge,Component,燃料系统包含压力表用于监测过滤器状态,发动机::D8操作手册,发动机::D8操作手册::chunk_25
REL_000555,Marine Engine System_Fuel System,Component,HAS_COMPONENT,Marine Engine System_Injection Pump,Component,燃油系统包含喷射泵核心模块,发动机::D8操作手册,发动机::D8操作手册::chunk_10;发动机::D8操作手册::chunk_11;发动机::D8操作手册::chunk_8;发动机::D8操作手册::chunk_9
REL_000556,Marine Engine System_Fuel System,Component,HAS_COMPONENT,Marine Engine System_Injector,Component,燃油系统包含喷油器核心部件,发动机::D8操作手册,发动机::D8操作手册::chunk_10;发动机::D8操作手册::chunk_11;发动机::D8操作手册::chunk_8;发动机::D8操作手册::chunk_9
REL_000557,Marine Engine System_Fuel System,System,HAS_COMPONENT,Marine Engine System_Water Separator,Component,燃料系统包含聚水器用于分离水分,发动机::D8操作手册,发动机::D8操作手册::chunk_25
REL_000558,Marine Engine System_Fuel System,System,HAS_FAULT,Marine Engine System_FaultPhenomenon_Engine Unexpected Stop,FaultPhenomenon,燃油问题可能导致发动机意外停止,发动机::D8操作手册,发动机::D8操作手册::chunk_31
REL_000559,Marine Engine System_Fuel System,System,HAS_FAULT,Marine Engine System_FaultPhenomenon_Fuel Filter Blockage,FaultPhenomenon,燃油系统可能发生过滤器堵塞故障,发动机::D8操作手册,发动机::D8操作手册::chunk_31
REL_000560,Marine Engine System_Fuel System,System,HAS_PARAMETER,Marine Engine System_Parameter_FAME Content,Parameter,燃油系统对生物柴油混合比例有参数限制,发动机::D8操作手册,发动机::D8操作手册::chunk_31
REL_000561,Marine Engine System_Fuel System,System,HAS_PARAMETER,Marine Engine System_Parameter_Fuel Density,Parameter,燃油系统对燃油密度有明确参数要求,发动机::D8操作手册,发动机::D8操作手册::chunk_31
REL_000562,Marine Engine System_Fuel System,System,HAS_PARAMETER,Marine Engine System_Parameter_Fuel Sulfur Content,Parameter,燃油系统对含硫量有排放合规参数要求,发动机::D8操作手册,发动机::D8操作手册::chunk_31
REL_000563,Marine Engine System_Fuel System,System,HAS_PARAMETER,Marine Engine System_Parameter_Fuel Viscosity,Parameter,燃油系统对燃油粘度有明确参数要求,发动机::D8操作手册,发动机::D8操作手册::chunk_31
REL_000564,Marine Engine System_Fuel System,System,HAS_SAFETY_NOTE,Marine Engine System_SafetyNote_Engine Cooled Before Fuel Work,SafetyNote,燃料系统维护需遵守发动机冷却后的防火安全 note,发动机::D8操作手册,发动机::D8操作手册::chunk_25
REL_000565,Marine Engine System_Fuel System,System,HAS_SAFETY_NOTE,Marine Engine System_SafetyNote_Fuel Rag Fire Hazard,SafetyNote,燃料系统维护需遵守浸油抹布防火安全 note,发动机::D8操作手册,发动机::D8操作手册::chunk_25
REL_000566,Marine Engine System_Fuel System,System,HAS_SAFETY_NOTE,Marine Engine System_SafetyNote_Fuel Spill Clean,SafetyNote,燃油系统维护需注意防止生物柴油腐蚀油漆,发动机::D8操作手册,发动机::D8操作手册::chunk_31
REL_000567,Marine Engine System_Fuel System,System,HAS_SAFETY_NOTE,Marine Engine System_SafetyNote_Long Idle Fuel Type,SafetyNote,燃油系统对长期停机发动机的燃料类型有安全禁忌,发动机::D8操作手册,发动机::D8操作手册::chunk_31
REL_000568,Marine Engine System_Fuel System,Component,HAS_SAFETY_NOTE,SafetyNote_Do Not Bend High Pressure Fuel Pipes,SafetyNote,燃油系统高压管路维护时禁止弯曲操作,发动机::D8操作手册,发动机::D8操作手册::chunk_5;发动机::D8操作手册::chunk_6
REL_000569,Marine Engine System_Fuel System,Component,HAS_SAFETY_NOTE,SafetyNote_Fire And Explosion Prevention,SafetyNote,燃油系统因易燃性需特别注意防火防爆,发动机::D8操作手册,发动机::D8操作手册::chunk_0
REL_000570,Marine Engine System_Fuel System,Component,HAS_SAFETY_NOTE,SafetyNote_No Smoking During Fueling,SafetyNote,燃油系统加注需遵循禁止吸烟的安全规范,发动机::D8操作手册,发动机::D8操作手册::chunk_1;发动机::D8操作手册::chunk_2;发动机::D8操作手册::chunk_3;发动机::D8操作手册::chunk_4
REL_000571,Marine Engine System_Fuel System,Component,HAS_SAFETY_NOTE,SafetyNote_Qualified Workshop Repair,SafetyNote,燃油系统维修需遵守合格车间安全 note,发动机::D8操作手册,发动机::D8操作手册::chunk_10;发动机::D8操作手册::chunk_11;发动机::D8操作手册::chunk_8;发动机::D8操作手册::chunk_9
REL_000572,Marine Engine System_Fuel System,Component,HAS_SAFETY_NOTE,SafetyNote_Use Recommended Fuel,SafetyNote,燃油系统运行需遵循使用推荐燃油的安全规范,发动机::D8操作手册,发动机::D8操作手册::chunk_1;发动机::D8操作手册::chunk_2;发动机::D8操作手册::chunk_3;发动机::D8操作手册::chunk_4
REL_000573,Marine Engine System_Fuel System,Component,HAS_SAFETY_NOTE,SafetyNote_Wear Goggles For Fuel And Battery Work,SafetyNote,燃油系统测试作业时需遵循佩戴护目镜的安全规定,发动机::D8操作手册,发动机::D8操作手册::chunk_5;发动机::D8操作手册::chunk_6
REL_000574,Marine Engine System_Fuel System,System,REQUIRES,Marine Engine System_RepairMethod_Bleed Fuel System,RepairMethod,燃料系统在特定维护后必须执行排气维修方法,发动机::D8操作手册,发动机::D8操作手册::chunk_25
REL_000575,Marine Engine System_Fuel System,System,REQUIRES,Marine Engine System_RepairMethod_Flush Fuel Tank,RepairMethod,燃油系统在长期闲置后需要冲洗维护,发动机::D8操作手册,发动机::D8操作手册::chunk_31
REL_000576,Marine Engine System_Fuel System,System,REQUIRES,Marine Engine System_RepairMethod_Replace Fuel Hoses Seals,RepairMethod,燃油系统转换燃料类型时需要更换密封组件,发动机::D8操作手册,发动机::D8操作手册::chunk_31
REL_000577,Marine Engine System_Fuel Tank,Equipment,HAS_COMPONENT,Marine Engine System_Fuel Level Sensor,Component,燃油箱内部安装有燃油油位传感器以监测液位,发动机::D8操作手册,发动机::D8操作手册::chunk_29
REL_000578,Marine Engine System_Fuel Tank,Equipment,HAS_PARAMETER,Marine Engine System_Parameter_Fuel Tank Volume,Parameter,燃油箱具有定义总容量的体积参数,发动机::D8操作手册,发动机::D8操作手册::chunk_29
REL_000579,Marine Engine System_Glass Cockpit Display,Equipment,HAS_COMPONENT,Marine Engine System_Warning Management Program,Component,玻璃驾驶舱显示器包含警告管理程序界面,发动机::D8操作手册,发动机::D8操作手册::chunk_14
REL_000580,Marine Engine System_Glass Cockpit Display,Equipment,HAS_PARAMETER,Marine Engine System_Parameter_Neutral Warning Sound,Parameter,玻璃驾驶舱显示设备可设置空档警告声音参数,发动机::D8操作手册,发动机::D8操作手册::chunk_30
REL_000581,Marine Engine System_Glass Cockpit Display,Equipment,MONITORS,Marine Engine System_Interceptor Trim System,Equipment,玻璃驾驶舱显示屏监测扼流式压浪板系统的桨叶位置状态,发动机::D8操作手册,发动机::D8操作手册::chunk_19
REL_000582,Marine Engine System_Helm Station,Equipment,CONTROLS,Marine Engine System_EVC System,Equipment,舵台控制站对 EVC 系统进行控制与状态激活,发动机::D8操作手册,发动机::D8操作手册::chunk_20
REL_000583,Marine Engine System_Information Display,Equipment,DIAGNOSED_BY,DiagnosticMethod_Check Fault Code,DiagnosticMethod,信息显示设备上的故障可通过读取故障代码诊断,发动机::D8操作手册,发动机::D8操作手册::chunk_21
REL_000584,Marine Engine System_Information Display,Equipment,DIAGNOSED_BY,Marine Engine System_DiagnosticMethod_View EVC Info,DiagnosticMethod,信息显示系统状态可通过查看 EVC 信息方法诊断,发动机::D8操作手册,发动机::D8操作手册::chunk_29
REL_000585,Marine Engine System_Information Display,Equipment,HAS_COMPONENT,Marine Engine System_Trip Computer,Component,信息显示器包含行程计算机逻辑模块,发动机::D8操作手册,发动机::D8操作手册::chunk_12
REL_000586,Marine Engine System_Information Display,Equipment,HAS_COMPONENT,Marine Engine System_Warning Management Program,Component,信息显示器包含警告管理程序模块,发动机::D8操作手册,发动机::D8操作手册::chunk_12
REL_000587,Marine Engine System_Information Display,Equipment,HAS_PARAMETER,Marine Engine System_Parameter_Display Contrast,Parameter,信息显示屏具有可调节的对比度参数,发动机::D8操作手册,发动机::D8操作手册::chunk_29
REL_000588,Marine Engine System_Information Display,Equipment,HAS_PARAMETER,Marine Engine System_Parameter_Neutral Warning Sound,Parameter,信息显示屏设置中包含空档警告声音参数,发动机::D8操作手册,发动机::D8操作手册::chunk_29
REL_000589,Marine Engine System_Information Display,Equipment,MONITORS,Parameter_Coolant Temperature,Parameter,信息显示屏监控发动机冷却液温度参数,发动机::D8操作手册,发动机::D8操作手册::chunk_17
REL_000590,Marine Engine System_Information Display,Equipment,MONITORS,Parameter_Fuel Level,Parameter,信息显示屏监控燃油液位参数,发动机::D8操作手册,发动机::D8操作手册::chunk_17
REL_000591,Marine Engine System_Information Display,Equipment,REPAIRED_BY,RepairMethod_Use Screen Cover,RepairMethod,信息显示器维护通过使用保护盖进行,发动机::D8操作手册,发动机::D8操作手册::chunk_12
REL_000592,Marine Engine System_Injection Pump,Component,REPAIRED_BY,RepairMethod_Qualified Workshop Repair,RepairMethod,喷射泵必须由合格车间维修,发动机::D8操作手册,发动机::D8操作手册::chunk_10;发动机::D8操作手册::chunk_11;发动机::D8操作手册::chunk_8;发动机::D8操作手册::chunk_9
REL_000593,Marine Engine System_Injector,Component,REPAIRED_BY,RepairMethod_Qualified Workshop Repair,RepairMethod,喷油器必须由合格车间维修,发动机::D8操作手册,发动机::D8操作手册::chunk_10;发动机::D8操作手册::chunk_11;发动机::D8操作手册::chunk_8;发动机::D8操作手册::chunk_9
REL_000594,Marine Engine System_Instrumentation System,Equipment,HAS_COMPONENT,Marine Engine System_Alarm Monitor,Component,仪表系统包含警报监测器组件,发动机::D8操作手册,发动机::D8操作手册::chunk_12
REL_000595,Marine Engine System_Instrumentation System,Equipment,HAS_COMPONENT,Marine Engine System_Coolant Temperature Gauge,Component,仪表系统包含冷却剂温度计组件,发动机::D8操作手册,发动机::D8操作手册::chunk_12
REL_000596,Marine Engine System_Instrumentation System,Equipment,HAS_COMPONENT,Marine Engine System_Fresh Water Level Sensor,Component,仪表系统包含淡水水位传感器组件,发动机::D8操作手册,发动机::D8操作手册::chunk_12
REL_000597,Marine Engine System_Instrumentation System,Equipment,HAS_COMPONENT,Marine Engine System_Fuel Level Gauge,Component,仪表系统包含燃油液位计组件,发动机::D8操作手册,发动机::D8操作手册::chunk_12
REL_000598,Marine Engine System_Instrumentation System,Equipment,HAS_COMPONENT,Marine Engine System_Oil Pressure Gauge,Component,仪表系统包含油压表组件,发动机::D8操作手册,发动机::D8操作手册::chunk_12
REL_000599,Marine Engine System_Instrumentation System,Equipment,HAS_COMPONENT,Marine Engine System_Rudder Position Indicator,Component,仪表系统包含舵位指示器组件,发动机::D8操作手册,发动机::D8操作手册::chunk_12
REL_000600,Marine Engine System_Instrumentation System,Equipment,HAS_COMPONENT,Marine Engine System_Tachometer,Component,仪表系统包含转速表组件,发动机::D8操作手册,发动机::D8操作手册::chunk_12
REL_000601,Marine Engine System_Instrumentation System,Equipment,HAS_COMPONENT,Marine Engine System_Voltmeter,Component,仪表系统包含电压表组件,发动机::D8操作手册,发动机::D8操作手册::chunk_12
REL_000602,Marine Engine System_Interceptor Trim System,Equipment,CONTROLS,Parameter_Trim Angle,Parameter,扼流式压浪板系统控制船只的纵倾角参数,发动机::D8操作手册,发动机::D8操作手册::chunk_19
REL_000603,Marine Engine System_Joystick,Equipment,CONTROLS,Marine Engine System,System,操纵杆设备控制整个船舶发动机系统进行停靠和转向,发动机::D8操作手册,发动机::D8操作手册::chunk_15
REL_000604,Marine Engine System_Joystick,Equipment,CONTROLS,Marine Engine System_Dynamic Positioning System,Equipment,操纵杆可在必要时接管动态定位系统控制权,发动机::D8操作手册,发动机::D8操作手册::chunk_17
REL_000605,Marine Engine System_Joystick,Equipment,HAS_COMPONENT,Marine Engine System_Docking Mode,Component,操纵杆设备包含停靠模式组件用于狭窄区域操纵,发动机::D8操作手册,发动机::D8操作手册::chunk_15
REL_000606,Marine Engine System_Joystick,Equipment,HAS_COMPONENT,Marine Engine System_Joystick Driving Module,Component,操纵杆设备包含驾驶控制逻辑模块,发动机::D8操作手册,发动机::D8操作手册::chunk_16
REL_000607,Marine Engine System_Joystick,Equipment,HAS_COMPONENT,Marine Engine System_Joystick Steering Module,Component,操纵杆设备包含转向控制逻辑模块,发动机::D8操作手册,发动机::D8操作手册::chunk_16
REL_000608,Marine Engine System_Joystick,Equipment,HAS_SAFETY_NOTE,Marine Engine System_SafetyNote_Joystick Calibration Weather,SafetyNote,操纵杆校准作业必须遵守的气象与环境安全禁忌,发动机::D8操作手册,发动机::D8操作手册::chunk_30
REL_000609,Marine Engine System_Joystick,Equipment,HAS_SAFETY_NOTE,SafetyNote_Docking Mode Conditions,SafetyNote,操纵杆使用需遵守停靠模式激活条件的安全注意事项,发动机::D8操作手册,发动机::D8操作手册::chunk_15
REL_000610,Marine Engine System_Joystick,Equipment,HAS_SAFETY_NOTE,SafetyNote_Emergency Stop Joystick,SafetyNote,操纵杆操作包含紧急停止的安全程序,发动机::D8操作手册,发动机::D8操作手册::chunk_16
REL_000611,Marine Engine System_Joystick,Equipment,HAS_SAFETY_NOTE,SafetyNote_Joystick Momentum Warning,SafetyNote,操纵杆使用需注意惯性移动的安全警告,发动机::D8操作手册,发动机::D8操作手册::chunk_16
REL_000612,Marine Engine System_Joystick,Equipment,REPAIRED_BY,Marine Engine System_RepairMethod_Calibrate Joystick Docking,RepairMethod,操纵杆入坞功能异常时采用的校准修复方法,发动机::D8操作手册,发动机::D8操作手册::chunk_30
REL_000613,Marine Engine System_Joystick Driving Module,Component,CONTROLS,Marine Engine System,System,驾驶模块控制系统的节气门和换档功能,发动机::D8操作手册,发动机::D8操作手册::chunk_16
REL_000614,Marine Engine System_Joystick Driving Module,Component,HAS_PARAMETER,Parameter_Throttle,Parameter,驾驶模块控制并显示节气门参数,发动机::D8操作手册,发动机::D8操作手册::chunk_16
REL_000615,Marine Engine System_Joystick Driving Module,Component,HAS_SAFETY_NOTE,SafetyNote_Joystick Driving Prerequisites,SafetyNote,驾驶模块启用前需满足硬件配置的安全要求,发动机::D8操作手册,发动机::D8操作手册::chunk_16
REL_000616,Marine Engine System_Joystick Driving Module,Component,REQUIRES,Marine Engine System_Autopilot,Equipment,驾驶功能正常工作必须依赖自动操舵仪安装,发动机::D8操作手册,发动机::D8操作手册::chunk_16
REL_000617,Marine Engine System_Joystick Driving Module,Component,REQUIRES,Marine Engine System_Glass Cockpit Display,Equipment,驾驶功能正常工作必须依赖玻璃驾驶舱显示屏,发动机::D8操作手册,发动机::D8操作手册::chunk_16
REL_000618,Marine Engine System_Joystick Steering Module,Component,CONTROLS,Marine Engine System_Autopilot,Equipment,转向模块在激活时控制自动操舵仪的状态,发动机::D8操作手册,发动机::D8操作手册::chunk_16
REL_000619,Marine Engine System_Joystick Steering Module,Component,CONTROLS,Marine Engine System_External Steering,Equipment,转向模块通过操纵杆指令控制外部转向机构,发动机::D8操作手册,发动机::D8操作手册::chunk_16
REL_000620,Marine Engine System_Joystick Steering Module,Component,HAS_PARAMETER,Parameter_Rudder Angle,Parameter,转向模块调整并显示舵角参数,发动机::D8操作手册,发动机::D8操作手册::chunk_16
REL_000621,Marine Engine System_Local Helm Station,Equipment,CONTROLS,Marine Engine System_Main Helm Station,Equipment,本地舵站具有高于主舵站的控制优先级,发动机::D8操作手册,发动机::D8操作手册::chunk_21
REL_000622,Marine Engine System_Low Speed Module,Component,CONTROLS,Marine Engine System_Drive Device,Component,低速功能模块控制驱动装置以影响螺旋桨转速,发动机::D8操作手册,发动机::D8操作手册::chunk_15
REL_000623,Marine Engine System_Low Speed Module,Component,HAS_PARAMETER,Parameter_Propeller Speed,Parameter,低速模块监控并影响螺旋桨转速参数,发动机::D8操作手册,发动机::D8操作手册::chunk_17
REL_000624,Marine Engine System_Low Speed Module,Component,HAS_SAFETY_NOTE,SafetyNote_Low Speed Engagement Condition,SafetyNote,低速模块接合需遵守空档位置安全要求,发动机::D8操作手册,发动机::D8操作手册::chunk_17
REL_000625,Marine Engine System_Lubrication System,System,HAS_COMPONENT,Marine Engine System_Oil Level Sensor,Component,润滑系统包含机油位传感器用于监测液位,发动机::D8操作手册,发动机::D8操作手册::chunk_25
REL_000626,Marine Engine System_Lubrication System,System,HAS_PARAMETER,Marine Engine System_Parameter_Fuel Viscosity,Parameter,润滑系统根据环境温度要求特定的机油粘度参数,发动机::D8操作手册,发动机::D8操作手册::chunk_30
REL_000627,Marine Engine System_Lubrication System,System,HAS_PARAMETER,Marine Engine System_Parameter_Oil Capacity,Parameter,润滑系统包含机油容量这一关键运行参数,发动机::D8操作手册,发动机::D8操作手册::chunk_30
REL_000628,Marine Engine System_Lubrication System,System,HAS_PARAMETER,Marine Engine System_Parameter_Oil Pressure,Parameter,润滑系统需监测正常运行及怠速下的机油压力,发动机::D8操作手册,发动机::D8操作手册::chunk_30
REL_000629,Marine Engine System_Lubrication System,System,HAS_PARAMETER,Parameter_Oil Level,Parameter,润滑系统运行必须监控机油液位参数,发动机::D8操作手册,发动机::D8操作手册::chunk_25
REL_000630,Marine Engine System_Lubrication System,System,HAS_SAFETY_NOTE,Marine Engine System_SafetyNote_Engine Horizontal For Oil Check,SafetyNote,润滑系统维护需遵守发动机水平放置的安全 note,发动机::D8操作手册,发动机::D8操作手册::chunk_25
REL_000631,Marine Engine System_Lubrication System,System,HAS_SAFETY_NOTE,Marine Engine System_SafetyNote_No Overfill Oil,SafetyNote,润滑系统加注需遵守不超过最大油位的安全 note,发动机::D8操作手册,发动机::D8操作手册::chunk_25
REL_000632,Marine Engine System_Main Helm Station,Equipment,CONTROLS,Marine Engine System_Remote Helm Station,Equipment,主舵站具有高于远程舵站的控制优先级,发动机::D8操作手册,发动机::D8操作手册::chunk_21
REL_000633,Marine Engine System_Oil Pressure Gauge,Component,HAS_PARAMETER,Parameter_Oil Pressure,Parameter,油压表监测机油压力参数,发动机::D8操作手册,发动机::D8操作手册::chunk_12
REL_000634,Marine Engine System_Power Take-Off,Component,CONTROLS,Marine Engine System,System,功率输出端模块控制发动机与推进装置的连接状态,发动机::D8操作手册,发动机::D8操作手册::chunk_19
REL_000635,Marine Engine System_Power Take-Off,Component,HAS_SAFETY_NOTE,SafetyNote_PTO Neutral Requirement,SafetyNote,功率输出端模块关联空档要求的安全注意事项,发动机::D8操作手册,发动机::D8操作手册::chunk_19
REL_000636,Marine Engine System_Power Trim Assist,Component,CONTROLS,Marine Engine System_Drive Device,Component,动力升降辅助装置自动调整驱动装置纵倾角,发动机::D8操作手册,发动机::D8操作手册::chunk_14
REL_000637,Marine Engine System_Power Trim System,Equipment,BELONGS_TO,Marine Engine System_External Steering,Equipment,动力升降系统属于外部转向系统的一部分,发动机::D8操作手册,发动机::D8操作手册::chunk_14
REL_000638,Marine Engine System_Power Trim System,Equipment,CONTROLS,Marine Engine System_Drive Device,Component,动力升降系统控制驱动装置的升降角度,发动机::D8操作手册,发动机::D8操作手册::chunk_14
REL_000639,Marine Engine System_Power Trim System,Equipment,HAS_COMPONENT,Marine Engine System_Power Trim Assist,Component,动力升降系统包含动力升降辅助装置模块,发动机::D8操作手册,发动机::D8操作手册::chunk_14
REL_000640,Marine Engine System_Power Trim System,Equipment,HAS_PARAMETER,Parameter_Trim Angle,Parameter,动力升降系统显示和调节纵倾角参数,发动机::D8操作手册,发动机::D8操作手册::chunk_14
REL_000641,Marine Engine System_Propeller Shaft Brake,Component,HAS_PARAMETER,Parameter_Propeller Shaft Oil Temperature,Parameter,推进轴制动器监测推进轴油温参数以确保润滑冷却,发动机::D8操作手册,发动机::D8操作手册::chunk_19
REL_000642,Marine Engine System_Propeller Shaft Brake,Component,HAS_SAFETY_NOTE,SafetyNote_Propeller Shaft Oil Temp Limit,SafetyNote,推进轴制动器关联油温限制的安全注意事项,发动机::D8操作手册,发动机::D8操作手册::chunk_19
REL_000643,Marine Engine System_Propeller Shaft Brake,Component,PREVENTS,FaultPhenomenon_Propeller Shaft Rotation Damage,FaultPhenomenon,推进轴制动器防止发动机停止时轴被动转动导致的损坏,发动机::D8操作手册,发动机::D8操作手册::chunk_19
REL_000644,Marine Engine System_RepairMethod_Calibrate Fuel Tank,RepairMethod,HAS_SAFETY_NOTE,Marine Engine System_SafetyNote_Authorized Service for Fuel Calibration,SafetyNote,燃油校准维修需注意必须由授权服务站设置体积参数,发动机::D8操作手册,发动机::D8操作手册::chunk_29
REL_000645,Marine Engine System_RepairMethod_Calibrate Fuel Tank,RepairMethod,HAS_SAFETY_NOTE,Marine Engine System_SafetyNote_Fuel Level Limit for Calibration,SafetyNote,燃油校准维修需注意多点校准时油位不得超过 20%,发动机::D8操作手册,发动机::D8操作手册::chunk_29
REL_000646,Marine Engine System_RepairMethod_Manage Keys,RepairMethod,HAS_SAFETY_NOTE,Marine Engine System_SafetyNote_Minimum One Key Required,SafetyNote,钥匙管理维修需注意系统中必须至少保留一个钥匙,发动机::D8操作手册,发动机::D8操作手册::chunk_29
REL_000647,Marine Engine System_RepairMethod_Replace Drive Belt,RepairMethod,REQUIRES,Marine Engine System_Drive Belt Guard,Component,更换传动皮带维修方法涉及防护盖的拆装,发动机::D8操作手册,发动机::D8操作手册::chunk_25
REL_000648,Marine Engine System_Reverse Gear,Equipment,HAS_PARAMETER,Marine Engine System_Parameter_Gear Oil Level,Parameter,倒档设备具有油位参数,发动机::D8操作手册,发动机::D8操作手册::chunk_28
REL_000649,Marine Engine System_Reverse Gear,Equipment,HAS_PARAMETER,Marine Engine System_Parameter_Gear Oil Pressure,Parameter,倒档设备具有运行油压参数要求,发动机::D8操作手册,发动机::D8操作手册::chunk_31
REL_000650,Marine Engine System_Reverse Gear,Equipment,REQUIRES,Marine Engine System_RepairMethod_Check Gear Oil Level,RepairMethod,倒档维护需要检查油位,发动机::D8操作手册,发动机::D8操作手册::chunk_28
REL_000651,Marine Engine System_Safety Lanyard,Component,CONTROLS,Marine Engine System,System,安全短索组件在失控时控制发动机停止,发动机::D8操作手册,发动机::D8操作手册::chunk_7
REL_000652,Marine Engine System_SafetyNote_Battery Ventilation,SafetyNote,PREVENTS,Marine Engine System_FaultPhenomenon_Battery Discharge,FaultPhenomenon,通风防止电池气体积聚导致故障,发动机::D8操作手册,发动机::D8操作手册::chunk_28
REL_000653,Marine Engine System_SafetyNote_Close Sea Cock Before Operation,SafetyNote,PREVENTS,Marine Engine System_FaultPhenomenon_Engine Overheat,FaultPhenomenon,关闭通海旋塞防止进水危险和系统损坏,发动机::D8操作手册,发动机::D8操作手册::chunk_28
REL_000654,Marine Engine System_SafetyNote_Engine Horizontal For Oil Check,SafetyNote,PREVENTS,Marine Engine System_FaultPhenomenon_Incorrect Oil Level Reading,FaultPhenomenon,水平检查安全措施可防止油位读数错误故障,发动机::D8操作手册,发动机::D8操作手册::chunk_25
REL_000655,Marine Engine System_SafetyNote_Fix Leak Before Start,SafetyNote,PREVENTS,Marine Engine System_FaultPhenomenon_Fluid Leak,FaultPhenomenon,起动前修复泄漏防止故障扩大,发动机::D8操作手册,发动机::D8操作手册::chunk_24
REL_000656,Marine Engine System_SafetyNote_Long Idle Fuel Type,SafetyNote,PREVENTS,Marine Engine System_FaultPhenomenon_Engine Unexpected Stop,FaultPhenomenon,遵守长期停机燃料禁忌可防止发动机意外停止,发动机::D8操作手册,发动机::D8操作手册::chunk_31
REL_000657,Marine Engine System_SafetyNote_No Disconnect While Running,SafetyNote,PREVENTS,Marine Engine System_FaultPhenomenon_Alternator Damage,FaultPhenomenon,禁止运行时断开防止发电机损坏,发动机::D8操作手册,发动机::D8操作手册::chunk_28
REL_000658,Marine Engine System_SafetyNote_No High Pressure Wash,SafetyNote,PREVENTS,Marine Engine System_FaultPhenomenon_Electrical Cable Damage,FaultPhenomenon,禁止高压清洗防止电气电缆损坏,发动机::D8操作手册,发动机::D8操作手册::chunk_24
REL_000659,Marine Engine System_SafetyNote_No Open Cap When Hot,SafetyNote,PREVENTS,FaultPhenomenon_Mechanical Damage,FaultPhenomenon,高温禁止开盖措施防止了蒸汽喷出导致的机械或人身伤害,发动机::D8操作手册,发动机::D8操作手册::chunk_26;发动机::D8操作手册::chunk_27
REL_000660,Marine Engine System_SafetyNote_Stop Engine Before Maintenance,SafetyNote,PREVENTS,Marine Engine System_FaultPhenomenon_Drive Belt Wear,FaultPhenomenon,维护前停机防止皮带维修时的机械损伤,发动机::D8操作手册,发动机::D8操作手册::chunk_24
REL_000661,Marine Engine System_SafetyNote_Use Distilled Water For Mixing,SafetyNote,PREVENTS,Marine Engine System_FaultPhenomenon_Engine Corrosion,FaultPhenomenon,使用蒸馏水混合措施防止了水质不佳导致的发动机腐蚀,发动机::D8操作手册,发动机::D8操作手册::chunk_26;发动机::D8操作手册::chunk_27
REL_000662,Marine Engine System_Sea Water Filter,Equipment,PREVENTS,Marine Engine System_FaultPhenomenon_Engine Overheat,FaultPhenomenon,海水过滤器防止因冷却不足导致的发动机过热,发动机::D8操作手册,发动机::D8操作手册::chunk_28
REL_000663,Marine Engine System_Sea Water Filter,Equipment,REQUIRES,Marine Engine System_RepairMethod_Clean Sea Water Filter,RepairMethod,海水过滤器维护需要清洁操作,发动机::D8操作手册,发动机::D8操作手册::chunk_28
REL_000664,Marine Engine System_Sea Water Pump,Equipment,HAS_COMPONENT,Marine Engine System_Impeller,Component,海水泵内部包含核心叶轮组件,发动机::D8操作手册,发动机::D8操作手册::chunk_28
REL_000665,Marine Engine System_Sea Water Pump,Equipment,REQUIRES,Marine Engine System_RepairMethod_Replace Impeller,RepairMethod,海水泵维护需要更换叶轮,发动机::D8操作手册,发动机::D8操作手册::chunk_28
REL_000666,Marine Engine System_Sea Water System,System,HAS_COMPONENT,Marine Engine System_Sea Water Filter,Equipment,海水系统包含海水过滤设备,发动机::D8操作手册,发动机::D8操作手册::chunk_28
REL_000667,Marine Engine System_Sea Water System,System,HAS_COMPONENT,Marine Engine System_Sea Water Pump,Equipment,海水系统包含海水泵设备,发动机::D8操作手册,发动机::D8操作手册::chunk_28
REL_000668,Marine Engine System_Start Stop Panel,Equipment,CONTROLS,Marine Engine System,System,起动停止面板用于控制发动机系统的启停,发动机::D8操作手册,发动机::D8操作手册::chunk_22
REL_000669,Marine Engine System_Start Stop Panel,Equipment,CONTROLS,Marine Engine System_Starter Motor,Component,起动停止面板控制起动马达的运转,发动机::D8操作手册,发动机::D8操作手册::chunk_20
REL_000670,Marine Engine System_Starter Motor,Component,HAS_FAULT,FaultPhenomenon_Engine Start Failure,FaultPhenomenon,起动马达故障可能导致发动机无法启动,发动机::D8操作手册,发动机::D8操作手册::chunk_20
REL_000671,Marine Engine System_Starter Motor,Component,HAS_FAULT,FaultPhenomenon_Starter Motor Overheat,FaultPhenomenon,起动马达可能发生过热故障,发动机::D8操作手册,发动机::D8操作手册::chunk_20
REL_000672,Marine Engine System_Starter Motor,Component,HAS_PARAMETER,Parameter_Cool Down Time,Parameter,起动马达具有过热后冷却时间参数要求,发动机::D8操作手册,发动机::D8操作手册::chunk_20
REL_000673,Marine Engine System_Starter Motor,Component,HAS_PARAMETER,Parameter_Cranking Time Limit,Parameter,起动马达具有默认盘车时间限制参数,发动机::D8操作手册,发动机::D8操作手册::chunk_20
REL_000674,Marine Engine System_Starter Motor,Component,HAS_PARAMETER,Parameter_Starter Engagement Time,Parameter,起动马达具有最大接合时间参数限制,发动机::D8操作手册,发动机::D8操作手册::chunk_20
REL_000675,Marine Engine System_Stern Drive,Equipment,HAS_SAFETY_NOTE,SafetyNote_ACP Freshwater Mode,SafetyNote,船尾驱动装置关联淡水环境下 ACP 模式设置的安全建议,发动机::D8操作手册,发动机::D8操作手册::chunk_19
REL_000676,Marine Engine System_Stern Drive,Equipment,REPAIRED_BY,Marine Engine System_RepairMethod_Calibrate Drive Unit Direct,RepairMethod,驱动装置机械安装后未行驶时执行的直接校准修复,发动机::D8操作手册,发动机::D8操作手册::chunk_30
REL_000677,Marine Engine System_Swimming Platform Interface,Component,HAS_SAFETY_NOTE,SafetyNote_Swimming Platform Override,SafetyNote,游泳跳台接口关联覆盖操作的安全风险警示,发动机::D8操作手册,发动机::D8操作手册::chunk_19
REL_000678,Marine Engine System_Swimming Platform Interface,Component,PREVENTS,FaultPhenomenon_Swimming Platform Collision,FaultPhenomenon,游泳跳台接口防止跳台与驱动装置接触造成的碰撞损坏,发动机::D8操作手册,发动机::D8操作手册::chunk_19
REL_000679,Marine Engine System_Tachometer,Component,HAS_PARAMETER,Parameter_Engine Speed,Parameter,转速表监测发动机转速参数,发动机::D8操作手册,发动机::D8操作手册::chunk_12
REL_000680,Marine Engine System_Trip Computer,Component,HAS_PARAMETER,Parameter_Fuel Consumption,Parameter,行程计算机监控和显示燃油消耗参数,发动机::D8操作手册,发动机::D8操作手册::chunk_13
REL_000681,Marine Engine System_Trip Computer,Component,HAS_PARAMETER,Parameter_Trip Distance,Parameter,行程计算机记录并显示行程距离参数,发动机::D8操作手册,发动机::D8操作手册::chunk_13
REL_000682,Marine Engine System_Trip Computer,Component,REPAIRED_BY,RepairMethod_Reset Trip Computer,RepairMethod,行程计算机模块通过重置参数进行维护,发动机::D8操作手册,发动机::D8操作手册::chunk_12
REL_000683,Marine Engine System_Turbocharger,Component,HAS_SAFETY_NOTE,SafetyNote_Do Not Start With Valve Cover Removed,SafetyNote,涡轮增压器及相关发动机部件起动前需确保盖板安装,发动机::D8操作手册,发动机::D8操作手册::chunk_1;发动机::D8操作手册::chunk_2;发动机::D8操作手册::chunk_3;发动机::D8操作手册::chunk_4
REL_000684,Marine Engine System_Voltmeter,Component,HAS_PARAMETER,Parameter_Battery Voltage,Parameter,电压表监测电池电压参数,发动机::D8操作手册,发动机::D8操作手册::chunk_12
REL_000685,Marine Engine System_Warning Management Program,Component,DIAGNOSED_BY,DiagnosticMethod_Check Fault Code,DiagnosticMethod,警告管理程序故障通过检查故障代码诊断,发动机::D8操作手册,发动机::D8操作手册::chunk_12
REL_000686,Marine Engine System_Warning Management Program,Component,MONITORS,Marine Engine System,System,警告管理程序监测系统故障并告知舵手,发动机::D8操作手册,发动机::D8操作手册::chunk_13
REL_000687,Marine Engine System_Water Separator,Component,REPAIRED_BY,Marine Engine System_RepairMethod_Drain Water Separator,RepairMethod,聚水器组件通过排水方法进行维护修复,发动机::D8操作手册,发动机::D8操作手册::chunk_25
REL_000688,RepairMethod_Stop Engine Via Electronic Key Panel,RepairMethod,REQUIRES,Parameter_Neutral Gear Position,Parameter,钥匙面板停机操作前必须确认传动处于空档参数状态,发动机::D8操作手册,发动机::D8操作手册::chunk_22
REL_000689,RepairMethod_Stop Engine Via Start Stop Panel,RepairMethod,REQUIRES,Parameter_Neutral Gear Position,Parameter,面板停机操作前必须确认传动处于空档参数状态,发动机::D8操作手册,发动机::D8操作手册::chunk_22
REL_000690,RepairMethod_Warm Up Engine,RepairMethod,REQUIRES,Parameter_Idle Speed,Parameter,发动机暖机操作需要在怠速状态下进行,发动机::D8操作手册,发动机::D8操作手册::chunk_21
REL_000691,SafetyNote_Beach Mode RPM Limit,SafetyNote,PREVENTS,FaultPhenomenon_Engine Overspeed,FaultPhenomenon,海滩模式转速限制防止发动机超速,发动机::D8操作手册,发动机::D8操作手册::chunk_14
REL_000692,SafetyNote_Chemical Health Protection,SafetyNote,PREVENTS,FaultPhenomenon_Skin Damage,FaultPhenomenon,化学品防护措施可防止皮肤损伤问题,发动机::D8操作手册,发动机::D8操作手册::chunk_0
REL_000693,SafetyNote_Cold Start Procedure,SafetyNote,PREVENTS,FaultPhenomenon_Engine Start Failure,FaultPhenomenon,寒冷启动操作规范可防止发动机启动失败,发动机::D8操作手册,发动机::D8操作手册::chunk_20
REL_000694,SafetyNote_Cool Down Before Cooling System Work,SafetyNote,PREVENTS,FaultPhenomenon_Burns,FaultPhenomenon,冷却后操作的安全措施可防止人员灼伤故障,发动机::D8操作手册,发动机::D8操作手册::chunk_1;发动机::D8操作手册::chunk_2;发动机::D8操作手册::chunk_3;发动机::D8操作手册::chunk_4
REL_000695,SafetyNote_Cooling Inlet Immersion,SafetyNote,PREVENTS,FaultPhenomenon_Cooling Inlet Exposure,FaultPhenomenon,冷却入口浸没要求防止冷却入口暴露,发动机::D8操作手册,发动机::D8操作手册::chunk_14
REL_000696,SafetyNote_Correct Battery Polarity Connection,SafetyNote,PREVENTS,FaultPhenomenon_Electronic Device Damage,FaultPhenomenon,正确连接电池极性可防止电气设备严重损坏,发动机::D8操作手册,发动机::D8操作手册::chunk_5;发动机::D8操作手册::chunk_6
REL_000697,SafetyNote_Correct Coolant Mixture,SafetyNote,PREVENTS,FaultPhenomenon_Warranty Void,FaultPhenomenon,正确混合冷却剂防止保修被拒,发动机::D8操作手册,发动机::D8操作手册::chunk_10;发动机::D8操作手册::chunk_11;发动机::D8操作手册::chunk_8;发动机::D8操作手册::chunk_9
REL_000698,SafetyNote_DPS Personnel Safety,SafetyNote,PREVENTS,FaultPhenomenon_Unintended Vessel Movement,FaultPhenomenon,人员安全检查防止意外移动造成伤害,发动机::D8操作手册,发动机::D8操作手册::chunk_17
REL_000699,SafetyNote_Dark Station Mode Warning,SafetyNote,PREVENTS,FaultPhenomenon_Missed Alarm,FaultPhenomenon,遵循暗站模式警告可防止因背光关闭导致错过警报的现象,发动机::D8操作手册,发动机::D8操作手册::chunk_13
REL_000700,SafetyNote_Disconnect Control Units Before Welding,SafetyNote,PREVENTS,FaultPhenomenon_Electronic Device Damage,FaultPhenomenon,焊接前断开控制单元的安全措施可防止电子装置损坏故障,发动机::D8操作手册,发动机::D8操作手册::chunk_1;发动机::D8操作手册::chunk_2;发动机::D8操作手册::chunk_3;发动机::D8操作手册::chunk_4
REL_000701,SafetyNote_Do Not Bend High Pressure Fuel Pipes,SafetyNote,PREVENTS,FaultPhenomenon_Fuel Pipe Cracking,FaultPhenomenon,禁止弯曲管路的安全措施可预防管路开裂故障,发动机::D8操作手册,发动机::D8操作手册::chunk_5;发动机::D8操作手册::chunk_6
REL_000702,SafetyNote_Emergency Stop Joystick,SafetyNote,PREVENTS,FaultPhenomenon_Mechanical Damage,FaultPhenomenon,紧急停止程序可防止危险情况下的机械损坏,发动机::D8操作手册,发动机::D8操作手册::chunk_16
REL_000703,SafetyNote_Engage Neutral Before Stop,SafetyNote,PREVENTS,FaultPhenomenon_Transmission Stress,FaultPhenomenon,停机前挂空档的安全措施可防止传动系统应力故障,发动机::D8操作手册,发动机::D8操作手册::chunk_22
REL_000704,SafetyNote_Engine Run During Maneuver,SafetyNote,PREVENTS,FaultPhenomenon_Water Ingestion,FaultPhenomenon,操纵期间保持发动机运转可防止水进入发动机,发动机::D8操作手册,发动机::D8操作手册::chunk_21
REL_000705,SafetyNote_Fire And Explosion Prevention,SafetyNote,PREVENTS,FaultPhenomenon_Fire Or Explosion,FaultPhenomenon,防火防爆安全措施可防止火灾爆炸事故发生,发动机::D8操作手册,发动机::D8操作手册::chunk_0
REL_000706,SafetyNote_Joystick Momentum Warning,SafetyNote,PREVENTS,FaultPhenomenon_Mechanical Damage,FaultPhenomenon,注意惯性移动可防止因碰撞导致的机械损坏,发动机::D8操作手册,发动机::D8操作手册::chunk_16
REL_000707,SafetyNote_Neutral Start Requirement,SafetyNote,PREVENTS,FaultPhenomenon_Engine Overspeed,FaultPhenomenon,空档起动要求防止意外超速,发动机::D8操作手册,发动机::D8操作手册::chunk_14
REL_000708,SafetyNote_Neutral Start Requirement,SafetyNote,PREVENTS,FaultPhenomenon_Mechanical Damage,FaultPhenomenon,起动前置于空档的安全要求可防止机械损坏,发动机::D8操作手册,发动机::D8操作手册::chunk_20
REL_000709,SafetyNote_No Cold Idling,SafetyNote,PREVENTS,FaultPhenomenon_Mechanical Damage,FaultPhenomenon,禁止冷态空转的安全措施可防止发动机机械损坏,发动机::D8操作手册,发动机::D8操作手册::chunk_21
REL_000710,SafetyNote_No EVC Modification,SafetyNote,PREVENTS,FaultPhenomenon_System Performance Fault,FaultPhenomenon,禁止改装 EVC 防止系统性能故障,发动机::D8操作手册,发动机::D8操作手册::chunk_10;发动机::D8操作手册::chunk_11;发动机::D8操作手册::chunk_8;发动机::D8操作手册::chunk_9
REL_000711,SafetyNote_No EVC Modification,SafetyNote,PREVENTS,FaultPhenomenon_Warranty Void,FaultPhenomenon,禁止改装 EVC 防止保修失效,发动机::D8操作手册,发动机::D8操作手册::chunk_10;发动机::D8操作手册::chunk_11;发动机::D8操作手册::chunk_8;发动机::D8操作手册::chunk_9
REL_000712,SafetyNote_No Engine Modification,SafetyNote,PREVENTS,FaultPhenomenon_Emission Certificate Void,FaultPhenomenon,禁止改装发动机防止排放证书无效,发动机::D8操作手册,发动机::D8操作手册::chunk_10;发动机::D8操作手册::chunk_11;发动机::D8操作手册::chunk_8;发动机::D8操作手册::chunk_9
REL_000713,SafetyNote_No Engine Run In Lift Range,SafetyNote,PREVENTS,FaultPhenomenon_Mechanical Damage,FaultPhenomenon,禁止在升程范围运行防止机械损坏,发动机::D8操作手册,发动机::D8操作手册::chunk_14
REL_000714,SafetyNote_No High Pressure Washing On Engine,SafetyNote,PREVENTS,FaultPhenomenon_Mechanical Damage,FaultPhenomenon,禁止高压清洗的安全规定可预防发动机机械损伤,发动机::D8操作手册,发动机::D8操作手册::chunk_5;发动机::D8操作手册::chunk_6
REL_000715,SafetyNote_No Open Flame Near Battery,SafetyNote,PREVENTS,FaultPhenomenon_Fire Or Explosion,FaultPhenomenon,电池附近禁明火措施可防止火灾或爆炸事故,发动机::D8操作手册,发动机::D8操作手册::chunk_5;发动机::D8操作手册::chunk_6
REL_000716,SafetyNote_No Overload,SafetyNote,PREVENTS,FaultPhenomenon_Mechanical Damage,FaultPhenomenon,禁止过载防止机械损坏,发动机::D8操作手册,发动机::D8操作手册::chunk_10;发动机::D8操作手册::chunk_11;发动机::D8操作手册::chunk_8;发动机::D8操作手册::chunk_9
REL_000717,SafetyNote_No Reverse While Sliding,SafetyNote,PREVENTS,FaultPhenomenon_Transmission Stress,FaultPhenomenon,禁止滑行时挂倒档可防止传动装置受损,发动机::D8操作手册,发动机::D8操作手册::chunk_21
REL_000718,SafetyNote_Protect Screen From Sun,SafetyNote,PREVENTS,FaultPhenomenon_Screen Damage,FaultPhenomenon,使用保护盖安全措施防止屏幕损坏故障,发动机::D8操作手册,发动机::D8操作手册::chunk_12
REL_000719,SafetyNote_Qualified Workshop Repair,SafetyNote,PREVENTS,FaultPhenomenon_Component Failure,FaultPhenomenon,合格车间维修防止部件故障,发动机::D8操作手册,发动机::D8操作手册::chunk_10;发动机::D8操作手册::chunk_11;发动机::D8操作手册::chunk_8;发动机::D8操作手册::chunk_9
REL_000720,SafetyNote_Starter Motor Cool Down,SafetyNote,PREVENTS,FaultPhenomenon_Starter Motor Overheat,FaultPhenomenon,冷却五分钟的安全措施可防止起动马达过热损坏,发动机::D8操作手册,发动机::D8操作手册::chunk_20
REL_000721,SafetyNote_Stop Engine Before Electrical Work,SafetyNote,PREVENTS,FaultPhenomenon_Electronic Device Damage,FaultPhenomenon,停机断电的安全措施可防止电子装置损坏故障,发动机::D8操作手册,发动机::D8操作手册::chunk_1;发动机::D8操作手册::chunk_2;发动机::D8操作手册::chunk_3;发动机::D8操作手册::chunk_4
REL_000722,SafetyNote_Use Recommended Fuel,SafetyNote,PREVENTS,FaultPhenomenon_Engine Overspeed,FaultPhenomenon,使用推荐燃油的安全措施可防止发动机超速故障,发动机::D8操作手册,发动机::D8操作手册::chunk_1;发动机::D8操作手册::chunk_2;发动机::D8操作手册::chunk_3;发动机::D8操作手册::chunk_4
REL_000723,SafetyNote_Use Safety Lanyard,SafetyNote,PREVENTS,FaultPhenomenon_Engine Overspeed,FaultPhenomenon,使用安全短索措施防止发动机超速或失控,发动机::D8操作手册,发动机::D8操作手册::chunk_7
REL_000724,SafetyNote_Wear Goggles For Fuel And Battery Work,SafetyNote,PREVENTS,FaultPhenomenon_Sepsis Infection,FaultPhenomenon,佩戴护目镜及规范操作可防止燃油接触引发的感染,发动机::D8操作手册,发动机::D8操作手册::chunk_5;发动机::D8操作手册::chunk_6
REL_000725,Volvo Penta Engine,Equipment,BELONGS_TO,Volvo Penta Engine System,System,发动机主体设备归属于沃尔沃遍达发动机整体系统,发动机::D8维护保养手册,发动机::D8维护保养手册::chunk_0;发动机::D8维护保养手册::chunk_1;发动机::D8维护保养手册::chunk_2;发动机::D8维护保养手册::chunk_3
REL_000726,Volvo Penta Engine,Equipment,HAS_COMPONENT,Volvo Penta Engine_Cooling System_Charge Air Cooler,Component,发动机包含增压空气冷却器组件,发动机::D8维护保养手册,发动机::D8维护保养手册::chunk_10;发动机::D8维护保养手册::chunk_11
REL_000727,Volvo Penta Engine,Equipment,HAS_COMPONENT,Volvo Penta Engine_Cooling System_Expansion Tank,Component,发动机包含冷却液膨胀箱组件,发动机::D8维护保养手册,发动机::D8维护保养手册::chunk_10;发动机::D8维护保养手册::chunk_11
REL_000728,Volvo Penta Engine,Equipment,HAS_COMPONENT,Volvo Penta Engine_Fuel System_Common Rail,Component,发动机包含燃油共轨系统组件,发动机::D8维护保养手册,发动机::D8维护保养手册::chunk_10;发动机::D8维护保养手册::chunk_11
REL_000729,Volvo Penta Engine,Equipment,HAS_COMPONENT,Volvo Penta Engine_Fuel System_Fuel Filter,Component,发动机包含燃油过滤器组件,发动机::D8维护保养手册,发动机::D8维护保养手册::chunk_10;发动机::D8维护保养手册::chunk_11
REL_000730,Volvo Penta Engine,Equipment,HAS_COMPONENT,Volvo Penta Engine_Fuel System_Fuel Injector,Component,发动机包含喷油器组件,发动机::D8维护保养手册,发动机::D8维护保养手册::chunk_10;发动机::D8维护保养手册::chunk_11
REL_000731,Volvo Penta Engine,Equipment,HAS_COMPONENT,Volvo Penta Engine_Mechanical System_Air Compressor,Component,发动机包含空气压缩机组件,发动机::D8维护保养手册,发动机::D8维护保养手册::chunk_10;发动机::D8维护保养手册::chunk_11
REL_000732,Volvo Penta Engine,Equipment,HAS_COMPONENT,Volvo Penta Engine_Mechanical System_Cylinder Head,Component,发动机设备包含缸盖作为其核心燃烧室组件,发动机::D8维护保养手册,发动机::D8维护保养手册::chunk_6
REL_000733,Volvo Penta Engine,Equipment,HAS_COMPONENT,Volvo Penta Engine_Mechanical System_Cylinder Liner,Component,发动机设备包含缸套作为气缸内壁组件，部分型号不可更换,发动机::D8维护保养手册,发动机::D8维护保养手册::chunk_6
REL_000734,Volvo Penta Engine,Equipment,HAS_COMPONENT,Volvo Penta Engine_Mechanical System_Engine Block,Component,发动机设备包含发动机缸体作为其主体支撑结构,发动机::D8维护保养手册,发动机::D8维护保养手册::chunk_6
REL_000735,Volvo Penta Engine,Equipment,HAS_COMPONENT,Volvo Penta Engine_Mechanical System_Oil Pan,Component,发动机包含油底壳组件,发动机::D8维护保养手册,发动机::D8维护保养手册::chunk_10;发动机::D8维护保养手册::chunk_11
REL_000736,Volvo Penta Engine,Equipment,HAS_COMPONENT,Volvo Penta Engine_Mechanical System_Overhaul Kit,Component,发动机设备维护依赖大修套件作为备件来源,发动机::D8维护保养手册,发动机::D8维护保养手册::chunk_6
REL_000737,Volvo Penta Engine,Equipment,HAS_COMPONENT,Volvo Penta Engine_Mechanical System_Piston,Component,发动机设备包含活塞作为其内部核心运动件,发动机::D8维护保养手册,发动机::D8维护保养手册::chunk_6
REL_000738,Volvo Penta Engine,Equipment,HAS_COMPONENT,Volvo Penta Engine_Mechanical System_Starter Motor,Component,发动机设备包含起动马达作为其关键起动组件,发动机::D8维护保养手册,发动机::D8维护保养手册::chunk_6
REL_000739,Volvo Penta Engine,Equipment,HAS_PARAMETER,Volvo Penta Engine_Cooling System_VCS Coolant Specification,Parameter,发动机冷却系统需使用特定规格的 VCS 冷却剂,发动机::D8维护保养手册,发动机::D8维护保养手册::chunk_9
REL_000740,Volvo Penta Engine,Equipment,HAS_PARAMETER,Volvo Penta Engine_Mechanical System_Compressor Oil Specification,Parameter,发动机压缩机需使用特定规格的机油,发动机::D8维护保养手册,发动机::D8维护保养手册::chunk_9
REL_000741,Volvo Penta Engine,Equipment,HAS_PARAMETER,Volvo Penta Engine_Mechanical System_Standard Fastener Torque,Parameter,发动机维护需遵循标准紧固扭矩参数,发动机::D8维护保养手册,发动机::D8维护保养手册::chunk_9
REL_000742,Volvo Penta Engine,Equipment,HAS_PARAMETER,Volvo Penta Engine_Parameter_Storage Label Information,Parameter,发动机存储维护过程中必须记录标签信息参数,发动机::D8维护保养手册,发动机::D8维护保养手册::chunk_24
REL_000743,Volvo Penta Engine,Equipment,HAS_SAFETY_NOTE,Volvo Penta Engine_Cooling System_Coolant Mixing Prohibition,SafetyNote,发动机维护需遵守冷却剂混合禁忌的安全注意,发动机::D8维护保养手册,发动机::D8维护保养手册::chunk_9
REL_000744,Volvo Penta Engine,Equipment,HAS_SAFETY_NOTE,Volvo Penta Engine_Lubrication System_Skin Contact Hazard,SafetyNote,发动机操作需注意皮肤接触机油的安全危害,发动机::D8维护保养手册,发动机::D8维护保养手册::chunk_12
REL_000745,Volvo Penta Engine,Equipment,HAS_SAFETY_NOTE,Volvo Penta Engine_Safety_Battery Electrolyte Corrosion,SafetyNote,发动机设备维护需遵循电池电解液防腐蚀安全警示,发动机::D8维护保养手册,发动机::D8维护保养手册::chunk_4;发动机::D8维护保养手册::chunk_5
REL_000746,Volvo Penta Engine,Equipment,HAS_SAFETY_NOTE,Volvo Penta Engine_Safety_Battery Explosion Risk,SafetyNote,发动机设备维护需遵循电池防火防爆安全警示,发动机::D8维护保养手册,发动机::D8维护保养手册::chunk_4;发动机::D8维护保养手册::chunk_5
REL_000747,Volvo Penta Engine,Equipment,HAS_SAFETY_NOTE,Volvo Penta Engine_Safety_Battery Polarity Connection,SafetyNote,发动机设备维护需遵循电池极性正确连接安全要求,发动机::D8维护保养手册,发动机::D8维护保养手册::chunk_4;发动机::D8维护保养手册::chunk_5
REL_000748,Volvo Penta Engine,Equipment,HAS_SAFETY_NOTE,Volvo Penta Engine_Safety_Component Cleaning Sensitivity,SafetyNote,发动机设备维护需遵循组件清洁度敏感要求,发动机::D8维护保养手册,发动机::D8维护保养手册::chunk_4;发动机::D8维护保养手册::chunk_5
REL_000749,Volvo Penta Engine,Equipment,HAS_SAFETY_NOTE,Volvo Penta Engine_Safety_Engine Lifting Operation,SafetyNote,发动机设备维护需遵循吊装作业安全要求,发动机::D8维护保养手册,发动机::D8维护保养手册::chunk_4;发动机::D8维护保养手册::chunk_5
REL_000750,Volvo Penta Engine,Equipment,HAS_SAFETY_NOTE,Volvo Penta Engine_Safety_Fuel High Pressure Injection Risk,SafetyNote,发动机设备维护需遵循燃油高压泄漏检测安全警示,发动机::D8维护保养手册,发动机::D8维护保养手册::chunk_4;发动机::D8维护保养手册::chunk_5
REL_000751,Volvo Penta Engine,Equipment,HAS_SAFETY_NOTE,Volvo Penta Engine_Safety_Hot Coolant Burn Risk,SafetyNote,发动机设备维护需遵循热冷却液防灼伤安全警示,发动机::D8维护保养手册,发动机::D8维护保养手册::chunk_4;发动机::D8维护保养手册::chunk_5
REL_000752,Volvo Penta Engine,Equipment,HAS_SAFETY_NOTE,Volvo Penta Engine_Safety_Max Overhaul Limit,SafetyNote,发动机设备维护需遵守两次大修后报废的安全寿命限制,发动机::D8维护保养手册,发动机::D8维护保养手册::chunk_6
REL_000753,Volvo Penta Engine,Equipment,HAS_SAFETY_NOTE,Volvo Penta Engine_Safety_Seal Open Connections Before Storage,SafetyNote,发动机存储作业需遵循密封开放连接的安全规范,发动机::D8维护保养手册,发动机::D8维护保养手册::chunk_24
REL_000754,Volvo Penta Engine,Equipment,HAS_SAFETY_NOTE,Volvo Penta Engine_Transmission System_ATF Mixing Compatibility,SafetyNote,发动机维护需遵守 ATF 机油混合兼容性的安全注意,发动机::D8维护保养手册,发动机::D8维护保养手册::chunk_9
REL_000755,Volvo Penta Engine,Equipment,HAS_SAFETY_NOTE,冷却系统作业安全,SafetyNote,发动机设备维护需遵守冷却系统作业安全安全事项,发动机::D8维护保养手册,发动机::D8维护保养手册::chunk_0;发动机::D8维护保养手册::chunk_1;发动机::D8维护保养手册::chunk_2;发动机::D8维护保养手册::chunk_3
REL_000756,Volvo Penta Engine,Equipment,HAS_SAFETY_NOTE,发动机起动锁定,SafetyNote,发动机设备维护需遵守发动机起动锁定安全事项,发动机::D8维护保养手册,发动机::D8维护保养手册::chunk_0;发动机::D8维护保养手册::chunk_1;发动机::D8维护保养手册::chunk_2;发动机::D8维护保养手册::chunk_3
REL_000757,Volvo Penta Engine,Equipment,HAS_SAFETY_NOTE,电气系统作业电源隔离,SafetyNote,发动机设备维护需遵守电气系统作业电源隔离安全事项,发动机::D8维护保养手册,发动机::D8维护保养手册::chunk_0;发动机::D8维护保养手册::chunk_1;发动机::D8维护保养手册::chunk_2;发动机::D8维护保养手册::chunk_3
REL_000758,Volvo Penta Engine,Equipment,HAS_SAFETY_NOTE,运行区域通风要求,SafetyNote,发动机设备运行需遵守运行区域通风要求安全事项,发动机::D8维护保养手册,发动机::D8维护保养手册::chunk_0;发动机::D8维护保养手册::chunk_1;发动机::D8维护保养手册::chunk_2;发动机::D8维护保养手册::chunk_3
REL_000759,Volvo Penta Engine,Equipment,REPAIRED_BY,Volvo Penta Engine_Repair_Engine Lifting Procedure,RepairMethod,发动机设备通过标准吊装程序方法进行部件拆卸维修,发动机::D8维护保养手册,发动机::D8维护保养手册::chunk_4;发动机::D8维护保养手册::chunk_5
REL_000760,Volvo Penta Engine,Equipment,REPAIRED_BY,Volvo Penta Engine_Repair_Post Use Leak And Function Check,RepairMethod,发动机设备通过使用后泄漏与功能检查方法维护,发动机::D8维护保养手册,发动机::D8维护保养手册::chunk_4;发动机::D8维护保养手册::chunk_5
REL_000761,Volvo Penta Engine,Equipment,REPAIRED_BY,Volvo Penta Engine_Transmission System_Overhaul,RepairMethod,发动机设备通过大修方法进行全面恢复性维修,发动机::D8维护保养手册,发动机::D8维护保养手册::chunk_6
REL_000762,Volvo Penta Engine,Equipment,REPAIRED_BY,警告标贴维护,RepairMethod,发动机设备通过警告标贴维护方法保持信息清晰,发动机::D8维护保养手册,发动机::D8维护保养手册::chunk_0;发动机::D8维护保养手册::chunk_1;发动机::D8维护保养手册::chunk_2;发动机::D8维护保养手册::chunk_3
REL_000763,Volvo Penta Engine System,System,HAS_COMPONENT,Volvo Penta Engine_Diagnostic System_VODIA Tool,Equipment,系统维护依赖 VODIA 诊断工具,发动机::D8维护保养手册,发动机::D8维护保养手册::chunk_10;发动机::D8维护保养手册::chunk_11
REL_000764,Volvo Penta Engine_Cooling System,System,BELONGS_TO,Volvo Penta Engine,Equipment,冷却系统隶属于沃尔沃遍达发动机设备,发动机::D8维护保养手册,发动机::D8维护保养手册::chunk_14
REL_000765,Volvo Penta Engine_Cooling System_Charge Air Cooler,Component,BELONGS_TO,Volvo Penta Engine_Cooling System,System,增压空气冷却器归属于冷却系统层级,发动机::D8维护保养手册,发动机::D8维护保养手册::chunk_14
REL_000766,Volvo Penta Engine_Cooling System_Charge Air Cooler,Component,REPAIRED_BY,Volvo Penta Engine_Cooling System_Charge Air Cooler Cleaning,RepairMethod,增压空气冷却器通过拆卸清洁和更换垫片进行维护,发动机::D8维护保养手册,发动机::D8维护保养手册::chunk_14
REL_000767,Volvo Penta Engine_Cooling System_Charge Air Cooler Cleaning,RepairMethod,HAS_SAFETY_NOTE,Volvo Penta Engine_Cooling System_Drain Before Operation,SafetyNote,清洁前必须排放系统以防危险,发动机::D8维护保养手册,发动机::D8维护保养手册::chunk_14
REL_000768,Volvo Penta Engine_Cooling System_Charge Air Cooler Cleaning,RepairMethod,HAS_SAFETY_NOTE,Volvo Penta Engine_Cooling System_Water Ingress Danger,SafetyNote,清洁冷却器时需注意进水危险,发动机::D8维护保养手册,发动机::D8维护保养手册::chunk_14
REL_000769,Volvo Penta Engine_Cooling System_Charge Air Cooler Cleaning,RepairMethod,REQUIRES,Volvo Penta Engine_Cooling System_Charge Air Cooler Tail Cover Torque,Parameter,清洁后安装尾盖需遵循特定扭矩,发动机::D8维护保养手册,发动机::D8维护保养手册::chunk_14
REL_000770,Volvo Penta Engine_Cooling System_Coolant Concentration Warning,SafetyNote,HAS_PARAMETER,Volvo Penta Engine_Cooling System_Coolant Concentration,Parameter,冷却系统安全警告涉及冷却剂浓度参数要求,发动机::D8维护保养手册,发动机::D8维护保养手册::chunk_7;发动机::D8维护保养手册::chunk_8
REL_000771,Volvo Penta Engine_Cooling System_Coolant Mixing Prohibition,SafetyNote,PREVENTS,Volvo Penta Engine_Cooling System_Coolant Mixing Damage,FaultPhenomenon,遵守冷却剂混合禁忌可防止冷却系统损坏,发动机::D8维护保养手册,发动机::D8维护保养手册::chunk_9
REL_000772,Volvo Penta Engine_Cooling System_Coolant Pump,Component,BELONGS_TO,Volvo Penta Engine,Equipment,冷却液泵属于沃尔沃遍达发动机设备的冷却系统组件,发动机::D8维护保养手册,发动机::D8维护保养手册::chunk_4;发动机::D8维护保养手册::chunk_5
REL_000773,Volvo Penta Engine_Cooling System_Cooling Water Inlet,Component,BELONGS_TO,Volvo Penta Engine_Cooling System,System,冷却水入口归属于冷却系统层级,发动机::D8维护保养手册,发动机::D8维护保养手册::chunk_14
REL_000774,Volvo Penta Engine_Cooling System_Cooling Water Inlet,Component,DIAGNOSED_BY,Volvo Penta Engine_Cooling System_Cooling Water Inlet Check,DiagnosticMethod,冷却水入口状态通过定期检查旋塞和格栅来诊断,发动机::D8维护保养手册,发动机::D8维护保养手册::chunk_14
REL_000775,Volvo Penta Engine_Cooling System_Drain Before Operation,SafetyNote,PREVENTS,Volvo Penta Engine_Fault_Coolant Leak,FaultPhenomenon,操作前排水防止冷却液泄漏风险,发动机::D8维护保养手册,发动机::D8维护保养手册::chunk_14
REL_000776,Volvo Penta Engine_Cooling System_Heat Exchanger,Component,BELONGS_TO,Volvo Penta Engine_Cooling System,System,热交换器属于冷却系统,发动机::D8维护保养手册,发动机::D8维护保养手册::chunk_25;发动机::D8维护保养手册::chunk_26;发动机::D8维护保养手册::chunk_27;发动机::D8维护保养手册::chunk_28
REL_000777,Volvo Penta Engine_Cooling System_Sacrificial Anode,Component,BELONGS_TO,Volvo Penta Engine_Cooling System_Charge Air Cooler,Component,牺牲阳极安装在增压空气冷却器上,发动机::D8维护保养手册,发动机::D8维护保养手册::chunk_14
REL_000778,Volvo Penta Engine_Cooling System_Sacrificial Anode,Component,REPAIRED_BY,Volvo Penta Engine_Transmission System_Anode Replacement,RepairMethod,牺牲阳极通过更换新件进行维护,发动机::D8维护保养手册,发动机::D8维护保养手册::chunk_14
REL_000779,Volvo Penta Engine_Cooling System_Sea Water Pump,Component,BELONGS_TO,Volvo Penta Engine,Equipment,海水泵属于沃尔沃遍达发动机设备的冷却系统组件,发动机::D8维护保养手册,发动机::D8维护保养手册::chunk_4;发动机::D8维护保养手册::chunk_5
REL_000780,Volvo Penta Engine_Diagnostic System_VODIA Tool,Equipment,DIAGNOSED_BY,Volvo Penta Engine_Diagnostic_VODIA Software Check,DiagnosticMethod,使用 VODIA 软件检查进行诊断,发动机::D8维护保养手册,发动机::D8维护保养手册::chunk_10;发动机::D8维护保养手册::chunk_11
REL_000781,Volvo Penta Engine_Electrical System,System,BELONGS_TO,Volvo Penta Engine,Equipment,电气系统属于发动机整体设备,发动机::D8维护保养手册,发动机::D8维护保养手册::chunk_25;发动机::D8维护保养手册::chunk_26;发动机::D8维护保养手册::chunk_27;发动机::D8维护保养手册::chunk_28
REL_000782,Volvo Penta Engine_Electrical System_Alternator,Component,BELONGS_TO,Volvo Penta Engine,Equipment,交流发电机属于发动机主体设备的关键部件,发动机::D8维护保养手册,发动机::D8维护保养手册::chunk_0;发动机::D8维护保养手册::chunk_1;发动机::D8维护保养手册::chunk_2;发动机::D8维护保养手册::chunk_3
REL_000783,Volvo Penta Engine_Electrical System_Alternator,Component,BELONGS_TO,Volvo Penta Engine_Electrical System,System,交流发电机属于电气系统,发动机::D8维护保养手册,发动机::D8维护保养手册::chunk_25;发动机::D8维护保养手册::chunk_26;发动机::D8维护保养手册::chunk_27;发动机::D8维护保养手册::chunk_28
REL_000784,Volvo Penta Engine_Electrical System_Battery,Component,BELONGS_TO,Volvo Penta Engine,Equipment,电池属于沃尔沃遍达发动机设备的电气系统组件,发动机::D8维护保养手册,发动机::D8维护保养手册::chunk_4;发动机::D8维护保养手册::chunk_5
REL_000785,Volvo Penta Engine_Electrical System_Battery,Component,BELONGS_TO,Volvo Penta Engine_Electrical System,System,电池属于船舶电气系统的关键组成部分,发动机::D8维护保养手册,发动机::D8维护保养手册::chunk_29;发动机::D8维护保养手册::chunk_30
REL_000786,Volvo Penta Engine_Electrical System_Battery,Component,DIAGNOSED_BY,Volvo Penta Engine_Diagnostic_Battery Voltage Check,DiagnosticMethod,电池状态可通过电压表检查方法进行诊断,发动机::D8维护保养手册,发动机::D8维护保养手册::chunk_29;发动机::D8维护保养手册::chunk_30
REL_000787,Volvo Penta Engine_Electrical System_Battery Cable,Component,BELONGS_TO,Volvo Penta Engine_Electrical System_Battery,Component,电池电缆是电池设备的配套连接组件,发动机::D8维护保养手册,发动机::D8维护保养手册::chunk_29;发动机::D8维护保养手册::chunk_30
REL_000788,Volvo Penta Engine_Electrical System_Battery Management System,Component,BELONGS_TO,Volvo Penta Engine,Equipment,电池管理系统属于发动机主体设备的关键部件,发动机::D8维护保养手册,发动机::D8维护保养手册::chunk_0;发动机::D8维护保养手册::chunk_1;发动机::D8维护保养手册::chunk_2;发动机::D8维护保养手册::chunk_3
REL_000789,Volvo Penta Engine_Electrical System_Engine Control Module,Component,BELONGS_TO,Volvo Penta Engine,Equipment,发动机控制模块属于发动机主体设备的关键部件,发动机::D8维护保养手册,发动机::D8维护保养手册::chunk_0;发动机::D8维护保养手册::chunk_1;发动机::D8维护保养手册::chunk_2;发动机::D8维护保养手册::chunk_3
REL_000790,Volvo Penta Engine_Electrical System_Wiring Harness,Component,BELONGS_TO,Volvo Penta Engine_Electrical System,System,线束属于电气系统,发动机::D8维护保养手册,发动机::D8维护保养手册::chunk_25;发动机::D8维护保养手册::chunk_26;发动机::D8维护保养手册::chunk_27;发动机::D8维护保养手册::chunk_28
REL_000791,Volvo Penta Engine_Exhaust System,System,BELONGS_TO,Volvo Penta Engine,Equipment,排气系统隶属于沃尔沃遍达发动机设备,发动机::D8维护保养手册,发动机::D8维护保养手册::chunk_14
REL_000792,Volvo Penta Engine_Exhaust System_AdBlue Tank,Component,BELONGS_TO,Volvo Penta Engine_Exhaust System,System,AdBlue 罐作为关键部件隶属于发动机排气系统,发动机::D8维护保养手册,发动机::D8维护保养手册::chunk_24
REL_000793,Volvo Penta Engine_Exhaust System_Diesel Particulate Filter,Component,BELONGS_TO,Volvo Penta Engine,Equipment,柴油颗粒过滤器属于沃尔沃遍达发动机设备的排气系统组件,发动机::D8维护保养手册,发动机::D8维护保养手册::chunk_4;发动机::D8维护保养手册::chunk_5
REL_000794,Volvo Penta Engine_Exhaust System_Silencer,Component,BELONGS_TO,Volvo Penta Engine,Equipment,消音器属于发动机排气系统的部件,发动机::D8维护保养手册,发动机::D8维护保养手册::chunk_12
REL_000795,Volvo Penta Engine_Fault_Alternator Water Ingress,FaultPhenomenon,REPAIRED_BY,Volvo Penta Engine_Maintenance_Alternator Drying,RepairMethod,发电机进水故障通过干燥方法修复,发动机::D8维护保养手册,发动机::D8维护保养手册::chunk_25;发动机::D8维护保养手册::chunk_26;发动机::D8维护保养手册::chunk_27;发动机::D8维护保养手册::chunk_28
REL_000796,Volvo Penta Engine_Fault_Battery Connection Loose,FaultCause,CAUSED_BY,Volvo Penta Engine_Fault_Battery Stray Current And Discharge,FaultPhenomenon,电池连接松动是导致杂散电流和放电故障的原因,发动机::D8维护保养手册,发动机::D8维护保养手册::chunk_29;发动机::D8维护保养手册::chunk_30
REL_000797,Volvo Penta Engine_Fault_Battery Terminal Oxidation,FaultCause,CAUSED_BY,Volvo Penta Engine_Fault_Battery Stray Current And Discharge,FaultPhenomenon,端子氧化物是导致杂散电流和放电故障的原因,发动机::D8维护保养手册,发动机::D8维护保养手册::chunk_29;发动机::D8维护保养手册::chunk_30
REL_000798,Volvo Penta Engine_Fault_Component Malfunction,FaultPhenomenon,CAUSED_BY,Volvo Penta Engine_Fault_Component Contamination,FaultCause,组件功能异常现象由组件污物污染原因导致,发动机::D8维护保养手册,发动机::D8维护保养手册::chunk_4;发动机::D8维护保养手册::chunk_5
REL_000799,Volvo Penta Engine_Fault_Coolant Leak,FaultPhenomenon,CAUSED_BY,Volvo Penta Engine_Cooling System_Expansion Tank,Component,膨胀箱或软管问题导致冷却液泄漏,发动机::D8维护保养手册,发动机::D8维护保养手册::chunk_10;发动机::D8维护保养手册::chunk_11
REL_000800,Volvo Penta Engine_Fault_Coolant Leak,FaultPhenomenon,CAUSED_BY,Volvo Penta Engine_Fuel System_Fuel Injector,Component,喷油器连接问题导致燃油泄漏,发动机::D8维护保养手册,发动机::D8维护保养手册::chunk_10;发动机::D8维护保养手册::chunk_11
REL_000801,Volvo Penta Engine_Fault_Coolant Leak,FaultPhenomenon,CAUSED_BY,Volvo Penta Engine_Mechanical System_Oil Pan,Component,油底壳或涡轮连接导致机油泄漏,发动机::D8维护保养手册,发动机::D8维护保养手册::chunk_10;发动机::D8维护保养手册::chunk_11
REL_000802,Volvo Penta Engine_Fault_Coolant Leak,FaultPhenomenon,DIAGNOSED_BY,Volvo Penta Engine_Maintenance_General Visual Inspection,DiagnosticMethod,通过一般目视检查发现燃油泄漏,发动机::D8维护保养手册,发动机::D8维护保养手册::chunk_10;发动机::D8维护保养手册::chunk_11
REL_000803,Volvo Penta Engine_Fault_Electrical Equipment Damage,FaultPhenomenon,CAUSED_BY,Volvo Penta Engine_Fault_Wrong Battery Polarity,FaultCause,电气设备损坏现象由电池极性连接错误原因导致,发动机::D8维护保养手册,发动机::D8维护保养手册::chunk_4;发动机::D8维护保养手册::chunk_5
REL_000804,Volvo Penta Engine_Fault_Frost Weathering,FaultPhenomenon,CAUSED_BY,Volvo Penta Engine_Cooling System_Heat Exchanger,Component,热交换器残留水导致冰冻风化故障,发动机::D8维护保养手册,发动机::D8维护保养手册::chunk_25;发动机::D8维护保养手册::chunk_26;发动机::D8维护保养手册::chunk_27;发动机::D8维护保养手册::chunk_28
REL_000805,Volvo Penta Engine_Fault_Fuel Pipe Cracking,FaultPhenomenon,CAUSED_BY,Volvo Penta Engine_Fault_Fuel Pipe Bending,FaultCause,燃油管开裂现象由违规弯曲管路原因导致,发动机::D8维护保养手册,发动机::D8维护保养手册::chunk_4;发动机::D8维护保养手册::chunk_5
REL_000806,Volvo Penta Engine_Fault_Fuel Pipe Cracking,FaultPhenomenon,REPAIRED_BY,Volvo Penta Engine_Repair_Fuel Pipe Replacement,RepairMethod,燃油管开裂故障通过更换高压管路方法修复,发动机::D8维护保养手册,发动机::D8维护保养手册::chunk_4;发动机::D8维护保养手册::chunk_5
REL_000807,Volvo Penta Engine_Fault_Fuel System Microbial Growth,FaultPhenomenon,CAUSED_BY,Volvo Penta Engine_Parameter_Fuel FAME Limit,Parameter,燃油中 FAME 含量超标会导致微生物滋生故障,发动机::D8维护保养手册,发动机::D8维护保养手册::chunk_22;发动机::D8维护保养手册::chunk_23
REL_000808,Volvo Penta Engine_Fault_Wiring Damage,FaultPhenomenon,DIAGNOSED_BY,Volvo Penta Engine_Maintenance_General Visual Inspection,DiagnosticMethod,通过一般目视检查发现电线损坏,发动机::D8维护保养手册,发动机::D8维护保养手册::chunk_10;发动机::D8维护保养手册::chunk_11
REL_000809,Volvo Penta Engine_Fuel System,System,BELONGS_TO,Volvo Penta Engine,Equipment,燃油系统隶属于沃尔沃彭塔发动机主体设备,发动机::D8维护保养手册,发动机::D8维护保养手册::chunk_22;发动机::D8维护保养手册::chunk_23
REL_000810,Volvo Penta Engine_Fuel System_Fuel Pump,Component,BELONGS_TO,Volvo Penta Engine,Equipment,燃油泵属于沃尔沃遍达发动机设备的燃油系统组件,发动机::D8维护保养手册,发动机::D8维护保养手册::chunk_4;发动机::D8维护保养手册::chunk_5
REL_000811,Volvo Penta Engine_Fuel System_Fuel Tank,Component,BELONGS_TO,Volvo Penta Engine_Fuel System,System,燃油箱是燃油系统的关键存储组件,发动机::D8维护保养手册,发动机::D8维护保养手册::chunk_22;发动机::D8维护保养手册::chunk_23
REL_000812,Volvo Penta Engine_Fuel System_High Pressure Fuel Pipe,Component,BELONGS_TO,Volvo Penta Engine,Equipment,燃油高压管属于沃尔沃遍达发动机设备的燃油系统组件,发动机::D8维护保养手册,发动机::D8维护保养手册::chunk_4;发动机::D8维护保养手册::chunk_5
REL_000813,Volvo Penta Engine_Intake System_Air Filter,Component,BELONGS_TO,Volvo Penta Engine,Equipment,空气过滤器属于发动机主体设备的关键部件,发动机::D8维护保养手册,发动机::D8维护保养手册::chunk_0;发动机::D8维护保养手册::chunk_1;发动机::D8维护保养手册::chunk_2;发动机::D8维护保养手册::chunk_3
REL_000814,Volvo Penta Engine_Intake System_Air Filter,Component,REPAIRED_BY,Volvo Penta Engine_Repair_Air Filter Replacement,RepairMethod,空气过滤器通过更换方法进行维修,发动机::D8维护保养手册,发动机::D8维护保养手册::chunk_10;发动机::D8维护保养手册::chunk_11
REL_000815,Volvo Penta Engine_Lubrication System,System,BELONGS_TO,Volvo Penta Engine,Equipment,润滑系统属于沃尔沃遍达发动机设备的一部分,发动机::D8维护保养手册,发动机::D8维护保养手册::chunk_12
REL_000816,Volvo Penta Engine_Lubrication System_Bearing And Crankshaft Wear,FaultPhenomenon,CAUSED_BY,Volvo Penta Engine_Lubrication System_Wrong Oil Filter Type,FaultCause,使用错误类型的过滤器会导致轴承和曲轴磨损,发动机::D8维护保养手册,发动机::D8维护保养手册::chunk_12
REL_000817,Volvo Penta Engine_Lubrication System_Dipstick,Component,BELONGS_TO,Volvo Penta Engine_Lubrication System,System,油尺是润滑系统用于液位测量的组件,发动机::D8维护保养手册,发动机::D8维护保养手册::chunk_12
REL_000818,Volvo Penta Engine_Lubrication System_Engine Level Requirement,SafetyNote,PREVENTS,Volvo Penta Engine_Lubrication System_Increased Oil Consumption,FaultPhenomenon,保持发动机水平可防止因测量不准导致的油位异常故障,发动机::D8维护保养手册,发动机::D8维护保养手册::chunk_12
REL_000819,Volvo Penta Engine_Lubrication System_Engine Overheating,FaultPhenomenon,CAUSED_BY,Volvo Penta Engine_Lubrication System_Low Oil Level,FaultCause,低油位可能导致发动机过热,发动机::D8维护保养手册,发动机::D8维护保养手册::chunk_12
REL_000820,Volvo Penta Engine_Lubrication System_Increased Oil Consumption,FaultPhenomenon,CAUSED_BY,Volvo Penta Engine_Lubrication System_High Oil Level,FaultCause,高油位会导致机油消耗量增加,发动机::D8维护保养手册,发动机::D8维护保养手册::chunk_12
REL_000821,Volvo Penta Engine_Lubrication System_Oil Analysis,DiagnosticMethod,REQUIRES,Volvo Penta Engine_Lubrication System_Oil Sampling Kit,Equipment,机油分析诊断需要使用取样套件设备,发动机::D8维护保养手册,发动机::D8维护保养手册::chunk_12
REL_000822,Volvo Penta Engine_Lubrication System_Oil And Filter Replacement,RepairMethod,REQUIRES,Volvo Penta Engine_Lubrication System_Filter Cover Torque,Parameter,更换过滤器维修方法需要遵循 40 Nm 扭矩参数,发动机::D8维护保养手册,发动机::D8维护保养手册::chunk_12
REL_000823,Volvo Penta Engine_Lubrication System_Oil Filter,Component,BELONGS_TO,Volvo Penta Engine_Lubrication System,System,机油过滤器是润滑系统的关键组件,发动机::D8维护保养手册,发动机::D8维护保养手册::chunk_12
REL_000824,Volvo Penta Engine_Lubrication System_Oil Filter,Component,REPAIRED_BY,Volvo Penta Engine_Lubrication System_Oil And Filter Replacement,RepairMethod,机油过滤器通过更换机油和过滤器方法进行维修,发动机::D8维护保养手册,发动机::D8维护保养手册::chunk_12
REL_000825,Volvo Penta Engine_Lubrication System_Piston Seizure,FaultPhenomenon,CAUSED_BY,Volvo Penta Engine_Lubrication System_Low Oil Level,FaultCause,低油位可能导致活塞卡死,发动机::D8维护保养手册,发动机::D8维护保养手册::chunk_12
REL_000826,Volvo Penta Engine_Lubrication System_Silencer Clogging,FaultPhenomenon,CAUSED_BY,Volvo Penta Engine_Lubrication System_High Oil Level,FaultCause,高油位可能导致消音器堵塞,发动机::D8维护保养手册,发动机::D8维护保养手册::chunk_12
REL_000827,Volvo Penta Engine_Lubrication System_Wait Time Before Measurement,SafetyNote,PREVENTS,Volvo Penta Engine_Lubrication System_Increased Oil Consumption,FaultPhenomenon,停机等待 15 分钟可防止因测量不准导致的油位异常故障,发动机::D8维护保养手册,发动机::D8维护保养手册::chunk_12
REL_000828,Volvo Penta Engine_Maintenance_Battery Replacement Procedure,RepairMethod,HAS_PARAMETER,Volvo Penta Engine_Parameter_Battery Terminal Torque 6Nm,Parameter,电池更换程序规定了电缆终端紧固的扭矩参数,发动机::D8维护保养手册,发动机::D8维护保养手册::chunk_29;发动机::D8维护保养手册::chunk_30
REL_000829,Volvo Penta Engine_Maintenance_Battery Replacement Procedure,RepairMethod,REQUIRES,Volvo Penta Engine_Electrical System_Battery Cable,Component,电池更换程序涉及电池电缆的拆装操作,发动机::D8维护保养手册,发动机::D8维护保养手册::chunk_29;发动机::D8维护保养手册::chunk_30
REL_000830,Volvo Penta Engine_Maintenance_Battery Terminal Cleaning,RepairMethod,PREVENTS,Volvo Penta Engine_Fault_Battery Stray Current And Discharge,FaultPhenomenon,清洁电池端子可防止杂散电流和异常放电故障,发动机::D8维护保养手册,发动机::D8维护保养手册::chunk_29;发动机::D8维护保养手册::chunk_30
REL_000831,Volvo Penta Engine_Maintenance_Compressor Oil Check,DiagnosticMethod,REQUIRES,Volvo Penta Engine_Mechanical System_Compressor Oil Specification,Parameter,油位检查需依据机油规格参数,发动机::D8维护保养手册,发动机::D8维护保养手册::chunk_10;发动机::D8维护保养手册::chunk_11
REL_000832,Volvo Penta Engine_Maintenance_Engine Room Cleaning,RepairMethod,REQUIRES,Volvo Penta Engine_Electrical System_Alternator,Component,清洁维护需要保护交流发电机,发动机::D8维护保养手册,发动机::D8维护保养手册::chunk_25;发动机::D8维护保养手册::chunk_26;发动机::D8维护保养手册::chunk_27;发动机::D8维护保养手册::chunk_28
REL_000833,Volvo Penta Engine_Maintenance_Engine Room Cleaning,RepairMethod,REQUIRES,Volvo Penta Engine_Electrical System_Wiring Harness,Component,清洁维护需要检查线束绝缘,发动机::D8维护保养手册,发动机::D8维护保养手册::chunk_25;发动机::D8维护保养手册::chunk_26;发动机::D8维护保养手册::chunk_27;发动机::D8维护保养手册::chunk_28
REL_000834,Volvo Penta Engine_Maintenance_Engine Room Cleaning,RepairMethod,REQUIRES,Volvo Penta Engine_Safety_Cover Electrical Parts During Cleaning,SafetyNote,发动机舱清洁需要遵循遮盖电气部件的安全要求,发动机::D8维护保养手册,发动机::D8维护保养手册::chunk_25;发动机::D8维护保养手册::chunk_26;发动机::D8维护保养手册::chunk_27;发动机::D8维护保养手册::chunk_28
REL_000835,Volvo Penta Engine_Maintenance_High Pressure Washing,RepairMethod,HAS_PARAMETER,Volvo Penta Engine_Parameter_Washer Distance,Parameter,高压清洗方法受安全距离参数限制,发动机::D8维护保养手册,发动机::D8维护保养手册::chunk_25;发动机::D8维护保养手册::chunk_26;发动机::D8维护保养手册::chunk_27;发动机::D8维护保养手册::chunk_28
REL_000836,Volvo Penta Engine_Maintenance_High Pressure Washing,RepairMethod,HAS_PARAMETER,Volvo Penta Engine_Parameter_Washer Pressure Limit,Parameter,高压清洗方法受压力参数限制,发动机::D8维护保养手册,发动机::D8维护保养手册::chunk_25;发动机::D8维护保养手册::chunk_26;发动机::D8维护保养手册::chunk_27;发动机::D8维护保养手册::chunk_28
REL_000837,Volvo Penta Engine_Maintenance_Long Term Storage Preparation,RepairMethod,HAS_PARAMETER,Volvo Penta Engine_Parameter_Pre Storage Run Time,Parameter,存储前运转发动机需满足最低时间参数要求,发动机::D8维护保养手册,发动机::D8维护保养手册::chunk_22;发动机::D8维护保养手册::chunk_23
REL_000838,Volvo Penta Engine_Maintenance_Long Term Storage Preparation,RepairMethod,PREVENTS,Volvo Penta Engine_Fault_Battery Freezing,FaultPhenomenon,电池充电维护防止低温下电池冻结破裂,发动机::D8维护保养手册,发动机::D8维护保养手册::chunk_22;发动机::D8维护保养手册::chunk_23
REL_000839,Volvo Penta Engine_Maintenance_Long Term Storage Preparation,RepairMethod,PREVENTS,Volvo Penta Engine_Fault_Engine Corrosion And Mold,FaultPhenomenon,存储准备措施防止发动机霉菌形成与腐蚀,发动机::D8维护保养手册,发动机::D8维护保养手册::chunk_22;发动机::D8维护保养手册::chunk_23
REL_000840,Volvo Penta Engine_Maintenance_Long Term Storage Preparation,RepairMethod,REPAIRED_BY,Volvo Penta Engine,Equipment,长期存储准备流程用于维护发动机主体,发动机::D8维护保养手册,发动机::D8维护保养手册::chunk_22;发动机::D8维护保养手册::chunk_23
REL_000841,Volvo Penta Engine_Maintenance_Long Term Storage Preparation,RepairMethod,REQUIRES,Volvo Penta Engine_Cooling System,System,长期存储准备程序要求检查冷却系统甘醇加注并泵送海水冷却系统,发动机::D8维护保养手册,发动机::D8维护保养手册::chunk_24
REL_000842,Volvo Penta Engine_Maintenance_Long Term Storage Preparation,RepairMethod,REQUIRES,Volvo Penta Engine_Cooling System_Sea Water Pump,Component,存储准备需排空海水泵及拆除叶轮冷藏,发动机::D8维护保养手册,发动机::D8维护保养手册::chunk_22;发动机::D8维护保养手册::chunk_23
REL_000843,Volvo Penta Engine_Maintenance_Long Term Storage Preparation,RepairMethod,REQUIRES,Volvo Penta Engine_Electrical System_Battery,Component,存储准备需断开电池电缆并进行充电维护,发动机::D8维护保养手册,发动机::D8维护保养手册::chunk_22;发动机::D8维护保养手册::chunk_23
REL_000844,Volvo Penta Engine_Maintenance_Long Term Storage Preparation,RepairMethod,REQUIRES,Volvo Penta Engine_Exhaust System_AdBlue Tank,Component,长期存储准备程序要求对 AdBlue 罐进行清空和清洁处理,发动机::D8维护保养手册,发动机::D8维护保养手册::chunk_24
REL_000845,Volvo Penta Engine_Maintenance_Long Term Storage Preparation,RepairMethod,REQUIRES,Volvo Penta Engine_Fuel System_Fuel Tank,Component,存储准备需执行燃油箱排空清洁与加满操作,发动机::D8维护保养手册,发动机::D8维护保养手册::chunk_22;发动机::D8维护保养手册::chunk_23
REL_000846,Volvo Penta Engine_Maintenance_Long Term Storage Preparation,RepairMethod,REQUIRES,Volvo Penta Engine_Lubrication System,System,长期存储准备程序要求确保润滑系统内已加注机油,发动机::D8维护保养手册,发动机::D8维护保养手册::chunk_24
REL_000847,Volvo Penta Engine_Maintenance_Post Storage Start Procedure,RepairMethod,DIAGNOSED_BY,Volvo Penta Engine_Repair_Post Use Leak And Function Check,RepairMethod,起动后需执行泄露与功能检查以确认状态,发动机::D8维护保养手册,发动机::D8维护保养手册::chunk_22;发动机::D8维护保养手册::chunk_23
REL_000848,Volvo Penta Engine_Maintenance_Post Storage Start Procedure,RepairMethod,REPAIRED_BY,Volvo Penta Engine,Equipment,存储后起动流程用于恢复发动机运行状态,发动机::D8维护保养手册,发动机::D8维护保养手册::chunk_22;发动机::D8维护保养手册::chunk_23
REL_000849,Volvo Penta Engine_Maintenance_Post Storage Start Procedure,RepairMethod,REQUIRES,Volvo Penta Engine_Fuel System_Fuel Filter,Component,起动前必须更换燃料过滤器以防微生物阻塞,发动机::D8维护保养手册,发动机::D8维护保养手册::chunk_22;发动机::D8维护保养手册::chunk_23
REL_000850,Volvo Penta Engine_Maintenance_Post Storage Start Procedure,RepairMethod,REQUIRES,Volvo Penta Engine_Intake System_Air Filter,Component,起动前需拆除空气过滤器上的防尘盖子,发动机::D8维护保养手册,发动机::D8维护保养手册::chunk_22;发动机::D8维护保养手册::chunk_23
REL_000851,Volvo Penta Engine_Maintenance_Post Storage Start Procedure,RepairMethod,REQUIRES,Volvo Penta Engine_Mechanical System_Drive Belt,Component,起动前需检查传动带状况以确保机械安全,发动机::D8维护保养手册,发动机::D8维护保养手册::chunk_22;发动机::D8维护保养手册::chunk_23
REL_000852,Volvo Penta Engine_Maintenance_Post Storage Start Procedure,RepairMethod,REQUIRES,Volvo Penta Engine_Mechanical System_Rubber Hose,Component,起动前需检查橡胶软管及软管夹状况,发动机::D8维护保养手册,发动机::D8维护保养手册::chunk_22;发动机::D8维护保养手册::chunk_23
REL_000853,Volvo Penta Engine_Maintenance_Storage Periodic Engine Start,RepairMethod,HAS_PARAMETER,Volvo Penta Engine_Parameter_Engine Warm Up Time 2-3 Mins,Parameter,存储期间起动程序规定了发动机暖机运行时长参数,发动机::D8维护保养手册,发动机::D8维护保养手册::chunk_29;发动机::D8维护保养手册::chunk_30
REL_000854,Volvo Penta Engine_Maintenance_Storage Periodic Engine Start,RepairMethod,HAS_PARAMETER,Volvo Penta Engine_Parameter_Manual Shaft Rotation Turns,Parameter,存储期间起动程序规定了手动旋转输出轴的转数参数,发动机::D8维护保养手册,发动机::D8维护保养手册::chunk_29;发动机::D8维护保养手册::chunk_30
REL_000855,Volvo Penta Engine_Maintenance_Storage Periodic Engine Start,RepairMethod,REQUIRES,Volvo Penta Engine_Cooling System_Seawater Pump Impeller,Component,存储期间起动程序要求取出海水泵叶轮并连接冷却水,发动机::D8维护保养手册,发动机::D8维护保养手册::chunk_29;发动机::D8维护保养手册::chunk_30
REL_000856,Volvo Penta Engine_Maintenance_Storage Periodic Engine Start,RepairMethod,REQUIRES,Volvo Penta Engine_Diagnostic_Engine Room Condensation Check,DiagnosticMethod,存储期间起动程序要求检查发动机舱冷凝情况,发动机::D8维护保养手册,发动机::D8维护保养手册::chunk_29;发动机::D8维护保养手册::chunk_30
REL_000857,Volvo Penta Engine_Maintenance_Storage Periodic Engine Start,RepairMethod,REQUIRES,Volvo Penta Engine_Electrical System_Battery Cable,Component,存储期间起动程序要求连接电池电缆,发动机::D8维护保养手册,发动机::D8维护保养手册::chunk_29;发动机::D8维护保养手册::chunk_30
REL_000858,Volvo Penta Engine_Maintenance_Storage Periodic Engine Start,RepairMethod,REQUIRES,Volvo Penta Engine_Transmission System_Drive Unit Output Shaft,Component,存储期间起动程序要求手动旋转驱动装置输出轴,发动机::D8维护保养手册,发动机::D8维护保养手册::chunk_29;发动机::D8维护保养手册::chunk_30
REL_000859,Volvo Penta Engine_Mechanical System,System,BELONGS_TO,Volvo Penta Engine,Equipment,机械系统隶属于沃尔沃彭塔发动机主体设备,发动机::D8维护保养手册,发动机::D8维护保养手册::chunk_22;发动机::D8维护保养手册::chunk_23
REL_000860,Volvo Penta Engine_Mechanical System_Air Compressor,Component,HAS_PARAMETER,Volvo Penta Engine_Mechanical System_Compressor Oil Specification,Parameter,压缩机维护需参考机油规格参数,发动机::D8维护保养手册,发动机::D8维护保养手册::chunk_10;发动机::D8维护保养手册::chunk_11
REL_000861,Volvo Penta Engine_Mechanical System_Belt Tensioner,Component,BELONGS_TO,Volvo Penta Engine_Mechanical System,System,皮带张紧器属于机械系统,发动机::D8维护保养手册,发动机::D8维护保养手册::chunk_25;发动机::D8维护保养手册::chunk_26;发动机::D8维护保养手册::chunk_27;发动机::D8维护保养手册::chunk_28
REL_000862,Volvo Penta Engine_Mechanical System_Crankshaft,Component,BELONGS_TO,Volvo Penta Engine,Equipment,曲轴属于发动机机械系统的核心部件,发动机::D8维护保养手册,发动机::D8维护保养手册::chunk_12
REL_000863,Volvo Penta Engine_Mechanical System_Drive Belt,Component,BELONGS_TO,Volvo Penta Engine_Mechanical System,System,传动带是机械系统的核心传动组件,发动机::D8维护保养手册,发动机::D8维护保养手册::chunk_22;发动机::D8维护保养手册::chunk_23
REL_000864,Volvo Penta Engine_Mechanical System_Idler,Component,BELONGS_TO,Volvo Penta Engine_Mechanical System,System,惰轮属于机械系统,发动机::D8维护保养手册,发动机::D8维护保养手册::chunk_25;发动机::D8维护保养手册::chunk_26;发动机::D8维护保养手册::chunk_27;发动机::D8维护保养手册::chunk_28
REL_000865,Volvo Penta Engine_Mechanical System_Overhaul Kit,Component,HAS_COMPONENT,Volvo Penta Engine_Mechanical System_Cylinder Head Overhaul Kit,Component,发动机大修套件包含缸盖大修套件作为子模块,发动机::D8维护保养手册,发动机::D8维护保养手册::chunk_6
REL_000866,Volvo Penta Engine_Mechanical System_Rubber Hose,Component,BELONGS_TO,Volvo Penta Engine_Mechanical System,System,橡胶软管是机械系统的密封连接组件,发动机::D8维护保养手册,发动机::D8维护保养手册::chunk_22;发动机::D8维护保养手册::chunk_23
REL_000867,Volvo Penta Engine_Mechanical System_Sound Insulation Material,Component,BELONGS_TO,Volvo Penta Engine_Mechanical System,System,吸声材料属于机械系统附属,发动机::D8维护保养手册,发动机::D8维护保养手册::chunk_25;发动机::D8维护保养手册::chunk_26;发动机::D8维护保养手册::chunk_27;发动机::D8维护保养手册::chunk_28
REL_000868,Volvo Penta Engine_Mechanical System_Turbocharger,Component,BELONGS_TO,Volvo Penta Engine,Equipment,涡轮增压器属于发动机主体设备的关键部件,发动机::D8维护保养手册,发动机::D8维护保养手册::chunk_0;发动机::D8维护保养手册::chunk_1;发动机::D8维护保养手册::chunk_2;发动机::D8维护保养手册::chunk_3
REL_000869,Volvo Penta Engine_Repair_Engine Block Replacement,RepairMethod,REQUIRES,Volvo Penta Engine_Diagnostic_Cylinder Measurement,DiagnosticMethod,更换发动机缸体前必须通过气缸测量确认必要性,发动机::D8维护保养手册,发动机::D8维护保养手册::chunk_6
REL_000870,Volvo Penta Engine_Repair_Piston Installation,RepairMethod,REQUIRES,Volvo Penta Engine_Diagnostic_Cylinder Measurement,DiagnosticMethod,安装新活塞前必须通过气缸测量确认可行性,发动机::D8维护保养手册,发动机::D8维护保养手册::chunk_6
REL_000871,Volvo Penta Engine_Safety_Battery Cable Disconnection During Run,SafetyNote,PREVENTS,Volvo Penta Engine_Fault_Electrical Equipment Damage,FaultPhenomenon,禁止运行中断开电池电缆的安全规定可防止电气设备损坏,发动机::D8维护保养手册,发动机::D8维护保养手册::chunk_29;发动机::D8维护保养手册::chunk_30
REL_000872,Volvo Penta Engine_Safety_Battery Cable Disconnection During Run,SafetyNote,PREVENTS,交流发电机与电子装置损坏,FaultPhenomenon,运行时断开电池电缆禁忌防止电子装置损坏,发动机::D8维护保养手册,发动机::D8维护保养手册::chunk_10;发动机::D8维护保养手册::chunk_11
REL_000873,Volvo Penta Engine_Safety_Battery Disposal Requirement,SafetyNote,REQUIRES,Volvo Penta Engine_Maintenance_Battery Replacement Procedure,RepairMethod,电池更换程序必须遵循旧电池处置的安全要求,发动机::D8维护保养手册,发动机::D8维护保养手册::chunk_29;发动机::D8维护保养手册::chunk_30
REL_000874,Volvo Penta Engine_Safety_Battery Explosion Risk,SafetyNote,PREVENTS,爆炸与火灾危险,FaultPhenomenon,电池防爆安全警示防止电池爆炸与火灾危险,发动机::D8维护保养手册,发动机::D8维护保养手册::chunk_4;发动机::D8维护保养手册::chunk_5
REL_000875,Volvo Penta Engine_Safety_Battery Polarity Connection,SafetyNote,PREVENTS,Volvo Penta Engine_Fault_Electrical Equipment Damage,FaultPhenomenon,电池极性连接安全要求防止电气设备损坏故障,发动机::D8维护保养手册,发动机::D8维护保养手册::chunk_4;发动机::D8维护保养手册::chunk_5
REL_000876,Volvo Penta Engine_Safety_Battery Ventilation Before Work,SafetyNote,PREVENTS,Volvo Penta Engine_Fault_Battery Fire And Explosion Risk,FaultPhenomenon,工作前通风安全措施可防止电池火灾和爆炸风险,发动机::D8维护保养手册,发动机::D8维护保养手册::chunk_29;发动机::D8维护保养手册::chunk_30
REL_000877,Volvo Penta Engine_Safety_Component Cleaning Sensitivity,SafetyNote,PREVENTS,Volvo Penta Engine_Fault_Component Malfunction,FaultPhenomenon,组件清洁度安全要求防止组件功能异常故障,发动机::D8维护保养手册,发动机::D8维护保养手册::chunk_4;发动机::D8维护保养手册::chunk_5
REL_000878,Volvo Penta Engine_Safety_Connector Contamination Prevention,SafetyNote,PREVENTS,Volvo Penta Engine_Fault_Component Malfunction,FaultPhenomenon,防止连接器污染避免组件故障,发动机::D8维护保养手册,发动机::D8维护保养手册::chunk_10;发动机::D8维护保养手册::chunk_11
REL_000879,Volvo Penta Engine_Safety_Emergency Start Voltage Risk,SafetyNote,PREVENTS,交流发电机与电子装置损坏,FaultPhenomenon,注意应急启动电压风险防止控制单元损坏,发动机::D8维护保养手册,发动机::D8维护保养手册::chunk_10;发动机::D8维护保养手册::chunk_11
REL_000880,Volvo Penta Engine_Safety_Fuel Accumulation Fire Risk,SafetyNote,PREVENTS,爆炸与火灾危险,FaultPhenomenon,清除燃料油污积累防止火灾危险,发动机::D8维护保养手册,发动机::D8维护保养手册::chunk_10;发动机::D8维护保养手册::chunk_11
REL_000881,Volvo Penta Engine_Safety_Glycol Disposal Requirement,SafetyNote,PREVENTS,Volvo Penta Engine_Fault_Engine Corrosion And Mold,FaultPhenomenon,乙二醇处置要求防止环境污染和腐蚀,发动机::D8维护保养手册,发动机::D8维护保养手册::chunk_25;发动机::D8维护保养手册::chunk_26;发动机::D8维护保养手册::chunk_27;发动机::D8维护保养手册::chunk_28
REL_000882,Volvo Penta Engine_Safety_Hot Coolant Burn Risk,SafetyNote,PREVENTS,爆炸与火灾危险,FaultPhenomenon,热冷却液安全警示防止因压力释放不当引发的危险,发动机::D8维护保养手册,发动机::D8维护保养手册::chunk_4;发动机::D8维护保养手册::chunk_5
REL_000883,Volvo Penta Engine_Safety_Main Switch Operation During Run,SafetyNote,PREVENTS,交流发电机与电子装置损坏,FaultPhenomenon,运行时操作主开关禁忌防止电子装置损坏,发动机::D8维护保养手册,发动机::D8维护保养手册::chunk_10;发动机::D8维护保养手册::chunk_11
REL_000884,Volvo Penta Engine_Safety_No Direct Spray On Alternator,SafetyNote,PREVENTS,Volvo Penta Engine_Fault_Alternator Water Ingress,FaultPhenomenon,禁止直喷安全措施防止发电机进水,发动机::D8维护保养手册,发动机::D8维护保养手册::chunk_25;发动机::D8维护保养手册::chunk_26;发动机::D8维护保养手册::chunk_27;发动机::D8维护保养手册::chunk_28
REL_000885,Volvo Penta Engine_Safety_Seal Open Connections Before Storage,SafetyNote,PREVENTS,Volvo Penta Engine_Fault_Engine Corrosion And Mold,FaultPhenomenon,密封开放连接的安全措施可有效防止发动机腐蚀和霉变故障,发动机::D8维护保养手册,发动机::D8维护保养手册::chunk_24
REL_000886,Volvo Penta Engine_Safety_Seawater Drainage Precaution,SafetyNote,PREVENTS,Volvo Penta Engine_Fault_Engine Corrosion And Mold,FaultPhenomenon,海水排放 precautions 防止零件腐蚀,发动机::D8维护保养手册,发动机::D8维护保养手册::chunk_25;发动机::D8维护保养手册::chunk_26;发动机::D8维护保养手册::chunk_27;发动机::D8维护保养手册::chunk_28
REL_000887,Volvo Penta Engine_Safety_Sound Insulation Replacement Rule,SafetyNote,PREVENTS,Volvo Penta Engine_Fault_Component Malfunction,FaultPhenomenon,吸声材料更换规则防止部件功能失效,发动机::D8维护保养手册,发动机::D8维护保养手册::chunk_25;发动机::D8维护保养手册::chunk_26;发动机::D8维护保养手册::chunk_27;发动机::D8维护保养手册::chunk_28
REL_000888,Volvo Penta Engine_Safety_Storage Environment Requirement,SafetyNote,HAS_PARAMETER,Volvo Penta Engine_Parameter_Storage Humidity,Parameter,存储安全要求规定了具体的湿度控制上限,发动机::D8维护保养手册,发动机::D8维护保养手册::chunk_22;发动机::D8维护保养手册::chunk_23
REL_000889,Volvo Penta Engine_Safety_Storage Environment Requirement,SafetyNote,HAS_PARAMETER,Volvo Penta Engine_Parameter_Storage Temperature,Parameter,存储安全要求规定了具体的温度控制范围,发动机::D8维护保养手册,发动机::D8维护保养手册::chunk_22;发动机::D8维护保养手册::chunk_23
REL_000890,Volvo Penta Engine_Safety_Storage Environment Requirement,SafetyNote,PREVENTS,Volvo Penta Engine_Fault_Engine Corrosion And Mold,FaultPhenomenon,合规的存储环境防止发动机腐蚀与霉菌生长,发动机::D8维护保养手册,发动机::D8维护保养手册::chunk_22;发动机::D8维护保养手册::chunk_23
REL_000891,Volvo Penta Engine_Steering System,System,BELONGS_TO,Volvo Penta Engine,Equipment,操舵系统属于沃尔沃彭塔发动机设备,发动机::D8维护保养手册,发动机::D8维护保养手册::chunk_17;发动机::D8维护保养手册::chunk_18;发动机::D8维护保养手册::chunk_19;发动机::D8维护保养手册::chunk_20
REL_000892,Volvo Penta Engine_Steering System_Electric Steering Unit,Component,BELONGS_TO,Volvo Penta Engine,Equipment,电动操舵器属于发动机设备的一部分,发动机::D8维护保养手册,发动机::D8维护保养手册::chunk_9
REL_000893,Volvo Penta Engine_Steering System_Electric Steering Unit,Component,BELONGS_TO,Volvo Penta Engine_Steering System,System,电动操舵器属于操舵系统,发动机::D8维护保养手册,发动机::D8维护保养手册::chunk_17;发动机::D8维护保养手册::chunk_18;发动机::D8维护保养手册::chunk_19;发动机::D8维护保养手册::chunk_20
REL_000894,Volvo Penta Engine_Steering System_Electric Steering Unit,Component,DIAGNOSED_BY,Volvo Penta Engine_Steering System_Electric Steering Unit_Linkage Inspection,DiagnosticMethod,电动操舵器状态需通过检查连杆束缚和螺栓固定来诊断,发动机::D8维护保养手册,发动机::D8维护保养手册::chunk_21
REL_000895,Volvo Penta Engine_Steering System_Electric Steering Unit,Component,HAS_COMPONENT,Volvo Penta Engine_Steering System_Dipstick,Component,电动操舵器配有专用量油尺,发动机::D8维护保养手册,发动机::D8维护保养手册::chunk_17;发动机::D8维护保养手册::chunk_18;发动机::D8维护保养手册::chunk_19;发动机::D8维护保养手册::chunk_20
REL_000896,Volvo Penta Engine_Steering System_Electric Steering Unit,Component,HAS_PARAMETER,Volvo Penta Engine_Steering System_Steering Oil Specification,Parameter,电动操舵器需要特定的机油规格参数,发动机::D8维护保养手册,发动机::D8维护保养手册::chunk_9
REL_000897,Volvo Penta Engine_Steering System_Electric Steering Unit,Component,REPAIRED_BY,Volvo Penta Engine_Steering System_Electric Steering Unit_Oil Change,RepairMethod,电动操舵器需要通过定期换油方法进行维护修复,发动机::D8维护保养手册,发动机::D8维护保养手册::chunk_21
REL_000898,Volvo Penta Engine_Steering System_Electric Steering Unit_Oil Change,RepairMethod,HAS_PARAMETER,Volvo Penta Engine_Steering System_Electric Steering Unit_Oil Capacity,Parameter,换油维修方法必须遵循约 5 升的机油容量参数,发动机::D8维护保养手册,发动机::D8维护保养手册::chunk_21
REL_000899,Volvo Penta Engine_Steering System_Electric Steering Unit_Oil Change,RepairMethod,REQUIRES,Volvo Penta Engine_Steering System_Dipstick,Component,换油操作必须通过油尺孔进行机油抽出,发动机::D8维护保养手册,发动机::D8维护保养手册::chunk_21
REL_000900,Volvo Penta Engine_Steering System_Steering Oil Level Check,DiagnosticMethod,REQUIRES,Volvo Penta Engine_Lubrication System_Dipstick,Component,油位检查方法需要使用油尺组件,发动机::D8维护保养手册,发动机::D8维护保养手册::chunk_12
REL_000901,Volvo Penta Engine_Steering System_Steering Oil Level Check,DiagnosticMethod,REQUIRES,Volvo Penta Engine_Steering System_Dipstick,Component,操舵油位检查需要使用操舵量油尺,发动机::D8维护保养手册,发动机::D8维护保养手册::chunk_17;发动机::D8维护保养手册::chunk_18;发动机::D8维护保养手册::chunk_19;发动机::D8维护保养手册::chunk_20
REL_000902,Volvo Penta Engine_Steering System_Steering Oil Level Check,DiagnosticMethod,REQUIRES,Volvo Penta Engine_Steering System_Steering Oil Specification,Parameter,操舵油位检查需参考操舵油规格,发动机::D8维护保养手册,发动机::D8维护保养手册::chunk_17;发动机::D8维护保养手册::chunk_18;发动机::D8维护保养手册::chunk_19;发动机::D8维护保养手册::chunk_20
REL_000903,Volvo Penta Engine_Steering System_Steering Oil Level Check,DiagnosticMethod,REQUIRES,Volvo Penta Engine_Transmission System_Dipstick,Component,油位检查需要使用变速箱量油尺,发动机::D8维护保养手册,发动机::D8维护保养手册::chunk_17;发动机::D8维护保养手册::chunk_18;发动机::D8维护保养手册::chunk_19;发动机::D8维护保养手册::chunk_20
REL_000904,Volvo Penta Engine_Transmission System_ATF Mixing Compatibility,SafetyNote,PREVENTS,Volvo Penta Engine_Transmission System_Transmission Malfunction,FaultPhenomenon,遵守 ATF 机油混合兼容性可防止传动系统故障,发动机::D8维护保养手册,发动机::D8维护保养手册::chunk_9
REL_000905,Volvo Penta Engine_Transmission System_Anode Cleaning Restriction,SafetyNote,PREVENTS,Volvo Penta Engine_Fault_Component Malfunction,FaultPhenomenon,正确清洁阳极防止组件功能失效,发动机::D8维护保养手册,发动机::D8维护保养手册::chunk_14
REL_000906,Volvo Penta Engine_Transmission System_Anode Replacement,RepairMethod,HAS_PARAMETER,Volvo Penta Engine_Transmission System_Anode Consumption Threshold,Parameter,阳极更换维修需遵循消耗 50% 的阈值参数,发动机::D8维护保养手册,发动机::D8维护保养手册::chunk_16
REL_000907,Volvo Penta Engine_Transmission System_Anode Replacement,RepairMethod,HAS_PARAMETER,Volvo Penta Engine_Transmission System_Anode Torque,Parameter,阳极更换维修需遵循 24 Nm 紧固扭矩参数,发动机::D8维护保养手册,发动机::D8维护保养手册::chunk_16
REL_000908,Volvo Penta Engine_Transmission System_Anode Replacement,RepairMethod,HAS_SAFETY_NOTE,Volvo Penta Engine_Transmission System_Anode Cleaning Restriction,SafetyNote,更换阳极时禁止使用损坏性工具清洁,发动机::D8维护保养手册,发动机::D8维护保养手册::chunk_14
REL_000909,Volvo Penta Engine_Transmission System_Anode Replacement,RepairMethod,PREVENTS,Volvo Penta Engine_Transmission System_Galvanic Corrosion,FaultPhenomenon,更换阳极防止 IPS 装置受到电偶腐蚀,发动机::D8维护保养手册,发动机::D8维护保养手册::chunk_16
REL_000910,Volvo Penta Engine_Transmission System_Anode Replacement,RepairMethod,REQUIRES,Volvo Penta Engine_Cooling System_Anode Installation Torque,Parameter,安装新阳极需遵循特定扭矩,发动机::D8维护保养手册,发动机::D8维护保养手册::chunk_14
REL_000911,Volvo Penta Engine_Transmission System_Anode Replacement,RepairMethod,REQUIRES,Volvo Penta Engine_Cooling System_Anode Replacement Threshold,Parameter,阳极更换需依据消耗阈值参数,发动机::D8维护保养手册,发动机::D8维护保养手册::chunk_14
REL_000912,Volvo Penta Engine_Transmission System_Aquamatic Unit,Component,BELONGS_TO,Volvo Penta Engine_Transmission System_Transmission Device,Component,Aquamatic 单元是传动装置的一种具体类型,发动机::D8维护保养手册,发动机::D8维护保养手册::chunk_7;发动机::D8维护保养手册::chunk_8
REL_000913,Volvo Penta Engine_Transmission System_Aquamatic Unit,Component,HAS_COMPONENT,Volvo Penta Engine_Transmission System_Lower Gear Kit,Component,Aquamatic 单元包含下部齿轮套件组件,发动机::D8维护保养手册,发动机::D8维护保养手册::chunk_7;发动机::D8维护保养手册::chunk_8
REL_000914,Volvo Penta Engine_Transmission System_Aquamatic Unit,Component,HAS_COMPONENT,Volvo Penta Engine_Transmission System_Upper Gear Kit,Component,Aquamatic 单元包含上部齿轮套件组件,发动机::D8维护保养手册,发动机::D8维护保养手册::chunk_7;发动机::D8维护保养手册::chunk_8
REL_000915,Volvo Penta Engine_Transmission System_Clamping Ring,Component,REPAIRED_BY,Volvo Penta Engine_Transmission System_Clamping Ring Cleaning,RepairMethod,夹紧环通过清洁氧化和碎屑进行维护,发动机::D8维护保养手册,发动机::D8维护保养手册::chunk_15
REL_000916,Volvo Penta Engine_Transmission System_Dipstick,Component,HAS_PARAMETER,Volvo Penta Engine_Transmission System_Dipstick Torque,Parameter,量油尺检查油位时遵循 10 Nm 紧固扭矩参数,发动机::D8维护保养手册,发动机::D8维护保养手册::chunk_16
REL_000917,Volvo Penta Engine_Transmission System_Dipstick,Component,HAS_PARAMETER,Volvo Penta Engine_Transmission System_Oil Settling Time,Parameter,使用量油尺检查前需满足 12 小时停止时间的参数要求,发动机::D8维护保养手册,发动机::D8维护保养手册::chunk_16
REL_000918,Volvo Penta Engine_Transmission System_Dipstick,Component,HAS_SAFETY_NOTE,Volvo Penta Engine_Transmission System_Dipstick Plastic Warning,SafetyNote,量油尺由塑料制成需注意切勿过度拧紧的安全警告,发动机::D8维护保养手册,发动机::D8维护保养手册::chunk_16
REL_000919,Volvo Penta Engine_Transmission System_Dipstick Plastic Warning,SafetyNote,PREVENTS,Volvo Penta Engine_Fault_Component Malfunction,FaultPhenomenon,量油尺塑料警告防止组件损坏故障,发动机::D8维护保养手册,发动机::D8维护保养手册::chunk_17;发动机::D8维护保养手册::chunk_18;发动机::D8维护保养手册::chunk_19;发动机::D8维护保养手册::chunk_20
REL_000920,Volvo Penta Engine_Transmission System_Exhaust Plate,Component,HAS_COMPONENT,Volvo Penta Engine_Transmission System_Exhaust Gasket,Component,排气板组件包含可更换的排气衬垫,发动机::D8维护保养手册,发动机::D8维护保养手册::chunk_15
REL_000921,Volvo Penta Engine_Transmission System_Exhaust Plate,Component,HAS_FAULT,Volvo Penta Engine_Transmission System_Exhaust Plate Wear,FaultPhenomenon,排气板可能出现白色塑料部分磨损故障,发动机::D8维护保养手册,发动机::D8维护保养手册::chunk_15
REL_000922,Volvo Penta Engine_Transmission System_Exhaust Plate,Component,HAS_FAULT,Volvo Penta Engine_Transmission System_Exhaust Seal Damage,FaultPhenomenon,排气板可能出现排气密封件损坏故障,发动机::D8维护保养手册,发动机::D8维护保养手册::chunk_15
REL_000923,Volvo Penta Engine_Transmission System_Exhaust Plate,Component,REPAIRED_BY,Volvo Penta Engine_Transmission System_Exhaust Gasket Replacement,RepairMethod,排气板损坏通过更换排气衬垫进行修复,发动机::D8维护保养手册,发动机::D8维护保养手册::chunk_15
REL_000924,Volvo Penta Engine_Transmission System_Exhaust Plate Cleaning Restriction,SafetyNote,PREVENTS,Volvo Penta Engine_Transmission System_Exhaust Plate Wear,FaultPhenomenon,禁止高压清洗排气板可防止磨损故障,发动机::D8维护保养手册,发动机::D8维护保养手册::chunk_15
REL_000925,Volvo Penta Engine_Transmission System_Exhaust Plate Wear,FaultPhenomenon,DIAGNOSED_BY,Volvo Penta Engine_Transmission System_Exhaust Plate Inspection,DiagnosticMethod,排气板磨损故障通过目视检查进行诊断,发动机::D8维护保养手册,发动机::D8维护保养手册::chunk_15
REL_000926,Volvo Penta Engine_Transmission System_High Pressure Washer Caution,SafetyNote,PREVENTS,Volvo Penta Engine_Transmission System_Seal Damage,FaultPhenomenon,高压清洗避开密封件可防止密封损坏,发动机::D8维护保养手册,发动机::D8维护保养手册::chunk_15
REL_000927,Volvo Penta Engine_Transmission System_IPS Drive Painting,RepairMethod,HAS_SAFETY_NOTE,Volvo Penta Engine_Transmission System_Painting Chemical Restriction,SafetyNote,传动装置涂装禁止使用锡基剂或铜基涂料的安全禁忌,发动机::D8维护保养手册,发动机::D8维护保养手册::chunk_16
REL_000928,Volvo Penta Engine_Transmission System_IPS Drive Painting,RepairMethod,HAS_SAFETY_NOTE,Volvo Penta Engine_Transmission System_Painting Drying Requirement,SafetyNote,传动装置涂装后必须在船只下水前晾干的安全要求,发动机::D8维护保养手册,发动机::D8维护保养手册::chunk_16
REL_000929,Volvo Penta Engine_Transmission System_IPS Drive Painting,RepairMethod,PREVENTS,Volvo Penta Engine_Transmission System_Hull Fouling,FaultPhenomenon,传动装置涂装减少污垢附着从而降低油耗,发动机::D8维护保养手册,发动机::D8维护保养手册::chunk_16
REL_000930,Volvo Penta Engine_Transmission System_IPS Drive Unit,Component,BELONGS_TO,Volvo Penta Engine_Transmission System_Transmission Device,Component,IPS 驱动单元是传动装置的一种具体类型,发动机::D8维护保养手册,发动机::D8维护保养手册::chunk_7;发动机::D8维护保养手册::chunk_8
REL_000931,Volvo Penta Engine_Transmission System_IPS Drive Unit,Component,HAS_COMPONENT,Volvo Penta Engine_Transmission System_Clamping Ring,Component,IPS 驱动单元包含夹紧环组件,发动机::D8维护保养手册,发动机::D8维护保养手册::chunk_15
REL_000932,Volvo Penta Engine_Transmission System_IPS Drive Unit,Component,HAS_COMPONENT,Volvo Penta Engine_Transmission System_Control Display,Component,IPS 驱动单元连接控制显示单元用于状态监控,发动机::D8维护保养手册,发动机::D8维护保养手册::chunk_16
REL_000933,Volvo Penta Engine_Transmission System_IPS Drive Unit,Component,HAS_COMPONENT,Volvo Penta Engine_Transmission System_Dipstick,Component,IPS 驱动单元包含量油尺组件,发动机::D8维护保养手册,发动机::D8维护保养手册::chunk_15
REL_000934,Volvo Penta Engine_Transmission System_IPS Drive Unit,Component,HAS_COMPONENT,Volvo Penta Engine_Transmission System_Exhaust Plate,Component,IPS 驱动单元包含排气板组件,发动机::D8维护保养手册,发动机::D8维护保养手册::chunk_15
REL_000935,Volvo Penta Engine_Transmission System_IPS Drive Unit,Component,HAS_COMPONENT,Volvo Penta Engine_Transmission System_Lower Gear Kit,Component,IPS 驱动单元包含下部齿轮套件组件,发动机::D8维护保养手册,发动机::D8维护保养手册::chunk_7;发动机::D8维护保养手册::chunk_8
REL_000936,Volvo Penta Engine_Transmission System_IPS Drive Unit,Component,HAS_COMPONENT,Volvo Penta Engine_Transmission System_Oil Filter,Component,IPS 驱动单元包含机油过滤器组件,发动机::D8维护保养手册,发动机::D8维护保养手册::chunk_15
REL_000937,Volvo Penta Engine_Transmission System_IPS Drive Unit,Component,HAS_COMPONENT,Volvo Penta Engine_Transmission System_Oil Quality Sensor,Component,IPS 驱动单元包含油质量传感器组件,发动机::D8维护保养手册,发动机::D8维护保养手册::chunk_15
REL_000938,Volvo Penta Engine_Transmission System_IPS Drive Unit,Component,HAS_COMPONENT,Volvo Penta Engine_Transmission System_Propeller Shaft Seal,Component,IPS 驱动单元包含螺旋桨轴密封件,发动机::D8维护保养手册,发动机::D8维护保养手册::chunk_15
REL_000939,Volvo Penta Engine_Transmission System_IPS Drive Unit,Component,HAS_COMPONENT,Volvo Penta Engine_Transmission System_Sacrificial Anode,Component,IPS 驱动单元安装有用于防腐蚀的牺牲阳极组件,发动机::D8维护保养手册,发动机::D8维护保养手册::chunk_16
REL_000940,Volvo Penta Engine_Transmission System_IPS Drive Unit,Component,HAS_COMPONENT,Volvo Penta Engine_Transmission System_Steering Seal,Component,IPS 驱动单元包含转向密封件,发动机::D8维护保养手册,发动机::D8维护保养手册::chunk_15
REL_000941,Volvo Penta Engine_Transmission System_IPS Drive Unit,Component,HAS_COMPONENT,Volvo Penta Engine_Transmission System_Upper Gear Kit,Component,IPS 驱动单元包含上部齿轮套件组件,发动机::D8维护保养手册,发动机::D8维护保养手册::chunk_7;发动机::D8维护保养手册::chunk_8
REL_000942,Volvo Penta Engine_Transmission System_IPS Drive Unit,Component,REPAIRED_BY,Volvo Penta Engine_Transmission System_IPS Drive Painting,RepairMethod,IPS 驱动单元通过涂漆方法减少污垢和阳极消耗,发动机::D8维护保养手册,发动机::D8维护保养手册::chunk_16
REL_000943,Volvo Penta Engine_Transmission System_No Overfill Warning,SafetyNote,PREVENTS,Volvo Penta Engine_Transmission System_Transmission Malfunction,FaultPhenomenon,禁止过满警示可防止变速箱故障,发动机::D8维护保养手册,发动机::D8维护保养手册::chunk_17;发动机::D8维护保养手册::chunk_18;发动机::D8维护保养手册::chunk_19;发动机::D8维护保养手册::chunk_20
REL_000944,Volvo Penta Engine_Transmission System_Oil And Filter Maintenance,RepairMethod,REQUIRES,Volvo Penta Engine_Transmission System_Oil Filter,Component,机油维护需要更换机油过滤器,发动机::D8维护保养手册,发动机::D8维护保养手册::chunk_17;发动机::D8维护保养手册::chunk_18;发动机::D8维护保养手册::chunk_19;发动机::D8维护保养手册::chunk_20
REL_000945,Volvo Penta Engine_Transmission System_Oil And Filter Maintenance,RepairMethod,REQUIRES,Volvo Penta Engine_Transmission System_Transmission Oil,Parameter,机油维护需要加注变速箱油,发动机::D8维护保养手册,发动机::D8维护保养手册::chunk_17;发动机::D8维护保养手册::chunk_18;发动机::D8维护保养手册::chunk_19;发动机::D8维护保养手册::chunk_20
REL_000946,Volvo Penta Engine_Transmission System_Oil Filter,Component,REPAIRED_BY,Volvo Penta Engine_Lubrication System_Oil And Filter Replacement,RepairMethod,机油过滤器通过更换方法进行维护,发动机::D8维护保养手册,发动机::D8维护保养手册::chunk_16
REL_000947,Volvo Penta Engine_Transmission System_Oil Quality Sensor,Component,REPAIRED_BY,Volvo Penta Engine_Transmission System_Oil Quality Sensor Calibration,RepairMethod,油质量传感器更换机油后需通过校准方法恢复功能,发动机::D8维护保养手册,发动机::D8维护保养手册::chunk_16
REL_000948,Volvo Penta Engine_Transmission System_Oil Quality Sensor,Component,REPAIRED_BY,Volvo Penta Engine_Transmission System_Oil Quality Sensor Cleaning,RepairMethod,油质量传感器通过清洁方法进行维护,发动机::D8维护保养手册,发动机::D8维护保养手册::chunk_16
REL_000949,Volvo Penta Engine_Transmission System_Oil Quality Sensor Calibration,RepairMethod,MONITORS,Volvo Penta Engine_Transmission System_Control Display,Component,校准过程通过控制显示单元确认 SUCCESSFULLY 状态,发动机::D8维护保养手册,发动机::D8维护保养手册::chunk_16
REL_000950,Volvo Penta Engine_Transmission System_Oil Quality Sensor Calibration,RepairMethod,REQUIRES,Volvo Penta Engine_Transmission System_Calibration RPM,Parameter,传感器校准过程要求发动机至少以 1000 rpm 运行,发动机::D8维护保养手册,发动机::D8维护保养手册::chunk_16
REL_000951,Volvo Penta Engine_Transmission System_Oil Quality Sensor Cleaning,RepairMethod,HAS_PARAMETER,Volvo Penta Engine_Transmission System_Sensor Cleaning Torque,Parameter,传感器清洁维修需遵循 35 Nm 紧固扭矩参数,发动机::D8维护保养手册,发动机::D8维护保养手册::chunk_16
REL_000952,Volvo Penta Engine_Transmission System_Oil Quality Sensor Cleaning,RepairMethod,PREVENTS,Volvo Penta Engine_Transmission System_Oil Contamination,FaultPhenomenon,清洁传感器防止更换的机油受到水或金属颗粒污染,发动机::D8维护保养手册,发动机::D8维护保养手册::chunk_16
REL_000953,Volvo Penta Engine_Transmission System_Oil Selection Warning,SafetyNote,PREVENTS,Volvo Penta Engine_Transmission System_Transmission Malfunction,FaultPhenomenon,正确的选油警告可防止传动装置故障发生,发动机::D8维护保养手册,发动机::D8维护保养手册::chunk_7;发动机::D8维护保养手册::chunk_8
REL_000954,Volvo Penta Engine_Transmission System_Overhaul,RepairMethod,REQUIRES,Volvo Penta Engine_Diagnostic_Cylinder Measurement,DiagnosticMethod,发动机大修过程必须依赖气缸测量结果来决策维修方案,发动机::D8维护保养手册,发动机::D8维护保养手册::chunk_6
REL_000955,Volvo Penta Engine_Transmission System_Overhaul,RepairMethod,REQUIRES,Volvo Penta Engine_Transmission System_Transmission Oil,Parameter,传动装置大修需要依赖正确的传动油参数,发动机::D8维护保养手册,发动机::D8维护保养手册::chunk_7;发动机::D8维护保养手册::chunk_8
REL_000956,Volvo Penta Engine_Transmission System_Pre Launch Ventilation,SafetyNote,PREVENTS,Volvo Penta Engine_Transmission System_Seal Damage,FaultPhenomenon,下水前通风防止密封件损坏,发动机::D8维护保养手册,发动机::D8维护保养手册::chunk_17;发动机::D8维护保养手册::chunk_18;发动机::D8维护保养手册::chunk_19;发动机::D8维护保养手册::chunk_20
REL_000957,Volvo Penta Engine_Transmission System_Propeller Shaft,Component,BELONGS_TO,Volvo Penta Engine_Transmission System_Transmission Device,Component,螺旋桨轴隶属于传动装置系统,发动机::D8维护保养手册,发动机::D8维护保养手册::chunk_7;发动机::D8维护保养手册::chunk_8
REL_000958,Volvo Penta Engine_Transmission System_Propeller Shaft,Component,HAS_COMPONENT,Volvo Penta Engine_Transmission System_Propeller Shaft Seal,Component,螺旋桨轴装配有轴密封件,发动机::D8维护保养手册,发动机::D8维护保养手册::chunk_17;发动机::D8维护保养手册::chunk_18;发动机::D8维护保养手册::chunk_19;发动机::D8维护保养手册::chunk_20
REL_000959,Volvo Penta Engine_Transmission System_Propeller Shaft,Component,HAS_PARAMETER,Volvo Penta Engine_Transmission System_Propeller Shaft Grease Specification,Parameter,螺旋桨轴部件需要特定的润滑脂规格,发动机::D8维护保养手册,发动机::D8维护保养手册::chunk_9
REL_000960,Volvo Penta Engine_Transmission System_Propeller Shaft Seal,Component,REPAIRED_BY,Volvo Penta Engine_Transmission System_Propeller Shaft Seal Replacement,RepairMethod,螺旋桨轴密封件通过更换方法进行维护,发动机::D8维护保养手册,发动机::D8维护保养手册::chunk_16
REL_000961,Volvo Penta Engine_Transmission System_Propeller Shaft Seal,Component,REPAIRED_BY,Volvo Penta Engine_Transmission System_Stuffing Box Replacement,RepairMethod,轴密封件损坏通过更换填料函修复,发动机::D8维护保养手册,发动机::D8维护保养手册::chunk_17;发动机::D8维护保养手册::chunk_18;发动机::D8维护保养手册::chunk_19;发动机::D8维护保养手册::chunk_20
REL_000962,Volvo Penta Engine_Transmission System_Propeller Shaft Seal Replacement,RepairMethod,HAS_SAFETY_NOTE,Volvo Penta Engine_Transmission System_Authorized Workshop Requirement,SafetyNote,密封件更换必须由授权沃尔沃遍达车间完成的安全要求,发动机::D8维护保养手册,发动机::D8维护保养手册::chunk_16
REL_000963,Volvo Penta Engine_Transmission System_Sacrificial Anode,Component,HAS_SAFETY_NOTE,Volvo Penta Engine_Transmission System_Anode Cleaning Restriction,SafetyNote,阳极组件清洁禁止使用钢丝刷或金属研磨料的安全禁忌,发动机::D8维护保养手册,发动机::D8维护保养手册::chunk_16
REL_000964,Volvo Penta Engine_Transmission System_Sacrificial Anode,Component,HAS_SAFETY_NOTE,Volvo Penta Engine_Transmission System_Anode Material Selection,SafetyNote,阳极组件需根据海水或淡水环境选择锌或镁材料的安全要求,发动机::D8维护保养手册,发动机::D8维护保养手册::chunk_16
REL_000965,Volvo Penta Engine_Transmission System_Sacrificial Anode,Component,REPAIRED_BY,Volvo Penta Engine_Transmission System_Anode Replacement,RepairMethod,牺牲阳极通过更换方法进行维护,发动机::D8维护保养手册,发动机::D8维护保养手册::chunk_16
REL_000966,Volvo Penta Engine_Transmission System_Seal Damage,FaultPhenomenon,DIAGNOSED_BY,Volvo Penta Engine_Transmission System_Shaft Seal Inspection,DiagnosticMethod,密封损坏故障通过轴密封检查诊断,发动机::D8维护保养手册,发动机::D8维护保养手册::chunk_17;发动机::D8维护保养手册::chunk_18;发动机::D8维护保养手册::chunk_19;发动机::D8维护保养手册::chunk_20
REL_000967,Volvo Penta Engine_Transmission System_Shaft Lubrication,RepairMethod,HAS_PARAMETER,Volvo Penta Engine_Transmission System_Grease Quantity,Parameter,轴润滑操作需遵循润滑脂用量参数,发动机::D8维护保养手册,发动机::D8维护保养手册::chunk_17;发动机::D8维护保养手册::chunk_18;发动机::D8维护保养手册::chunk_19;发动机::D8维护保养手册::chunk_20
REL_000968,Volvo Penta Engine_Transmission System_Shaft Seal Inspection,DiagnosticMethod,REQUIRES,Volvo Penta Engine_Transmission System_Propeller Shaft Seal,Component,密封检查针对轴密封件进行,发动机::D8维护保养手册,发动机::D8维护保养手册::chunk_17;发动机::D8维护保养手册::chunk_18;发动机::D8维护保养手册::chunk_19;发动机::D8维护保养手册::chunk_20
REL_000969,Volvo Penta Engine_Transmission System_Transmission Device,Component,BELONGS_TO,Volvo Penta Engine,Equipment,传动装置属于沃尔沃遍达发动机设备的组成部分,发动机::D8维护保养手册,发动机::D8维护保养手册::chunk_7;发动机::D8维护保养手册::chunk_8
REL_000970,Volvo Penta Engine_Transmission System_Transmission Device,Component,HAS_COMPONENT,Volvo Penta Engine_Transmission System_Oil Cooler,Component,传动装置包含机油冷却器作为关键组件,发动机::D8维护保养手册,发动机::D8维护保养手册::chunk_17;发动机::D8维护保养手册::chunk_18;发动机::D8维护保养手册::chunk_19;发动机::D8维护保养手册::chunk_20
REL_000971,Volvo Penta Engine_Transmission System_Transmission Device,Component,HAS_PARAMETER,Volvo Penta Engine_Transmission System_Transmission Oil,Parameter,传动装置运行依赖传动油参数指标,发动机::D8维护保养手册,发动机::D8维护保养手册::chunk_7;发动机::D8维护保养手册::chunk_8
REL_000972,Volvo Penta Engine_Transmission System_Transmission Malfunction,FaultPhenomenon,CAUSED_BY,Volvo Penta Engine_Transmission System_Wrong Oil Usage,FaultCause,传动装置故障由错误用油原因导致,发动机::D8维护保养手册,发动机::D8维护保养手册::chunk_7;发动机::D8维护保养手册::chunk_8
REL_000973,Volvo Penta Engine_Transmission System_Transmission Oil Change,RepairMethod,REQUIRES,Volvo Penta Engine_Transmission System_Drain Plug Torque,Parameter,换油作业需要遵循排油塞紧固扭矩参数,发动机::D8维护保养手册,发动机::D8维护保养手册::chunk_15
REL_000974,Volvo Penta Engine_Transmission System_Transmission Oil Change,RepairMethod,REQUIRES,Volvo Penta Engine_Transmission System_Oil Change Adapter,Equipment,换油作业需要使用专用适配器工具,发动机::D8维护保养手册,发动机::D8维护保养手册::chunk_15
REL_000975,Volvo Penta Engine_Transmission System_Transmission Oil Change,RepairMethod,REQUIRES,Volvo Penta Engine_Transmission System_Oil Extraction Pump,Equipment,换油作业需要使用抽油泵设备,发动机::D8维护保养手册,发动机::D8维护保养手册::chunk_15
REL_000976,Volvo Penta Engine_Transmission System_Transmission Oil Change,RepairMethod,REQUIRES,Volvo Penta Engine_Transmission System_Transmission Oil,Parameter,换油作业需要依赖变速器油参数规格,发动机::D8维护保养手册,发动机::D8维护保养手册::chunk_15
REL_000977,交流发电机与电子装置损坏,FaultPhenomenon,CAUSED_BY,运行中断开主开关,FaultCause,交流发电机与电子装置损坏故障由运行中断开主开关原因导致,发动机::D8维护保养手册,发动机::D8维护保养手册::chunk_0;发动机::D8维护保养手册::chunk_1;发动机::D8维护保养手册::chunk_2;发动机::D8维护保养手册::chunk_3
REL_000978,发动机安全管理系统,System,HAS_COMPONENT,发动机安全管理系统_SCR 系统,Equipment,系统包含 SCR 系统设备,发动机::D16维护保养手册,发动机::D16维护保养手册::chunk_11
REL_000979,发动机安全管理系统,System,HAS_COMPONENT,发动机安全管理系统_传动装置,Equipment,安全管理系统包含传动装置作为核心子系统,发动机::D16维护保养手册,发动机::D16维护保养手册::chunk_7
REL_000980,发动机安全管理系统,System,HAS_COMPONENT,发动机安全管理系统_冷却系统,Equipment,安全管理系统包含冷却系统作为子设备,发动机::D16维护保养手册,发动机::D16维护保养手册::chunk_1
REL_000981,发动机安全管理系统,System,HAS_COMPONENT,发动机安全管理系统_发动机,Equipment,系统包含发动机作为核心动力设备,发动机::D16维护保养手册,发动机::D16维护保养手册::chunk_0
REL_000982,发动机安全管理系统,System,HAS_COMPONENT,发动机安全管理系统_增压空气系统,Equipment,系统包含增压空气系统设备,发动机::D16维护保养手册,发动机::D16维护保养手册::chunk_11
REL_000983,发动机安全管理系统,System,HAS_COMPONENT,发动机安全管理系统_排气系统,Equipment,系统包含排气系统设备,发动机::D16维护保养手册,发动机::D16维护保养手册::chunk_11
REL_000984,发动机安全管理系统,System,HAS_COMPONENT,发动机安全管理系统_操舵器,Equipment,安全管理系统包含操舵器作为受监控的独立设备,发动机::D16维护保养手册,发动机::D16维护保养手册::chunk_4
REL_000985,发动机安全管理系统,System,HAS_COMPONENT,发动机安全管理系统_润滑系统,Equipment,安全管理系统包含润滑系统作为子设备,发动机::D16维护保养手册,发动机::D16维护保养手册::chunk_1
REL_000986,发动机安全管理系统,System,HAS_COMPONENT,发动机安全管理系统_燃油系统,Equipment,安全管理系统包含燃油系统作为子设备,发动机::D16维护保养手册,发动机::D16维护保养手册::chunk_1
REL_000987,发动机安全管理系统,System,HAS_COMPONENT,发动机安全管理系统_电气系统,Equipment,安全管理系统包含电气系统作为子设备,发动机::D16维护保养手册,发动机::D16维护保养手册::chunk_1
REL_000988,发动机安全管理系统,System,HAS_COMPONENT,发动机安全管理系统_电池,Equipment,系统包含电池作为电气能源设备,发动机::D16维护保养手册,发动机::D16维护保养手册::chunk_0
REL_000989,发动机安全管理系统_SCR 系统,Equipment,HAS_COMPONENT,发动机安全管理系统_SCR 系统_泵装置过滤器,Component,SCR 系统包含泵装置过滤器组件,发动机::D16维护保养手册,发动机::D16维护保养手册::chunk_11
REL_000990,发动机安全管理系统_SCR 系统,Equipment,HAS_COMPONENT,发动机安全管理系统_SCR 系统_空气过滤器,Component,SCR 系统包含空气过滤器组件,发动机::D16维护保养手册,发动机::D16维护保养手册::chunk_11
REL_000991,发动机安全管理系统_SCR 系统_更换泵过滤器,RepairMethod,HAS_PARAMETER,发动机安全管理系统_SCR 系统_过滤器紧固扭矩,Parameter,更换过滤器操作中必须遵循的盖子紧固扭矩参数,发动机::D16维护保养手册,发动机::D16维护保养手册::chunk_12;发动机::D16维护保养手册::chunk_13;发动机::D16维护保养手册::chunk_14;发动机::D16维护保养手册::chunk_15
REL_000992,发动机安全管理系统_SCR 系统_更换泵过滤器,RepairMethod,REQUIRES,发动机安全管理系统_电气系统_断电操作要求,SafetyNote,更换过滤器前必须断开电池负极以满足断电安全要求,发动机::D16维护保养手册,发动机::D16维护保养手册::chunk_12;发动机::D16维护保养手册::chunk_13;发动机::D16维护保养手册::chunk_14;发动机::D16维护保养手册::chunk_15
REL_000993,发动机安全管理系统_SCR 系统_泵装置过滤器,Component,REPAIRED_BY,发动机安全管理系统_SCR 系统_更换泵过滤器,RepairMethod,SCR 泵装置过滤器损坏或保养时需执行更换过滤器维修方法,发动机::D16维护保养手册,发动机::D16维护保养手册::chunk_12;发动机::D16维护保养手册::chunk_13;发动机::D16维护保养手册::chunk_14;发动机::D16维护保养手册::chunk_15
REL_000994,发动机安全管理系统_个人防护装备要求,SafetyNote,PREVENTS,发动机安全管理系统_人身伤害风险,FaultPhenomenon,佩戴防护装备可减少事故发生时的伤害程度,发动机::D16维护保养手册,发动机::D16维护保养手册::chunk_0
REL_000995,发动机安全管理系统_传动装置,Equipment,DIAGNOSED_BY,发动机安全管理系统_传动装置_升船后测试,DiagnosticMethod,传动装置设备需通过升船后的特定测试来诊断状态,发动机::D16维护保养手册,发动机::D16维护保养手册::chunk_8
REL_000996,发动机安全管理系统_传动装置,Equipment,HAS_COMPONENT,发动机安全管理系统_传动装置_倒档齿轮箱,Component,传动装置包含倒档齿轮箱作为核心传动组件,发动机::D16维护保养手册,发动机::D16维护保养手册::chunk_20;发动机::D16维护保养手册::chunk_21;发动机::D16维护保养手册::chunk_22;发动机::D16维护保养手册::chunk_23
REL_000997,发动机安全管理系统_传动装置,Equipment,HAS_COMPONENT,发动机安全管理系统_传动装置_真空泵,Component,传动装置设备包含真空泵作为其关键功能组件,发动机::D16维护保养手册,发动机::D16维护保养手册::chunk_8
REL_000998,发动机安全管理系统_传动装置,Equipment,HAS_COMPONENT,发动机安全管理系统_传动装置_螺旋桨轴,Component,传动装置连接螺旋桨轴作为动力输出部件,发动机::D16维护保养手册,发动机::D16维护保养手册::chunk_20;发动机::D16维护保养手册::chunk_21;发动机::D16维护保养手册::chunk_22;发动机::D16维护保养手册::chunk_23
REL_000999,发动机安全管理系统_传动装置_倒档齿轮箱,Component,HAS_FAULT,发动机安全管理系统_传动装置_泄漏,FaultPhenomenon,倒档齿轮箱可能出现油液泄漏的故障现象,发动机::D16维护保养手册,发动机::D16维护保养手册::chunk_20;发动机::D16维护保养手册::chunk_21;发动机::D16维护保养手册::chunk_22;发动机::D16维护保养手册::chunk_23
REL_001000,发动机安全管理系统_传动装置_倒档齿轮箱,Component,REPAIRED_BY,发动机安全管理系统_传动装置_更换倒档机油,RepairMethod,倒档齿轮箱需定期更换机油和过滤器进行维护,发动机::D16维护保养手册,发动机::D16维护保养手册::chunk_20;发动机::D16维护保养手册::chunk_21;发动机::D16维护保养手册::chunk_22;发动机::D16维护保养手册::chunk_23
REL_001001,发动机安全管理系统_传动装置_升船后测试,DiagnosticMethod,REQUIRES,发动机安全管理系统_机油分析,DiagnosticMethod,驱动装置测试需参考机油分析结果以确认磨损限制,发动机::D16维护保养手册,发动机::D16维护保养手册::chunk_8
REL_001002,发动机安全管理系统_传动装置_更换倒档机油,RepairMethod,HAS_SAFETY_NOTE,发动机安全管理系统_传动装置_过满加注禁忌,SafetyNote,更换机油时必须遵守切勿过满加注的安全禁忌,发动机::D16维护保养手册,发动机::D16维护保养手册::chunk_20;发动机::D16维护保养手册::chunk_21;发动机::D16维护保养手册::chunk_22;发动机::D16维护保养手册::chunk_23
REL_001003,发动机安全管理系统_传动装置_清洁溶剂禁忌,SafetyNote,PREVENTS,发动机安全管理系统_发动机_污物引起故障,FaultPhenomenon,遵守清洁溶剂禁忌可防止因污物污染导致的系统故障,发动机::D16维护保养手册,发动机::D16维护保养手册::chunk_8
REL_001004,发动机安全管理系统_传动装置_真空泵,Component,HAS_SAFETY_NOTE,发动机安全管理系统_传动装置_清洁溶剂禁忌,SafetyNote,真空泵清洁作业必须遵守溶剂使用禁忌以防故障,发动机::D16维护保养手册,发动机::D16维护保养手册::chunk_8
REL_001005,发动机安全管理系统_传动装置_真空泵,Component,REPAIRED_BY,发动机安全管理系统_传动装置_真空泵清洁,RepairMethod,真空泵组件通过特定的清洁流程进行维护保养,发动机::D16维护保养手册,发动机::D16维护保养手册::chunk_8
REL_001006,发动机安全管理系统_传动装置_真空泵清洁,RepairMethod,PREVENTS,发动机安全管理系统_发动机_污物引起故障,FaultPhenomenon,定期清洁真空泵可防止污物积累引起的运行故障,发动机::D16维护保养手册,发动机::D16维护保养手册::chunk_8
REL_001007,发动机安全管理系统_传动装置_螺旋桨轴,Component,HAS_COMPONENT,发动机安全管理系统_传动装置_橡胶套筒,Component,水润滑螺旋桨轴包含橡胶套筒作为保护部件,发动机::D16维护保养手册,发动机::D16维护保养手册::chunk_20;发动机::D16维护保养手册::chunk_21;发动机::D16维护保养手册::chunk_22;发动机::D16维护保养手册::chunk_23
REL_001008,发动机安全管理系统_传动装置_螺旋桨轴,Component,HAS_COMPONENT,发动机安全管理系统_传动装置_轴密封件,Component,螺旋桨轴组件包含轴密封件以防止泄漏,发动机::D16维护保养手册,发动机::D16维护保养手册::chunk_20;发动机::D16维护保养手册::chunk_21;发动机::D16维护保养手册::chunk_22;发动机::D16维护保养手册::chunk_23
REL_001009,发动机安全管理系统_冷却系统,Equipment,DIAGNOSED_BY,发动机安全管理系统_冷却系统_检查冷却剂液位,DiagnosticMethod,冷却系统状态通过检查冷却剂液位进行诊断,发动机::D16维护保养手册,发动机::D16维护保养手册::chunk_12;发动机::D16维护保养手册::chunk_13;发动机::D16维护保养手册::chunk_14;发动机::D16维护保养手册::chunk_15
REL_001010,发动机安全管理系统_冷却系统,Equipment,HAS_COMPONENT,发动机安全管理系统_冷却系统_加热元件,Component,冷却系统可能包含可选的船配加热元件组件,发动机::D16维护保养手册,发动机::D16维护保养手册::chunk_12;发动机::D16维护保养手册::chunk_13;发动机::D16维护保养手册::chunk_14;发动机::D16维护保养手册::chunk_15
REL_001011,发动机安全管理系统_冷却系统,Equipment,HAS_COMPONENT,发动机安全管理系统_冷却系统_叶轮泵,Component,冷却系统包含叶轮泵用于驱动海水循环,发动机::D16维护保养手册,发动机::D16维护保养手册::chunk_5
REL_001012,发动机安全管理系统_冷却系统,Equipment,HAS_COMPONENT,发动机安全管理系统_冷却系统_散热器,Component,冷却系统设备包含散热器作为关键内部组件,发动机::D16维护保养手册,发动机::D16维护保养手册::chunk_4
REL_001013,发动机安全管理系统_冷却系统,Equipment,HAS_COMPONENT,发动机安全管理系统_冷却系统_海水塞,Component,冷却系统设备包含海水塞隔离组件,发动机::D16维护保养手册,发动机::D16维护保养手册::chunk_16;发动机::D16维护保养手册::chunk_17;发动机::D16维护保养手册::chunk_18;发动机::D16维护保养手册::chunk_19
REL_001014,发动机安全管理系统_冷却系统,Equipment,HAS_COMPONENT,发动机安全管理系统_冷却系统_海水过滤器,Component,冷却系统包含海水过滤器作为进水过滤关键部件,发动机::D16维护保养手册,发动机::D16维护保养手册::chunk_20;发动机::D16维护保养手册::chunk_21;发动机::D16维护保养手册::chunk_22;发动机::D16维护保养手册::chunk_23
REL_001015,发动机安全管理系统_冷却系统,Equipment,HAS_COMPONENT,发动机安全管理系统_冷却系统_热交换器,Component,冷却系统设备包含热交换器作为关键内部组件,发动机::D16维护保养手册,发动机::D16维护保养手册::chunk_4
REL_001016,发动机安全管理系统_冷却系统,Equipment,HAS_COMPONENT,发动机安全管理系统_冷却系统_热控制阀,Component,冷却系统设备包含用于加注通风的热控制阀组件,发动机::D16维护保养手册,发动机::D16维护保养手册::chunk_16;发动机::D16维护保养手册::chunk_17;发动机::D16维护保养手册::chunk_18;发动机::D16维护保养手册::chunk_19
REL_001017,发动机安全管理系统_冷却系统,Equipment,HAS_COMPONENT,发动机安全管理系统_冷却系统_膨胀箱,Component,冷却系统包含膨胀箱用于调节冷却液体积,发动机::D16维护保养手册,发动机::D16维护保养手册::chunk_5
REL_001018,发动机安全管理系统_冷却系统,Equipment,HAS_COMPONENT,发动机安全管理系统_冷却系统_阳极,Component,冷却系统包含阳极用于防止电化学腐蚀,发动机::D16维护保养手册,发动机::D16维护保养手册::chunk_20;发动机::D16维护保养手册::chunk_21;发动机::D16维护保养手册::chunk_22;发动机::D16维护保养手册::chunk_23
REL_001019,发动机安全管理系统_冷却系统,Equipment,HAS_PARAMETER,发动机安全管理系统_冷却系统_防冻混合比例,Parameter,冷却系统在冷天需维持特定的防冻剂混合比例参数,发动机::D16维护保养手册,发动机::D16维护保养手册::chunk_24;发动机::D16维护保养手册::chunk_25;发动机::D16维护保养手册::chunk_26;发动机::D16维护保养手册::chunk_27
REL_001020,发动机安全管理系统_冷却系统,Equipment,HAS_SAFETY_NOTE,发动机安全管理系统_冷却系统_冷却剂规格要求,SafetyNote,冷却系统维护必须遵守特定的冷却剂规格安全要求,发动机::D16维护保养手册,发动机::D16维护保养手册::chunk_12;发动机::D16维护保养手册::chunk_13;发动机::D16维护保养手册::chunk_14;发动机::D16维护保养手册::chunk_15
REL_001021,发动机安全管理系统_冷却系统,Equipment,HAS_SAFETY_NOTE,发动机安全管理系统_冷却系统_压力释放要求,SafetyNote,冷却系统作业需遵循压力释放安全要求,发动机::D16维护保养手册,发动机::D16维护保养手册::chunk_1
REL_001022,发动机安全管理系统_冷却系统,Equipment,HAS_SAFETY_NOTE,发动机安全管理系统_冷却系统_旧冷却剂回收要求,SafetyNote,冷却系统维护产生的废液需遵守环保回收安全要求,发动机::D16维护保养手册,发动机::D16维护保养手册::chunk_12;发动机::D16维护保养手册::chunk_13;发动机::D16维护保养手册::chunk_14;发动机::D16维护保养手册::chunk_15
REL_001023,发动机安全管理系统_冷却系统,Equipment,HAS_SAFETY_NOTE,发动机安全管理系统_冷却系统_腐蚀与气蚀风险,SafetyNote,冷却系统需全年使用合格冷却剂以防腐蚀和气蚀风险,发动机::D16维护保养手册,发动机::D16维护保养手册::chunk_24;发动机::D16维护保养手册::chunk_25;发动机::D16维护保养手册::chunk_26;发动机::D16维护保养手册::chunk_27
REL_001024,发动机安全管理系统_冷却系统,Equipment,HAS_SAFETY_NOTE,发动机安全管理系统_冷却系统_蒸汽灼伤危险,SafetyNote,检查增压空气冷却器排水孔时需防范蒸汽灼伤,发动机::D16维护保养手册,发动机::D16维护保养手册::chunk_20;发动机::D16维护保养手册::chunk_21;发动机::D16维护保养手册::chunk_22;发动机::D16维护保养手册::chunk_23
REL_001025,发动机安全管理系统_冷却系统,Equipment,HAS_SAFETY_NOTE,发动机安全管理系统_冷却系统_防冻保护检查要求,SafetyNote,冷却系统维护需遵守年度防冻保护检查的安全要求,发动机::D16维护保养手册,发动机::D16维护保养手册::chunk_12;发动机::D16维护保养手册::chunk_13;发动机::D16维护保养手册::chunk_14;发动机::D16维护保养手册::chunk_15
REL_001026,发动机安全管理系统_冷却系统,Equipment,HAS_SAFETY_NOTE,发动机安全管理系统_冷却系统_高温冷却液警告,SafetyNote,冷却系统作业需遵循高温冷却液警告,发动机::D16维护保养手册,发动机::D16维护保养手册::chunk_1
REL_001027,发动机安全管理系统_冷却系统,Equipment,REPAIRED_BY,发动机安全管理系统_冷却系统_加满冷却剂,RepairMethod,冷却系统液位不足时通过加满冷却剂进行维修,发动机::D16维护保养手册,发动机::D16维护保养手册::chunk_12;发动机::D16维护保养手册::chunk_13;发动机::D16维护保养手册::chunk_14;发动机::D16维护保养手册::chunk_15
REL_001028,发动机安全管理系统_冷却系统,Equipment,REPAIRED_BY,发动机安全管理系统_冷却系统_拆卸叶轮储存,RepairMethod,存储前需拆下叶轮泵叶轮并密封冷藏,发动机::D16维护保养手册,发动机::D16维护保养手册::chunk_20;发动机::D16维护保养手册::chunk_21;发动机::D16维护保养手册::chunk_22;发动机::D16维护保养手册::chunk_23
REL_001029,发动机安全管理系统_冷却系统,Equipment,REPAIRED_BY,发动机安全管理系统_冷却系统_排放残余海水,RepairMethod,存储前需排放冷却系统残余海水以防冻结,发动机::D16维护保养手册,发动机::D16维护保养手册::chunk_20;发动机::D16维护保养手册::chunk_21;发动机::D16维护保养手册::chunk_22;发动机::D16维护保养手册::chunk_23
REL_001030,发动机安全管理系统_冷却系统_加满冷却剂,RepairMethod,PREVENTS,发动机安全管理系统_冷却系统_冷却性能下降,FaultPhenomenon,冲洗冷却系统可防止因沉积物导致的冷却性能下降故障,发动机::D16维护保养手册,发动机::D16维护保养手册::chunk_12;发动机::D16维护保养手册::chunk_13;发动机::D16维护保养手册::chunk_14;发动机::D16维护保养手册::chunk_15
REL_001031,发动机安全管理系统_冷却系统_加满冷却剂,RepairMethod,REQUIRES,发动机安全管理系统_冷却系统_冷却剂规格要求,SafetyNote,加满冷却剂维修方法需满足冷却剂预先混合的要求,发动机::D16维护保养手册,发动机::D16维护保养手册::chunk_16;发动机::D16维护保养手册::chunk_17;发动机::D16维护保养手册::chunk_18;发动机::D16维护保养手册::chunk_19
REL_001032,发动机安全管理系统_冷却系统_加满冷却剂,RepairMethod,REQUIRES,发动机安全管理系统_冷却系统_叶轮泵,Component,清空冷却剂操作需要打开水泵上的排水点,发动机::D16维护保养手册,发动机::D16维护保养手册::chunk_12;发动机::D16维护保养手册::chunk_13;发动机::D16维护保养手册::chunk_14;发动机::D16维护保养手册::chunk_15
REL_001033,发动机安全管理系统_冷却系统_加满冷却剂,RepairMethod,REQUIRES,发动机安全管理系统_冷却系统_热交换器,Component,清空冷却剂操作需要打开热交换器上的排水点,发动机::D16维护保养手册,发动机::D16维护保养手册::chunk_12;发动机::D16维护保养手册::chunk_13;发动机::D16维护保养手册::chunk_14;发动机::D16维护保养手册::chunk_15
REL_001034,发动机安全管理系统_冷却系统_加满冷却剂,RepairMethod,REQUIRES,发动机安全管理系统_冷却系统_膨胀箱,Component,清空冷却剂操作需要打开膨胀箱盖并进行收集,发动机::D16维护保养手册,发动机::D16维护保养手册::chunk_12;发动机::D16维护保养手册::chunk_13;发动机::D16维护保养手册::chunk_14;发动机::D16维护保养手册::chunk_15
REL_001035,发动机安全管理系统_冷却系统_加满冷却剂,RepairMethod,REQUIRES,发动机安全管理系统_发动机_增压空气冷却器,Component,清空冷却剂操作需要打开增压空气冷却器上的排水点,发动机::D16维护保养手册,发动机::D16维护保养手册::chunk_12;发动机::D16维护保养手册::chunk_13;发动机::D16维护保养手册::chunk_14;发动机::D16维护保养手册::chunk_15
REL_001036,发动机安全管理系统_冷却系统_叶轮泵,Component,REPAIRED_BY,发动机安全管理系统_冷却系统_拆卸叶轮储存,RepairMethod,叶轮泵内部叶轮损坏时通过更换叶轮方法进行修复,发动机::D16维护保养手册,发动机::D16维护保养手册::chunk_16;发动机::D16维护保养手册::chunk_17;发动机::D16维护保养手册::chunk_18;发动机::D16维护保养手册::chunk_19
REL_001037,发动机安全管理系统_冷却系统_拆卸叶轮储存,RepairMethod,HAS_PARAMETER,发动机安全管理系统_冷却系统_叶轮泵盖紧固扭矩,Parameter,更换叶轮安装泵盖时需遵循 6Nm 紧固扭矩参数,发动机::D16维护保养手册,发动机::D16维护保养手册::chunk_16;发动机::D16维护保养手册::chunk_17;发动机::D16维护保养手册::chunk_18;发动机::D16维护保养手册::chunk_19
REL_001038,发动机安全管理系统_冷却系统_拆卸叶轮储存,RepairMethod,HAS_SAFETY_NOTE,发动机安全管理系统_冷却系统_润滑剂禁忌,SafetyNote,更换叶轮维修中需遵守仅使用甘油润滑的禁忌,发动机::D16维护保养手册,发动机::D16维护保养手册::chunk_16;发动机::D16维护保养手册::chunk_17;发动机::D16维护保养手册::chunk_18;发动机::D16维护保养手册::chunk_19
REL_001039,发动机安全管理系统_冷却系统_拆卸叶轮储存,RepairMethod,HAS_SAFETY_NOTE,发动机安全管理系统_冷却系统_进水危险,SafetyNote,更换叶轮维修前需注意关闭海水塞防止进水危险,发动机::D16维护保养手册,发动机::D16维护保养手册::chunk_16;发动机::D16维护保养手册::chunk_17;发动机::D16维护保养手册::chunk_18;发动机::D16维护保养手册::chunk_19
REL_001040,发动机安全管理系统_冷却系统_检查冷却剂液位,DiagnosticMethod,REQUIRES,发动机安全管理系统_冷却系统_高温冷却液警告,SafetyNote,检查液位时必须遵守发动机暖机时禁止打开盖的安全警告,发动机::D16维护保养手册,发动机::D16维护保养手册::chunk_12;发动机::D16维护保养手册::chunk_13;发动机::D16维护保养手册::chunk_14;发动机::D16维护保养手册::chunk_15
REL_001041,发动机安全管理系统_冷却系统_海水塞,Component,PREVENTS,发动机安全管理系统_冷却系统_进水危险,SafetyNote,关闭海水塞组件可防止冷却系统进水危险,发动机::D16维护保养手册,发动机::D16维护保养手册::chunk_16;发动机::D16维护保养手册::chunk_17;发动机::D16维护保养手册::chunk_18;发动机::D16维护保养手册::chunk_19
REL_001042,发动机安全管理系统_冷却系统_海水过滤器,Component,HAS_FAULT,发动机安全管理系统_冷却系统_过滤器堵塞,FaultPhenomenon,海水过滤器可能因污染物积累发生堵塞故障,发动机::D16维护保养手册,发动机::D16维护保养手册::chunk_20;发动机::D16维护保养手册::chunk_21;发动机::D16维护保养手册::chunk_22;发动机::D16维护保养手册::chunk_23
REL_001043,发动机安全管理系统_冷却系统_海水过滤器,Component,REPAIRED_BY,发动机安全管理系统_冷却系统_清洁海水过滤器,RepairMethod,海水过滤器通过清洁滤芯和重新安装进行维护,发动机::D16维护保养手册,发动机::D16维护保养手册::chunk_20;发动机::D16维护保养手册::chunk_21;发动机::D16维护保养手册::chunk_22;发动机::D16维护保养手册::chunk_23
REL_001044,发动机安全管理系统_冷却系统_清洁海水过滤器,RepairMethod,REQUIRES,发动机安全管理系统_冷却系统_海水塞,Component,清洁过滤器前必须先关闭通海旋塞以防进水,发动机::D16维护保养手册,发动机::D16维护保养手册::chunk_20;发动机::D16维护保养手册::chunk_21;发动机::D16维护保养手册::chunk_22;发动机::D16维护保养手册::chunk_23
REL_001045,发动机安全管理系统_冷却系统_过滤器堵塞,FaultPhenomenon,CAUSED_BY,发动机安全管理系统_发动机_过热,FaultPhenomenon,过滤器堵塞会导致冷却不足从而引起发动机过热,发动机::D16维护保养手册,发动机::D16维护保养手册::chunk_20;发动机::D16维护保养手册::chunk_21;发动机::D16维护保养手册::chunk_22;发动机::D16维护保养手册::chunk_23
REL_001046,发动机安全管理系统_冷却系统_过滤器堵塞,FaultPhenomenon,CAUSED_BY,发动机安全管理系统_燃油系统_微生物滋生,FaultCause,过滤器堵塞可能由燃油或水中的微生物滋生引起,发动机::D16维护保养手册,发动机::D16维护保养手册::chunk_20;发动机::D16维护保养手册::chunk_21;发动机::D16维护保养手册::chunk_22;发动机::D16维护保养手册::chunk_23
REL_001047,发动机安全管理系统_冷却系统_阳极,Component,REPAIRED_BY,发动机安全管理系统_冷却系统_更换阳极,RepairMethod,阳极磨损超过一半时需执行更换维护,发动机::D16维护保养手册,发动机::D16维护保养手册::chunk_20;发动机::D16维护保养手册::chunk_21;发动机::D16维护保养手册::chunk_22;发动机::D16维护保养手册::chunk_23
REL_001048,发动机安全管理系统_冷却系统_高温冷却液警告,SafetyNote,PREVENTS,发动机安全管理系统_冷却系统_灼伤风险,FaultPhenomenon,遵守高温警告可防止冷却液灼伤风险,发动机::D16维护保养手册,发动机::D16维护保养手册::chunk_1
REL_001049,发动机安全管理系统_发动机,Equipment,HAS_COMPONENT,发动机安全管理系统_发动机_交流发电机,Component,发动机设备包含交流发电机作为核心组件,发动机::D16维护保养手册,发动机::D16维护保养手册::chunk_1
REL_001050,发动机安全管理系统_发动机,Equipment,HAS_COMPONENT,发动机安全管理系统_发动机_传动皮带,Component,发动机本体包含传动皮带用于驱动附件,发动机::D16维护保养手册,发动机::D16维护保养手册::chunk_5
REL_001051,发动机安全管理系统_发动机,Equipment,HAS_COMPONENT,发动机安全管理系统_发动机_发动机控制模块,Component,发动机设备包含发动机控制模块作为核心组件,发动机::D16维护保养手册,发动机::D16维护保养手册::chunk_1
REL_001052,发动机安全管理系统_发动机,Equipment,HAS_COMPONENT,发动机安全管理系统_发动机_增压空气冷却器,Component,发动机包含增压空气冷却器用于冷却进气,发动机::D16维护保养手册,发动机::D16维护保养手册::chunk_5
REL_001053,发动机安全管理系统_发动机,Equipment,HAS_COMPONENT,发动机安全管理系统_发动机_涡轮增压器,Component,发动机内部包含涡轮增压器作为关键增压部件,发动机::D16维护保养手册,发动机::D16维护保养手册::chunk_0
REL_001054,发动机安全管理系统_发动机,Equipment,HAS_COMPONENT,发动机安全管理系统_发动机_皮带张紧器,Component,发动机设备包含自动皮带张紧器组件,发动机::D16维护保养手册,发动机::D16维护保养手册::chunk_16;发动机::D16维护保养手册::chunk_17;发动机::D16维护保养手册::chunk_18;发动机::D16维护保养手册::chunk_19
REL_001055,发动机安全管理系统_发动机,Equipment,HAS_COMPONENT,发动机安全管理系统_发动机_空气过滤器,Component,发动机进气系统包含空气过滤器作为防护部件,发动机::D16维护保养手册,发动机::D16维护保养手册::chunk_0
REL_001056,发动机安全管理系统_发动机,Equipment,HAS_FAULT,发动机安全管理系统_发动机_增压压力过低,FaultPhenomenon,发动机可能出现增压压力过低故障,发动机::D16维护保养手册,发动机::D16维护保养手册::chunk_11
REL_001057,发动机安全管理系统_发动机,Equipment,HAS_FAULT,发动机安全管理系统_发动机_运转不平稳,FaultPhenomenon,发动机可能出现运转不平稳故障,发动机::D16维护保养手册,发动机::D16维护保养手册::chunk_11
REL_001058,发动机安全管理系统_发动机,Equipment,HAS_PARAMETER,发动机安全管理系统_发动机_冷却液容量参数,Parameter,发动机设备依赖特定的冷却液容量参数进行维护,发动机::D16维护保养手册,发动机::D16维护保养手册::chunk_4
REL_001059,发动机安全管理系统_发动机,Equipment,HAS_PARAMETER,发动机安全管理系统_发动机_存储温度要求,Parameter,发动机储存环境必须满足特定的温度范围参数要求,发动机::D16维护保养手册,发动机::D16维护保养手册::chunk_24;发动机::D16维护保养手册::chunk_25;发动机::D16维护保养手册::chunk_26;发动机::D16维护保养手册::chunk_27
REL_001060,发动机安全管理系统_发动机,Equipment,HAS_PARAMETER,发动机安全管理系统_发动机_存储湿度要求,Parameter,发动机储存环境必须满足特定的湿度参数要求,发动机::D16维护保养手册,发动机::D16维护保养手册::chunk_24;发动机::D16维护保养手册::chunk_25;发动机::D16维护保养手册::chunk_26;发动机::D16维护保养手册::chunk_27
REL_001061,发动机安全管理系统_发动机,Equipment,HAS_PARAMETER,发动机安全管理系统_发动机_机油容量参数,Parameter,发动机设备依赖特定的机油容量参数进行维护,发动机::D16维护保养手册,发动机::D16维护保养手册::chunk_4
REL_001062,发动机安全管理系统_发动机,Equipment,HAS_PARAMETER,发动机安全管理系统_发动机_额外冷却剂容量限制,Parameter,发动机设备在特定配置下有额外冷却剂容量限制,发动机::D16维护保养手册,发动机::D16维护保养手册::chunk_4
REL_001063,发动机安全管理系统_发动机,Equipment,HAS_PARAMETER,发动机安全管理系统_通用紧固扭矩标准,Parameter,发动机装配维护需参考通用紧固扭矩标准参数,发动机::D16维护保养手册,发动机::D16维护保养手册::chunk_4
REL_001064,发动机安全管理系统_发动机,Equipment,HAS_SAFETY_NOTE,发动机安全管理系统_冷却液混合禁忌,SafetyNote,发动机冷却系统维护需遵守冷却液混合禁忌以防故障,发动机::D16维护保养手册,发动机::D16维护保养手册::chunk_4
REL_001065,发动机安全管理系统_发动机,Equipment,HAS_SAFETY_NOTE,发动机安全管理系统_启动前检查要求,SafetyNote,发动机起动前必须执行安全检查要求,发动机::D16维护保养手册,发动机::D16维护保养手册::chunk_0
REL_001066,发动机安全管理系统_发动机,Equipment,HAS_SAFETY_NOTE,发动机安全管理系统_燃油系统_清洁度要求,SafetyNote,发动机设备需遵循清洁度安全要求,发动机::D16维护保养手册,发动机::D16维护保养手册::chunk_1
REL_001067,发动机安全管理系统_发动机,Equipment,HAS_SAFETY_NOTE,发动机安全管理系统_螺栓损伤检查要求,SafetyNote,发动机安装维护过程中必须遵守螺栓损伤检查的安全要求,发动机::D16维护保养手册,发动机::D16维护保养手册::chunk_4
REL_001068,发动机安全管理系统_发动机,Equipment,HAS_SAFETY_NOTE,发动机安全管理系统_警告标识维护,SafetyNote,发动机本体需保持警告标识清晰可见,发动机::D16维护保养手册,发动机::D16维护保养手册::chunk_0
REL_001069,发动机安全管理系统_发动机,Equipment,HAS_SAFETY_NOTE,发动机安全管理系统_通风安全要求,SafetyNote,发动机运行和维护必须遵守通风安全要求,发动机::D16维护保养手册,发动机::D16维护保养手册::chunk_0
REL_001070,发动机安全管理系统_发动机,Equipment,HAS_SAFETY_NOTE,发动机安全管理系统_高温表面警告,SafetyNote,发动机及其部件存在高温表面需遵守警告,发动机::D16维护保养手册,发动机::D16维护保养手册::chunk_0
REL_001071,发动机安全管理系统_发动机,Equipment,REPAIRED_BY,发动机安全管理系统_发动机_清洁发动机舱,RepairMethod,通过清洁发动机舱来维护发动机状态并降低故障风险,发动机::D16维护保养手册,发动机::D16维护保养手册::chunk_24;发动机::D16维护保养手册::chunk_25;发动机::D16维护保养手册::chunk_26;发动机::D16维护保养手册::chunk_27
REL_001072,发动机安全管理系统_发动机,Equipment,REPAIRED_BY,发动机安全管理系统_发动机_长期存储维护,RepairMethod,发动机长期停用时需执行存储维护以防损坏,发动机::D16维护保养手册,发动机::D16维护保养手册::chunk_20;发动机::D16维护保养手册::chunk_21;发动机::D16维护保养手册::chunk_22;发动机::D16维护保养手册::chunk_23
REL_001073,发动机安全管理系统_发动机,Equipment,REPAIRED_BY,发动机安全管理系统_润滑系统_机油补充,RepairMethod,发动机机油不足时通过补充机油进行维护修复,发动机::D16维护保养手册,发动机::D16维护保养手册::chunk_6
REL_001074,发动机安全管理系统_发动机,Equipment,REQUIRES,发动机安全管理系统_启动前检查要求,SafetyNote,发动机起动依赖严格的安全检查步骤,发动机::D16维护保养手册,发动机::D16维护保养手册::chunk_0
REL_001075,发动机安全管理系统_发动机,Equipment,REQUIRES,发动机安全管理系统_通风安全要求,SafetyNote,发动机运行依赖良好的通风环境条件,发动机::D16维护保养手册,发动机::D16维护保养手册::chunk_0
REL_001076,发动机安全管理系统_发动机_交流发电机,Component,HAS_SAFETY_NOTE,发动机安全管理系统_发动机_交流发电机_进水损坏风险,SafetyNote,交流发电机在清洁过程中需特别注意防止进水损坏,发动机::D16维护保养手册,发动机::D16维护保养手册::chunk_24;发动机::D16维护保养手册::chunk_25;发动机::D16维护保养手册::chunk_26;发动机::D16维护保养手册::chunk_27
REL_001077,发动机安全管理系统_发动机_交流发电机,Component,REPAIRED_BY,发动机安全管理系统_发动机_交流发电机_吹干处理,RepairMethod,交流发电机意外进水后的标准修复处理流程,发动机::D16维护保养手册,发动机::D16维护保养手册::chunk_24;发动机::D16维护保养手册::chunk_25;发动机::D16维护保养手册::chunk_26;发动机::D16维护保养手册::chunk_27
REL_001078,发动机安全管理系统_发动机_传动皮带,Component,REPAIRED_BY,发动机安全管理系统_发动机_更换传动皮带,RepairMethod,传动皮带损坏时通过更换传动皮带方法进行修复,发动机::D16维护保养手册,发动机::D16维护保养手册::chunk_16;发动机::D16维护保养手册::chunk_17;发动机::D16维护保养手册::chunk_18;发动机::D16维护保养手册::chunk_19
REL_001079,发动机安全管理系统_发动机_叶轮损坏,FaultCause,REQUIRES,发动机安全管理系统_发动机_涡轮增压器更换,RepairMethod,叶轮损坏故障需要更换涡轮增压器,发动机::D16维护保养手册,发动机::D16维护保养手册::chunk_11
REL_001080,发动机安全管理系统_发动机_增压压力过低,FaultPhenomenon,CAUSED_BY,发动机安全管理系统_增压空气系统_泄漏,FaultCause,增压压力过低由增压空气系统泄漏导致,发动机::D16维护保养手册,发动机::D16维护保养手册::chunk_11
REL_001081,发动机安全管理系统_发动机_更换传动皮带,RepairMethod,HAS_SAFETY_NOTE,发动机安全管理系统_发动机_挤压危险,SafetyNote,更换皮带维修过程中需注意防止手指挤压危险,发动机::D16维护保养手册,发动机::D16维护保养手册::chunk_16;发动机::D16维护保养手册::chunk_17;发动机::D16维护保养手册::chunk_18;发动机::D16维护保养手册::chunk_19
REL_001082,发动机安全管理系统_发动机_污物引起故障,FaultPhenomenon,CAUSED_BY,发动机安全管理系统_发动机_污物污染,FaultCause,发动机故障由污物污染原因导致,发动机::D16维护保养手册,发动机::D16维护保养手册::chunk_1
REL_001083,发动机安全管理系统_发动机_涡轮增压器,Component,HAS_FAULT,发动机安全管理系统_发动机_叶轮损坏,FaultCause,涡轮增压器可能发生叶轮损坏故障,发动机::D16维护保养手册,发动机::D16维护保养手册::chunk_11
REL_001084,发动机安全管理系统_发动机_涡轮增压器,Component,REPAIRED_BY,发动机安全管理系统_发动机_涡轮增压器更换,RepairMethod,涡轮增压器损坏时通过更换方法维修,发动机::D16维护保养手册,发动机::D16维护保养手册::chunk_11
REL_001085,发动机安全管理系统_发动机_皮带张紧器,Component,CONTROLS,发动机安全管理系统_发动机_传动皮带,Component,皮带张紧器控制传动皮带的张紧状态,发动机::D16维护保养手册,发动机::D16维护保养手册::chunk_16;发动机::D16维护保养手册::chunk_17;发动机::D16维护保养手册::chunk_18;发动机::D16维护保养手册::chunk_19
REL_001086,发动机安全管理系统_发动机_运转不平稳,FaultPhenomenon,CAUSED_BY,发动机安全管理系统_燃油系统_空气残留,FaultCause,运转不平稳由燃油系统空气残留导致,发动机::D16维护保养手册,发动机::D16维护保养手册::chunk_11
REL_001087,发动机安全管理系统_发动机_长期存储维护,RepairMethod,PREVENTS,发动机安全管理系统_电池_冷冻破裂,FaultPhenomenon,存储维护中给电池充电可防止低温冷冻破裂,发动机::D16维护保养手册,发动机::D16维护保养手册::chunk_20;发动机::D16维护保养手册::chunk_21;发动机::D16维护保养手册::chunk_22;发动机::D16维护保养手册::chunk_23
REL_001088,发动机安全管理系统_发动机_长期存储维护,RepairMethod,REQUIRES,发动机安全管理系统_电池,Equipment,存储维护要求断开电池电缆并进行清洁充电,发动机::D16维护保养手册,发动机::D16维护保养手册::chunk_20;发动机::D16维护保养手册::chunk_21;发动机::D16维护保养手册::chunk_22;发动机::D16维护保养手册::chunk_23
REL_001089,发动机安全管理系统_增压空气系统,Equipment,HAS_COMPONENT,发动机安全管理系统_增压空气系统_增压空气管,Component,增压空气系统包含增压空气管组件,发动机::D16维护保养手册,发动机::D16维护保养手册::chunk_11
REL_001090,发动机安全管理系统_排气系统,Equipment,HAS_COMPONENT,发动机安全管理系统_排气系统_排气弯管,Component,排气系统包含排气弯管组件,发动机::D16维护保养手册,发动机::D16维护保养手册::chunk_11
REL_001091,发动机安全管理系统_排气系统,Equipment,REPAIRED_BY,发动机安全管理系统_排气系统_损坏件更换,RepairMethod,排气系统损坏件通过更换方法维修,发动机::D16维护保养手册,发动机::D16维护保养手册::chunk_11
REL_001092,发动机安全管理系统_操舵器,Equipment,HAS_COMPONENT,发动机安全管理系统_操舵器_电动操舵器,Component,操舵器系统包含电动操舵器作为执行机构,发动机::D16维护保养手册,发动机::D16维护保养手册::chunk_20;发动机::D16维护保养手册::chunk_21;发动机::D16维护保养手册::chunk_22;发动机::D16维护保养手册::chunk_23
REL_001093,发动机安全管理系统_操舵器,Equipment,HAS_PARAMETER,发动机安全管理系统_操舵器_油量参数,Parameter,操舵器设备依赖特定的油量参数进行维护,发动机::D16维护保养手册,发动机::D16维护保养手册::chunk_4
REL_001094,发动机安全管理系统_操舵器,Equipment,HAS_SAFETY_NOTE,发动机安全管理系统_ATF 油混合说明,SafetyNote,操舵器维护需遵守 ATF 油混合说明以确保兼容性,发动机::D16维护保养手册,发动机::D16维护保养手册::chunk_4
REL_001095,发动机安全管理系统_操舵器_电动操舵器,Component,HAS_PARAMETER,发动机安全管理系统_操舵器_机油容量,Parameter,电动操舵器更换机油时参考约 5 升容量参数,发动机::D16维护保养手册,发动机::D16维护保养手册::chunk_20;发动机::D16维护保养手册::chunk_21;发动机::D16维护保养手册::chunk_22;发动机::D16维护保养手册::chunk_23
REL_001096,发动机安全管理系统_操舵器_电动操舵器,Component,HAS_PARAMETER,发动机安全管理系统_操舵器_量油尺紧固扭矩,Parameter,电动操舵器量油尺安装需遵循 10Nm 紧固扭矩,发动机::D16维护保养手册,发动机::D16维护保养手册::chunk_20;发动机::D16维护保养手册::chunk_21;发动机::D16维护保养手册::chunk_22;发动机::D16维护保养手册::chunk_23
REL_001097,发动机安全管理系统_操舵器_电动操舵器,Component,REPAIRED_BY,发动机安全管理系统_操舵器_更换机油,RepairMethod,电动操舵器需定期更换机油以维持正常运行,发动机::D16维护保养手册,发动机::D16维护保养手册::chunk_20;发动机::D16维护保养手册::chunk_21;发动机::D16维护保养手册::chunk_22;发动机::D16维护保养手册::chunk_23
REL_001098,发动机安全管理系统_机油分析,DiagnosticMethod,HAS_SAFETY_NOTE,发动机安全管理系统_机油分析_取样安全要求,SafetyNote,机油分析诊断过程需遵守取样安全操作要求,发动机::D16维护保养手册,发动机::D16维护保养手册::chunk_7
REL_001099,发动机安全管理系统_机油分析,DiagnosticMethod,HAS_SAFETY_NOTE,发动机安全管理系统_机油分析_环保收集要求,SafetyNote,机油分析诊断过程需遵守环保收集安全要求,发动机::D16维护保养手册,发动机::D16维护保养手册::chunk_7
REL_001100,发动机安全管理系统_机油分析,DiagnosticMethod,MONITORS,发动机安全管理系统_润滑系统_金属颗粒物,Parameter,机油分析方法用于监测润滑系统金属颗粒参数,发动机::D16维护保养手册,发动机::D16维护保养手册::chunk_7
REL_001101,发动机安全管理系统_机油分析,DiagnosticMethod,REQUIRES,发动机安全管理系统_发动机,Equipment,机油分析诊断方法依赖发动机运行至工作温度,发动机::D16维护保养手册,发动机::D16维护保养手册::chunk_7
REL_001102,发动机安全管理系统_润滑系统,Equipment,DIAGNOSED_BY,发动机安全管理系统_机油分析,DiagnosticMethod,润滑系统状态通过机油分析方法进行诊断,发动机::D16维护保养手册,发动机::D16维护保养手册::chunk_7
REL_001103,发动机安全管理系统_润滑系统,Equipment,HAS_COMPONENT,发动机安全管理系统_润滑系统_机油过滤器,Component,润滑系统包含机油过滤器作为关键过滤组件,发动机::D16维护保养手册,发动机::D16维护保养手册::chunk_5
REL_001104,发动机安全管理系统_润滑系统,Equipment,HAS_FAULT,发动机安全管理系统_润滑系统_机油泄漏,FaultPhenomenon,润滑系统设备可能发生的机油泄漏故障,发动机::D16维护保养手册,发动机::D16维护保养手册::chunk_6
REL_001105,发动机安全管理系统_润滑系统,Equipment,HAS_PARAMETER,发动机安全管理系统_润滑系统_水含量,Parameter,润滑系统运行状态需监测机油水含量参数,发动机::D16维护保养手册,发动机::D16维护保养手册::chunk_7
REL_001106,发动机安全管理系统_润滑系统,Equipment,HAS_PARAMETER,发动机安全管理系统_润滑系统_燃油含量,Parameter,润滑系统运行状态需监测机油燃油含量参数,发动机::D16维护保养手册,发动机::D16维护保养手册::chunk_7
REL_001107,发动机安全管理系统_润滑系统,Equipment,HAS_PARAMETER,发动机安全管理系统_润滑系统_金属颗粒物,Parameter,润滑系统运行状态需监测机油金属颗粒参数,发动机::D16维护保养手册,发动机::D16维护保养手册::chunk_7
REL_001108,发动机安全管理系统_润滑系统,Equipment,HAS_SAFETY_NOTE,发动机安全管理系统_润滑系统_热油警告,SafetyNote,润滑系统作业需遵循热油警告,发动机::D16维护保养手册,发动机::D16维护保养手册::chunk_1
REL_001109,发动机安全管理系统_润滑系统_机油泄漏,FaultPhenomenon,DIAGNOSED_BY,发动机安全管理系统_润滑系统_泄漏检查,DiagnosticMethod,通过起动发动机后目视检查来诊断泄漏故障,发动机::D16维护保养手册,发动机::D16维护保养手册::chunk_6
REL_001110,发动机安全管理系统_润滑系统_机油过滤器,Component,REPAIRED_BY,发动机安全管理系统_润滑系统_过滤器安装润滑,RepairMethod,更换机油过滤器时需执行衬垫润滑步骤,发动机::D16维护保养手册,发动机::D16维护保养手册::chunk_6
REL_001111,发动机安全管理系统_润滑系统_机油过滤器,Component,REPAIRED_BY,发动机安全管理系统_润滑系统_过滤器拧紧,RepairMethod,更换机油过滤器时需执行按规定扭矩拧紧步骤,发动机::D16维护保养手册,发动机::D16维护保养手册::chunk_6
REL_001112,发动机安全管理系统_润滑系统_油位检查,DiagnosticMethod,REQUIRES,发动机安全管理系统_发动机_机油容量参数,Parameter,检查油位时需参照技术参数规定的机油容量标准,发动机::D16维护保养手册,发动机::D16维护保养手册::chunk_6
REL_001113,发动机安全管理系统_润滑系统_热油警告,SafetyNote,PREVENTS,发动机安全管理系统_冷却系统_灼伤风险,FaultPhenomenon,遵守热油警告可防止热油灼伤风险,发动机::D16维护保养手册,发动机::D16维护保养手册::chunk_1
REL_001114,发动机安全管理系统_润滑系统_过滤器安装润滑,RepairMethod,PREVENTS,发动机安全管理系统_润滑系统_机油泄漏,FaultPhenomenon,润滑衬垫可防止因密封不良导致的机油泄漏,发动机::D16维护保养手册,发动机::D16维护保养手册::chunk_6
REL_001115,发动机安全管理系统_润滑系统_过滤器拧紧,RepairMethod,PREVENTS,发动机安全管理系统_润滑系统_机油泄漏,FaultPhenomenon,正确拧紧过滤器可防止因松动导致的机油泄漏,发动机::D16维护保养手册,发动机::D16维护保养手册::chunk_6
REL_001116,发动机安全管理系统_润滑系统_金属颗粒物,Parameter,CAUSED_BY,发动机安全管理系统_润滑系统_部件磨损,FaultCause,机油中金属颗粒物异常由部件磨损故障导致,发动机::D16维护保养手册,发动机::D16维护保养手册::chunk_7
REL_001117,发动机安全管理系统_火灾爆炸风险,FaultPhenomenon,CAUSED_BY,发动机安全管理系统_意外火花,FaultCause,意外火花是点燃易燃物导致火灾爆炸的原因,发动机::D16维护保养手册,发动机::D16维护保养手册::chunk_0
REL_001118,发动机安全管理系统_火灾爆炸风险,FaultPhenomenon,CAUSED_BY,发动机安全管理系统_燃油或气体泄漏,FaultCause,燃油或气体泄漏是导致火灾爆炸风险的原因,发动机::D16维护保养手册,发动机::D16维护保养手册::chunk_0
REL_001119,发动机安全管理系统_燃油系统,Equipment,HAS_COMPONENT,发动机安全管理系统_燃油系统_压力表,Component,燃油系统双联过滤器包含压力表组件,发动机::D16维护保养手册,发动机::D16维护保养手册::chunk_11
REL_001120,发动机安全管理系统_燃油系统,Equipment,HAS_COMPONENT,发动机安全管理系统_燃油系统_手泵,Component,燃油系统包含手泵用于手动燃油输送,发动机::D16维护保养手册,发动机::D16维护保养手册::chunk_5
REL_001121,发动机安全管理系统_燃油系统,Equipment,HAS_COMPONENT,发动机安全管理系统_燃油系统_燃油过滤器,Component,燃油系统包含燃油过滤器作为关键过滤组件,发动机::D16维护保养手册,发动机::D16维护保养手册::chunk_5
REL_001122,发动机安全管理系统_燃油系统,Equipment,HAS_COMPONENT,发动机安全管理系统_燃油系统_细过滤器,Component,燃油系统设备包含发动机标配的细过滤器组件,发动机::D16维护保养手册,发动机::D16维护保养手册::chunk_10
REL_001123,发动机安全管理系统_燃油系统,Equipment,HAS_COMPONENT,发动机安全管理系统_燃油系统_预过滤器,Component,燃油系统设备包含可选安装的预过滤器组件,发动机::D16维护保养手册,发动机::D16维护保养手册::chunk_10
REL_001124,发动机安全管理系统_燃油系统,Equipment,HAS_SAFETY_NOTE,发动机安全管理系统_燃油系统_FAME 燃料存储禁忌,SafetyNote,燃油系统存储期间禁止使用高 FAME 含量燃料,发动机::D16维护保养手册,发动机::D16维护保养手册::chunk_20;发动机::D16维护保养手册::chunk_21;发动机::D16维护保养手册::chunk_22;发动机::D16维护保养手册::chunk_23
REL_001125,发动机安全管理系统_燃油系统,Equipment,HAS_SAFETY_NOTE,发动机安全管理系统_燃油系统_清洁度要求,SafetyNote,燃油系统需遵循元件清洁度要求,发动机::D16维护保养手册,发动机::D16维护保养手册::chunk_1
REL_001126,发动机安全管理系统_燃油系统,Equipment,HAS_SAFETY_NOTE,发动机安全管理系统_燃油系统_热表面火灾风险,SafetyNote,燃油系统操作需注意热表面火灾风险,发动机::D16维护保养手册,发动机::D16维护保养手册::chunk_11
REL_001127,发动机安全管理系统_燃油系统,Equipment,HAS_SAFETY_NOTE,发动机安全管理系统_燃油系统_管路弯曲禁止,SafetyNote,燃油系统需遵循管路弯曲禁止的禁忌,发动机::D16维护保养手册,发动机::D16维护保养手册::chunk_1
REL_001128,发动机安全管理系统_燃油系统,Equipment,HAS_SAFETY_NOTE,发动机安全管理系统_燃油系统_过滤器预注禁忌,SafetyNote,燃油系统过滤器安装需注意预注禁忌,发动机::D16维护保养手册,发动机::D16维护保养手册::chunk_11
REL_001129,发动机安全管理系统_燃油系统,Equipment,HAS_SAFETY_NOTE,发动机安全管理系统_燃油系统_高压泄漏防护,SafetyNote,燃油系统作业需遵循高压泄漏防护要求,发动机::D16维护保养手册,发动机::D16维护保养手册::chunk_1
REL_001130,发动机安全管理系统_燃油系统,Equipment,HAS_SAFETY_NOTE,发动机安全管理系统_燃油系统_高压皮肤渗透风险,SafetyNote,燃油系统高压管路需注意皮肤渗透风险,发动机::D16维护保养手册,发动机::D16维护保养手册::chunk_11
REL_001131,发动机安全管理系统_燃油系统,Equipment,REPAIRED_BY,发动机安全管理系统_燃油系统_双联过滤器切换,RepairMethod,燃油系统双联过滤器通过切换方法维护,发动机::D16维护保养手册,发动机::D16维护保养手册::chunk_11
REL_001132,发动机安全管理系统_燃油系统,Equipment,REPAIRED_BY,发动机安全管理系统_燃油系统_过滤器排气,RepairMethod,燃油系统通过系统排气方法维修,发动机::D16维护保养手册,发动机::D16维护保养手册::chunk_11
REL_001133,发动机安全管理系统_燃油系统_FAME 燃料存储禁忌,SafetyNote,PREVENTS,发动机安全管理系统_燃油系统_微生物滋生,FaultCause,限制 FAME 含量可防止燃油系统微生物滋生堵塞,发动机::D16维护保养手册,发动机::D16维护保养手册::chunk_20;发动机::D16维护保养手册::chunk_21;发动机::D16维护保养手册::chunk_22;发动机::D16维护保养手册::chunk_23
REL_001134,发动机安全管理系统_燃油系统_压力表,Component,HAS_PARAMETER,发动机安全管理系统_燃油系统_全负载压降参数,Parameter,压力表监测全负载压降参数,发动机::D16维护保养手册,发动机::D16维护保养手册::chunk_11
REL_001135,发动机安全管理系统_燃油系统_压力表,Component,HAS_PARAMETER,发动机安全管理系统_燃油系统_怠速压降参数,Parameter,压力表监测怠速压降参数,发动机::D16维护保养手册,发动机::D16维护保养手册::chunk_11
REL_001136,发动机安全管理系统_燃油系统_清洁度要求,SafetyNote,PREVENTS,发动机安全管理系统_发动机_污物引起故障,FaultPhenomenon,遵守清洁度要求可防止污物引起故障,发动机::D16维护保养手册,发动机::D16维护保养手册::chunk_1
REL_001137,发动机安全管理系统_燃油系统_热表面火灾风险,SafetyNote,PREVENTS,发动机安全管理系统_火灾爆炸风险,FaultPhenomenon,热表面火灾风险警告防止火灾爆炸,发动机::D16维护保养手册,发动机::D16维护保养手册::chunk_11
REL_001138,发动机安全管理系统_燃油系统_燃油过滤器,Component,REPAIRED_BY,发动机安全管理系统_燃油系统_过滤器排气,RepairMethod,燃油过滤器通过更换方法维修,发动机::D16维护保养手册,发动机::D16维护保养手册::chunk_11
REL_001139,发动机安全管理系统_燃油系统_细过滤器,Component,REPAIRED_BY,发动机安全管理系统_燃油系统_过滤器排气,RepairMethod,细过滤器组件需要通过排气方法去除内部空气,发动机::D16维护保养手册,发动机::D16维护保养手册::chunk_10
REL_001140,发动机安全管理系统_燃油系统_过滤器排气,RepairMethod,PREVENTS,发动机安全管理系统_发动机_运转不平稳,FaultPhenomenon,系统排气方法防止运转不平稳故障,发动机::D16维护保养手册,发动机::D16维护保养手册::chunk_11
REL_001141,发动机安全管理系统_燃油系统_过滤器预注禁忌,SafetyNote,PREVENTS,发动机安全管理系统_发动机_运转不平稳,FaultPhenomenon,过滤器预注禁忌防止污染物引起运转故障,发动机::D16维护保养手册,发动机::D16维护保养手册::chunk_11
REL_001142,发动机安全管理系统_燃油系统_预过滤器,Component,REPAIRED_BY,发动机安全管理系统_燃油系统_过滤器排气,RepairMethod,预过滤器组件需要通过排气方法去除内部空气,发动机::D16维护保养手册,发动机::D16维护保养手册::chunk_10
REL_001143,发动机安全管理系统_燃油系统_高压泄漏防护,SafetyNote,PREVENTS,发动机安全管理系统_燃油系统_败血病风险,FaultPhenomenon,遵守高压泄漏防护可防止败血病风险,发动机::D16维护保养手册,发动机::D16维护保养手册::chunk_1
REL_001144,发动机安全管理系统_燃油系统_高压皮肤渗透风险,SafetyNote,PREVENTS,发动机安全管理系统_人身伤害风险,FaultPhenomenon,高压皮肤渗透风险警告防止人身伤害,发动机::D16维护保养手册,发动机::D16维护保养手册::chunk_11
REL_001145,发动机安全管理系统_电气系统,Equipment,HAS_SAFETY_NOTE,发动机安全管理系统_电气系统_断电操作要求,SafetyNote,电气系统作业需遵循断电操作安全要求,发动机::D16维护保养手册,发动机::D16维护保养手册::chunk_1
REL_001146,发动机安全管理系统_电气系统,Equipment,HAS_SAFETY_NOTE,发动机安全管理系统_电气系统_运行中断电禁止,SafetyNote,电气系统需遵循运行中禁止断电的安全禁忌,发动机::D16维护保养手册,发动机::D16维护保养手册::chunk_1
REL_001147,发动机安全管理系统_电气系统_运行中断电禁止,SafetyNote,PREVENTS,发动机安全管理系统_发动机_电子元件损坏,FaultPhenomenon,遵守运行中断电禁止可防止电子元件损坏,发动机::D16维护保养手册,发动机::D16维护保养手册::chunk_1
REL_001148,发动机安全管理系统_电池,Equipment,HAS_PARAMETER,发动机安全管理系统_电池_端子紧固扭矩,Parameter,电池维护时端子连接需遵循规定的紧固扭矩参数,发动机::D16维护保养手册,发动机::D16维护保养手册::chunk_24;发动机::D16维护保养手册::chunk_25;发动机::D16维护保养手册::chunk_26;发动机::D16维护保养手册::chunk_27
REL_001149,发动机安全管理系统_电池,Equipment,HAS_SAFETY_NOTE,发动机安全管理系统_火灾爆炸风险,FaultPhenomenon,电池氢气混合可能引发火灾爆炸风险,发动机::D16维护保养手册,发动机::D16维护保养手册::chunk_0
REL_001150,发动机安全管理系统_电池,Equipment,HAS_SAFETY_NOTE,发动机安全管理系统_电池_极性连接要求,SafetyNote,电池设备需遵循极性连接安全要求,发动机::D16维护保养手册,发动机::D16维护保养手册::chunk_1
REL_001151,发动机安全管理系统_电池,Equipment,HAS_SAFETY_NOTE,发动机安全管理系统_电池_电解液防护,SafetyNote,电池设备需遵循电解液防护安全要求,发动机::D16维护保养手册,发动机::D16维护保养手册::chunk_1
REL_001152,发动机安全管理系统_电池,Equipment,REPAIRED_BY,发动机安全管理系统_电池_清洁端子,RepairMethod,定期清洁电池端子以防止杂散电流和放电故障,发动机::D16维护保养手册,发动机::D16维护保养手册::chunk_24;发动机::D16维护保养手册::chunk_25;发动机::D16维护保养手册::chunk_26;发动机::D16维护保养手册::chunk_27
REL_001153,发动机安全管理系统_电池_冷冻破裂,FaultPhenomenon,CAUSED_BY,发动机安全管理系统_电池_长期放电损坏,FaultCause,电池长期放电是导致寒冷天气下冷冻破裂的主要原因,发动机::D16维护保养手册,发动机::D16维护保养手册::chunk_24;发动机::D16维护保养手册::chunk_25;发动机::D16维护保养手册::chunk_26;发动机::D16维护保养手册::chunk_27
REL_001154,发动机安全管理系统_禁止启动喷雾,SafetyNote,PREVENTS,发动机安全管理系统_火灾爆炸风险,FaultPhenomenon,禁止使用启动喷雾可防止引发爆炸风险,发动机::D16维护保养手册,发动机::D16维护保养手册::chunk_0
REL_001155,发动机安全管理系统_通用_高压清洗禁忌,SafetyNote,PREVENTS,发动机安全管理系统_发动机_电子元件损坏,FaultPhenomenon,禁止高压水冲洗电气部件可防止电子元件损坏,发动机::D16维护保养手册,发动机::D16维护保养手册::chunk_20;发动机::D16维护保养手册::chunk_21;发动机::D16维护保养手册::chunk_22;发动机::D16维护保养手册::chunk_23
REL_001156,发动机安全管理系统_通风安全要求,SafetyNote,PREVENTS,发动机安全管理系统_人身伤害风险,FaultPhenomenon,遵守通风要求可防止废气中毒等人身伤害,发动机::D16维护保养手册,发动机::D16维护保养手册::chunk_0
REL_001157,发动机安全管理系统_通风安全要求,SafetyNote,PREVENTS,发动机安全管理系统_火灾爆炸风险,FaultPhenomenon,良好通风可防止易燃气体积聚引发火灾爆炸,发动机::D16维护保养手册,发动机::D16维护保养手册::chunk_0
REL_001158,发动机安全管理系统_预防性保养,RepairMethod,PREVENTS,发动机安全管理系统_非计划停机,FaultPhenomenon,实施预防性保养可防止非计划停机故障发生,发动机::D16维护保养手册,发动机::D16维护保养手册::chunk_7
REL_001159,发动机安全管理系统_高温表面警告,SafetyNote,PREVENTS,发动机安全管理系统_人身伤害风险,FaultPhenomenon,注意高温表面可防止烫伤等人身伤害,发动机::D16维护保养手册,发动机::D16维护保养手册::chunk_0
REL_001160,发动机起动锁定,SafetyNote,PREVENTS,爆炸与火灾危险,FaultPhenomenon,发动机起动锁定安全措施防止爆炸与火灾危险故障,发动机::D8维护保养手册,发动机::D8维护保养手册::chunk_0;发动机::D8维护保养手册::chunk_1;发动机::D8维护保养手册::chunk_2;发动机::D8维护保养手册::chunk_3
REL_001161,爆炸与火灾危险,FaultPhenomenon,CAUSED_BY,无气门室盖起动,FaultCause,爆炸与火灾危险故障由无气门室盖起动原因导致,发动机::D8维护保养手册,发动机::D8维护保养手册::chunk_0;发动机::D8维护保养手册::chunk_1;发动机::D8维护保养手册::chunk_2;发动机::D8维护保养手册::chunk_3
REL_001162,电气系统作业电源隔离,SafetyNote,PREVENTS,交流发电机与电子装置损坏,FaultPhenomenon,电气系统作业电源隔离安全措施防止交流发电机与电子装置损坏故障,发动机::D8维护保养手册,发动机::D8维护保养手册::chunk_0;发动机::D8维护保养手册::chunk_1;发动机::D8维护保养手册::chunk_2;发动机::D8维护保养手册::chunk_3
REL_001163,375 现场手操器,Equipment,CONTROLS,Rosemount 3051S 无线压力变送器,Equipment,375 现场手操器通过有线连接对变送器进行组态控制,液压::参考手册-rosemount-3051s-无线系列产品-zh-cn-10755064,液压::参考手册-rosemount-3051s-无线系列产品-zh-cn-10755064::chunk_1
REL_001164,AMS 软件,Equipment,CONTROLS,Rosemount 3051S 无线压力变送器,Equipment,AMS 软件通过无线或直连方式对变送器进行组态控制,液压::参考手册-rosemount-3051s-无线系列产品-zh-cn-10755064,液压::参考手册-rosemount-3051s-无线系列产品-zh-cn-10755064::chunk_1
REL_001165,Rosemount 3051S 无线压力变送器,Equipment,CONNECTS_TO,375 现场手操器,Equipment,无线压力变送器可通过端线板通讯端子连接现场手操器,液压::参考手册-rosemount-3051s-无线系列产品-zh-cn-10755064,液压::参考手册-rosemount-3051s-无线系列产品-zh-cn-10755064::chunk_1
REL_001166,Rosemount 3051S 无线压力变送器,Equipment,CONNECTS_TO,WirelessHART 监测网络系统_Rosemount 304 一体化阀组,Equipment,变送器可连接 304 型阀组进行过程控制,液压::参考手册-rosemount-3051s-无线系列产品-zh-cn-10755064,液压::参考手册-rosemount-3051s-无线系列产品-zh-cn-10755064::chunk_7
REL_001167,Rosemount 3051S 无线压力变送器,Equipment,CONNECTS_TO,WirelessHART 监测网络系统_Rosemount 305 一体化阀组,Equipment,变送器可连接 305 型阀组进行过程控制,液压::参考手册-rosemount-3051s-无线系列产品-zh-cn-10755064,液压::参考手册-rosemount-3051s-无线系列产品-zh-cn-10755064::chunk_7
REL_001168,Rosemount 3051S 无线压力变送器,Equipment,CONNECTS_TO,WirelessHART 监测网络系统_Rosemount 306 一体化阀组,Equipment,变送器可连接 306 型阀组进行过程控制,液压::参考手册-rosemount-3051s-无线系列产品-zh-cn-10755064,液压::参考手册-rosemount-3051s-无线系列产品-zh-cn-10755064::chunk_7
REL_001169,Rosemount 3051S 无线压力变送器,Equipment,CONNECTS_TO,智能无线网关,Equipment,无线压力变送器通过无线网络物理连接至智能无线网关,液压::参考手册-rosemount-3051s-无线系列产品-zh-cn-10755064,液压::参考手册-rosemount-3051s-无线系列产品-zh-cn-10755064::chunk_1
REL_001170,Rosemount 3051S 无线压力变送器,Equipment,DIAGNOSED_BY,Rosemount 3051S 无线压力变送器_查看写保护设定,DiagnosticMethod,变送器写保护状态可通过该方法诊断,液压::参考手册-rosemount-3051s-无线系列产品-zh-cn-10755064,液压::参考手册-rosemount-3051s-无线系列产品-zh-cn-10755064::chunk_3
REL_001171,Rosemount 3051S 无线压力变送器,Equipment,DIAGNOSED_BY,Rosemount 3051S 无线压力变送器_查看连接状态,DiagnosticMethod,变送器连接问题可通过查看连接状态诊断,液压::参考手册-rosemount-3051s-无线系列产品-zh-cn-10755064,液压::参考手册-rosemount-3051s-无线系列产品-zh-cn-10755064::chunk_4
REL_001172,Rosemount 3051S 无线压力变送器,Equipment,HAS_COMPONENT,Rosemount 3051S 无线压力变送器_Coplanar 过程法兰,Component,变送器内部包含过程连接法兰,液压::参考手册-rosemount-3051s-无线系列产品-zh-cn-10755064,液压::参考手册-rosemount-3051s-无线系列产品-zh-cn-10755064::chunk_6
REL_001173,Rosemount 3051S 无线压力变送器,Equipment,HAS_COMPONENT,Rosemount 3051S 无线压力变送器_LCD 显示屏,Component,变送器主体包含 LCD 显示模块组件,液压::参考手册-rosemount-3051s-无线系列产品-zh-cn-10755064,液压::参考手册-rosemount-3051s-无线系列产品-zh-cn-10755064::chunk_3
REL_001174,Rosemount 3051S 无线压力变送器,Equipment,HAS_COMPONENT,Rosemount 3051S 无线压力变送器_RF 避雷器,Component,变送器射频链路需配置避雷器组件,液压::参考手册-rosemount-3051s-无线系列产品-zh-cn-10755064,液压::参考手册-rosemount-3051s-无线系列产品-zh-cn-10755064::chunk_11
REL_001175,Rosemount 3051S 无线压力变送器,Equipment,HAS_COMPONENT,Rosemount 3051S 无线压力变送器_SuperModule,Component,变送器内部包含核心传感模块,液压::参考手册-rosemount-3051s-无线系列产品-zh-cn-10755064,液压::参考手册-rosemount-3051s-无线系列产品-zh-cn-10755064::chunk_6
REL_001176,Rosemount 3051S 无线压力变送器,Equipment,HAS_COMPONENT,Rosemount 3051S 无线压力变送器_同轴电缆,Component,远程天线方案中变送器通过同轴电缆连接,液压::参考手册-rosemount-3051s-无线系列产品-zh-cn-10755064,液压::参考手册-rosemount-3051s-无线系列产品-zh-cn-10755064::chunk_11
REL_001177,Rosemount 3051S 无线压力变送器,Equipment,HAS_COMPONENT,Rosemount 3051S 无线压力变送器_外壳,Component,变送器包含可旋转的外壳组件,液压::参考手册-rosemount-3051s-无线系列产品-zh-cn-10755064,液压::参考手册-rosemount-3051s-无线系列产品-zh-cn-10755064::chunk_7
REL_001178,Rosemount 3051S 无线压力变送器,Equipment,HAS_COMPONENT,Rosemount 3051S 无线压力变送器_天线,Component,无线压力变送器包含天线组件用于无线通信,液压::参考手册-rosemount-3051s-无线系列产品-zh-cn-10755064,液压::参考手册-rosemount-3051s-无线系列产品-zh-cn-10755064::chunk_5
REL_001179,Rosemount 3051S 无线压力变送器,Equipment,HAS_COMPONENT,Rosemount 3051S 无线压力变送器_导压管,Component,变送器测量回路包含导压管组件,液压::参考手册-rosemount-3051s-无线系列产品-zh-cn-10755064,液压::参考手册-rosemount-3051s-无线系列产品-zh-cn-10755064::chunk_6
REL_001180,Rosemount 3051S 无线压力变送器,Equipment,HAS_COMPONENT,Rosemount 3051S 无线压力变送器_法兰适配器,Component,变送器包含用于过程连接的法兰适配器,液压::参考手册-rosemount-3051s-无线系列产品-zh-cn-10755064,液压::参考手册-rosemount-3051s-无线系列产品-zh-cn-10755064::chunk_7
REL_001181,Rosemount 3051S 无线压力变送器,Equipment,HAS_COMPONENT,Rosemount 3051S 无线压力变送器_电源模块,Component,无线压力变送器内部包含独立封装的电源模块组件,液压::参考手册-rosemount-3051s-无线系列产品-zh-cn-10755064,液压::参考手册-rosemount-3051s-无线系列产品-zh-cn-10755064::chunk_1
REL_001182,Rosemount 3051S 无线压力变送器,Equipment,HAS_COMPONENT,Rosemount 3051S 无线压力变送器_端线板,Component,变送器内部包含端线板作为电气连接组件,液压::参考手册-rosemount-3051s-无线系列产品-zh-cn-10755064,液压::参考手册-rosemount-3051s-无线系列产品-zh-cn-10755064::chunk_11
REL_001183,Rosemount 3051S 无线压力变送器,Equipment,HAS_COMPONENT,Rosemount 3051S 无线压力变送器_设备描述符,Component,无线压力变送器正常运行依赖正确的设备描述符软件模块,液压::参考手册-rosemount-3051s-无线系列产品-zh-cn-10755064,液压::参考手册-rosemount-3051s-无线系列产品-zh-cn-10755064::chunk_1
REL_001184,Rosemount 3051S 无线压力变送器,Equipment,HAS_FAULT,Rosemount 3051S 无线压力变送器_测量误差,FaultPhenomenon,变送器可能出现测量误差故障现象,液压::参考手册-rosemount-3051s-无线系列产品-zh-cn-10755064,液压::参考手册-rosemount-3051s-无线系列产品-zh-cn-10755064::chunk_6
REL_001185,Rosemount 3051S 无线压力变送器,Equipment,HAS_FAULT,Rosemount 3051S 无线压力变送器_设备未连入网络,FaultPhenomenon,无线压力变送器可能出现无法与主机系统通讯的故障,液压::参考手册-rosemount-3051s-无线系列产品-zh-cn-10755064,液压::参考手册-rosemount-3051s-无线系列产品-zh-cn-10755064::chunk_1
REL_001186,Rosemount 3051S 无线压力变送器,Equipment,HAS_FAULT,Rosemount 3051S 无线压力变送器_通讯连接失败,FaultPhenomenon,无线压力变送器可能出现通讯设备或 AMS 未能连接的故障,液压::参考手册-rosemount-3051s-无线系列产品-zh-cn-10755064,液压::参考手册-rosemount-3051s-无线系列产品-zh-cn-10755064::chunk_1
REL_001187,Rosemount 3051S 无线压力变送器,Equipment,HAS_FAULT,Rosemount 3051S 无线压力变送器_零点发生偏移,FaultPhenomenon,变送器可能出现零点发生偏移的故障现象,液压::参考手册-rosemount-3051s-无线系列产品-zh-cn-10755064,液压::参考手册-rosemount-3051s-无线系列产品-zh-cn-10755064::chunk_5
REL_001188,Rosemount 3051S 无线压力变送器,Equipment,HAS_PARAMETER,Rosemount 3051S 无线压力变送器_一级变量 PV,Parameter,变送器包含可配置的一级变量参数,液压::参考手册-rosemount-3051s-无线系列产品-zh-cn-10755064,液压::参考手册-rosemount-3051s-无线系列产品-zh-cn-10755064::chunk_4
REL_001189,Rosemount 3051S 无线压力变送器,Equipment,HAS_PARAMETER,Rosemount 3051S 无线压力变送器_三级变量 TV,Parameter,变送器包含可配置的三级变量参数,液压::参考手册-rosemount-3051s-无线系列产品-zh-cn-10755064,液压::参考手册-rosemount-3051s-无线系列产品-zh-cn-10755064::chunk_4
REL_001190,Rosemount 3051S 无线压力变送器,Equipment,HAS_PARAMETER,Rosemount 3051S 无线压力变送器_二级变量 SV,Parameter,变送器包含可配置的二级变量参数,液压::参考手册-rosemount-3051s-无线系列产品-zh-cn-10755064,液压::参考手册-rosemount-3051s-无线系列产品-zh-cn-10755064::chunk_4
REL_001191,Rosemount 3051S 无线压力变送器,Equipment,HAS_PARAMETER,Rosemount 3051S 无线压力变送器_传感器温度单位,Parameter,变送器核心监测参数包含传感器温度,液压::参考手册-rosemount-3051s-无线系列产品-zh-cn-10755064,液压::参考手册-rosemount-3051s-无线系列产品-zh-cn-10755064::chunk_2
REL_001192,Rosemount 3051S 无线压力变送器,Equipment,HAS_PARAMETER,Rosemount 3051S 无线压力变送器_低警示值,Parameter,变送器支持低警示值参数配置,液压::参考手册-rosemount-3051s-无线系列产品-zh-cn-10755064,液压::参考手册-rosemount-3051s-无线系列产品-zh-cn-10755064::chunk_3
REL_001193,Rosemount 3051S 无线压力变送器,Equipment,HAS_PARAMETER,Rosemount 3051S 无线压力变送器_供电电压,Parameter,变送器核心监测参数包含过程压力,液压::参考手册-rosemount-3051s-无线系列产品-zh-cn-10755064,液压::参考手册-rosemount-3051s-无线系列产品-zh-cn-10755064::chunk_2
REL_001194,Rosemount 3051S 无线压力变送器,Equipment,HAS_PARAMETER,Rosemount 3051S 无线压力变送器_写保护设定,Parameter,变送器具备写保护设定参数,液压::参考手册-rosemount-3051s-无线系列产品-zh-cn-10755064,液压::参考手册-rosemount-3051s-无线系列产品-zh-cn-10755064::chunk_3
REL_001195,Rosemount 3051S 无线压力变送器,Equipment,HAS_PARAMETER,Rosemount 3051S 无线压力变送器_变量映射模式,Parameter,变送器支持变量映射模式的配置参数,液压::参考手册-rosemount-3051s-无线系列产品-zh-cn-10755064,液压::参考手册-rosemount-3051s-无线系列产品-zh-cn-10755064::chunk_4
REL_001196,Rosemount 3051S 无线压力变送器,Equipment,HAS_PARAMETER,Rosemount 3051S 无线压力变送器_四级变量 QV,Parameter,变送器包含可配置的四级变量参数,液压::参考手册-rosemount-3051s-无线系列产品-zh-cn-10755064,液压::参考手册-rosemount-3051s-无线系列产品-zh-cn-10755064::chunk_4
REL_001197,Rosemount 3051S 无线压力变送器,Equipment,HAS_PARAMETER,Rosemount 3051S 无线压力变送器_导压管倾斜度要求,Parameter,变送器导压管安装需满足倾斜度参数,液压::参考手册-rosemount-3051s-无线系列产品-zh-cn-10755064,液压::参考手册-rosemount-3051s-无线系列产品-zh-cn-10755064::chunk_6
REL_001198,Rosemount 3051S 无线压力变送器,Equipment,HAS_PARAMETER,Rosemount 3051S 无线压力变送器_平方根值,Parameter,变送器流量组态中包含平方根值参数,液压::参考手册-rosemount-3051s-无线系列产品-zh-cn-10755064,液压::参考手册-rosemount-3051s-无线系列产品-zh-cn-10755064::chunk_4
REL_001199,Rosemount 3051S 无线压力变送器,Equipment,HAS_PARAMETER,Rosemount 3051S 无线压力变送器_换算变量单位,Parameter,变送器支持换算变量单位定义,液压::参考手册-rosemount-3051s-无线系列产品-zh-cn-10755064,液压::参考手册-rosemount-3051s-无线系列产品-zh-cn-10755064::chunk_3
REL_001200,Rosemount 3051S 无线压力变送器,Equipment,HAS_PARAMETER,Rosemount 3051S 无线压力变送器_排放阀拧紧扭矩,Parameter,设备排放阀安装需参考特定的扭矩参数,液压::参考手册-rosemount-3051s-无线系列产品-zh-cn-10755064,液压::参考手册-rosemount-3051s-无线系列产品-zh-cn-10755064::chunk_11
REL_001201,Rosemount 3051S 无线压力变送器,Equipment,HAS_PARAMETER,Rosemount 3051S 无线压力变送器_控制回路模式,Parameter,变送器具有控制回路模式参数,液压::参考手册-rosemount-3051s-无线系列产品-zh-cn-10755064,液压::参考手册-rosemount-3051s-无线系列产品-zh-cn-10755064::chunk_3
REL_001202,Rosemount 3051S 无线压力变送器,Equipment,HAS_PARAMETER,Rosemount 3051S 无线压力变送器_更新速率,Parameter,无线压力变送器具有可组态的测量值传送更新速率参数,液压::参考手册-rosemount-3051s-无线系列产品-zh-cn-10755064,液压::参考手册-rosemount-3051s-无线系列产品-zh-cn-10755064::chunk_1
REL_001203,Rosemount 3051S 无线压力变送器,Equipment,HAS_PARAMETER,Rosemount 3051S 无线压力变送器_法兰螺栓初始扭矩值,Parameter,变送器安装需遵循初始扭矩参数,液压::参考手册-rosemount-3051s-无线系列产品-zh-cn-10755064,液压::参考手册-rosemount-3051s-无线系列产品-zh-cn-10755064::chunk_6
REL_001204,Rosemount 3051S 无线压力变送器,Equipment,HAS_PARAMETER,Rosemount 3051S 无线压力变送器_法兰螺栓最终扭矩值,Parameter,变送器安装需遵循最终扭矩参数,液压::参考手册-rosemount-3051s-无线系列产品-zh-cn-10755064,液压::参考手册-rosemount-3051s-无线系列产品-zh-cn-10755064::chunk_6
REL_001205,Rosemount 3051S 无线压力变送器,Equipment,HAS_PARAMETER,Rosemount 3051S 无线压力变送器_流量下限截止值,Parameter,变送器支持流量下限截止值设置,液压::参考手册-rosemount-3051s-无线系列产品-zh-cn-10755064,液压::参考手册-rosemount-3051s-无线系列产品-zh-cn-10755064::chunk_3
REL_001206,Rosemount 3051S 无线压力变送器,Equipment,HAS_PARAMETER,Rosemount 3051S 无线压力变送器_流量下限截止模式,Parameter,变送器流量组态中包含下限截止模式参数,液压::参考手册-rosemount-3051s-无线系列产品-zh-cn-10755064,液压::参考手册-rosemount-3051s-无线系列产品-zh-cn-10755064::chunk_4
REL_001207,Rosemount 3051S 无线压力变送器,Equipment,HAS_PARAMETER,Rosemount 3051S 无线压力变送器_线性偏量,Parameter,变送器支持线性偏量参数设置,液压::参考手册-rosemount-3051s-无线系列产品-zh-cn-10755064,液压::参考手册-rosemount-3051s-无线系列产品-zh-cn-10755064::chunk_3
REL_001208,Rosemount 3051S 无线压力变送器,Equipment,HAS_PARAMETER,Rosemount 3051S 无线压力变送器_网络连接状态,Parameter,Rosemount 3051S 无线压力变送器具有网络连接状态运行参数,液压::参考手册-rosemount-3051s-无线系列产品-zh-cn-10755064,液压::参考手册-rosemount-3051s-无线系列产品-zh-cn-10755064::chunk_8
REL_001209,Rosemount 3051S 无线压力变送器,Equipment,HAS_PARAMETER,Rosemount 3051S 无线压力变送器_螺栓材料,Parameter,变送器安装需确认螺栓材料规格,液压::参考手册-rosemount-3051s-无线系列产品-zh-cn-10755064,液压::参考手册-rosemount-3051s-无线系列产品-zh-cn-10755064::chunk_6
REL_001210,Rosemount 3051S 无线压力变送器,Equipment,HAS_PARAMETER,Rosemount 3051S 无线压力变送器_设备状态,Parameter,Rosemount 3051S 无线压力变送器具有设备状态运行参数,液压::参考手册-rosemount-3051s-无线系列产品-zh-cn-10755064,液压::参考手册-rosemount-3051s-无线系列产品-zh-cn-10755064::chunk_8
REL_001211,Rosemount 3051S 无线压力变送器,Equipment,HAS_PARAMETER,Rosemount 3051S 无线压力变送器_软件版本,Parameter,变送器设备信息参数包含软件版本,液压::参考手册-rosemount-3051s-无线系列产品-zh-cn-10755064,液压::参考手册-rosemount-3051s-无线系列产品-zh-cn-10755064::chunk_2
REL_001212,Rosemount 3051S 无线压力变送器,Equipment,HAS_PARAMETER,Rosemount 3051S 无线压力变送器_过程变量单位,Parameter,变送器可配置参数包含过程变量单位,液压::参考手册-rosemount-3051s-无线系列产品-zh-cn-10755064,液压::参考手册-rosemount-3051s-无线系列产品-zh-cn-10755064::chunk_2
REL_001213,Rosemount 3051S 无线压力变送器,Equipment,HAS_PARAMETER,Rosemount 3051S 无线压力变送器_过程法兰温度限值_惰性材料,Parameter,变送器过程法兰有惰性材料温度限值参数,液压::参考手册-rosemount-3051s-无线系列产品-zh-cn-10755064,液压::参考手册-rosemount-3051s-无线系列产品-zh-cn-10755064::chunk_6
REL_001214,Rosemount 3051S 无线压力变送器,Equipment,HAS_PARAMETER,Rosemount 3051S 无线压力变送器_过程法兰温度限值_硅油,Parameter,变送器过程法兰有硅油温度限值参数,液压::参考手册-rosemount-3051s-无线系列产品-zh-cn-10755064,液压::参考手册-rosemount-3051s-无线系列产品-zh-cn-10755064::chunk_6
REL_001215,Rosemount 3051S 无线压力变送器,Equipment,HAS_PARAMETER,Rosemount 3051S 无线压力变送器_高警示值,Parameter,变送器支持高警示值参数配置,液压::参考手册-rosemount-3051s-无线系列产品-zh-cn-10755064,液压::参考手册-rosemount-3051s-无线系列产品-zh-cn-10755064::chunk_3
REL_001216,Rosemount 3051S 无线压力变送器,Equipment,HAS_SAFETY_NOTE,Rosemount 3051S 无线压力变送器_O 形圈凹槽保护,SafetyNote,设备维护时需注意保护 O 形圈凹槽免受损伤,液压::参考手册-rosemount-3051s-无线系列产品-zh-cn-10755064,液压::参考手册-rosemount-3051s-无线系列产品-zh-cn-10755064::chunk_11
REL_001217,Rosemount 3051S 无线压力变送器,Equipment,HAS_SAFETY_NOTE,Rosemount 3051S 无线压力变送器_写保护安全功能,SafetyNote,变送器操作需注意写保护安全功能,液压::参考手册-rosemount-3051s-无线系列产品-zh-cn-10755064,液压::参考手册-rosemount-3051s-无线系列产品-zh-cn-10755064::chunk_3
REL_001218,Rosemount 3051S 无线压力变送器,Equipment,HAS_SAFETY_NOTE,Rosemount 3051S 无线压力变送器_加压前拧紧螺栓安全,SafetyNote,变送器安装需遵守加压前拧紧螺栓的安全规定,液压::参考手册-rosemount-3051s-无线系列产品-zh-cn-10755064,液压::参考手册-rosemount-3051s-无线系列产品-zh-cn-10755064::chunk_6
REL_001219,Rosemount 3051S 无线压力变送器,Equipment,HAS_SAFETY_NOTE,Rosemount 3051S 无线压力变送器_危险物质处理安全,SafetyNote,处理接触危险物质的变送器时需遵守 MSDS 附带规定,液压::参考手册-rosemount-3051s-无线系列产品-zh-cn-10755064,液压::参考手册-rosemount-3051s-无线系列产品-zh-cn-10755064::chunk_1
REL_001220,Rosemount 3051S 无线压力变送器,Equipment,HAS_SAFETY_NOTE,Rosemount 3051S 无线压力变送器_外壳盖金属接触安全,SafetyNote,变送器外壳盖安装需遵循金属接触安全规范,液压::参考手册-rosemount-3051s-无线系列产品-zh-cn-10755064,液压::参考手册-rosemount-3051s-无线系列产品-zh-cn-10755064::chunk_2
REL_001221,Rosemount 3051S 无线压力变送器,Equipment,HAS_SAFETY_NOTE,Rosemount 3051S 无线压力变送器_天线安全间距,SafetyNote,安装变送器时必须保证天线与人员之间至少有 20 厘米间距,液压::参考手册-rosemount-3051s-无线系列产品-zh-cn-10755064,液压::参考手册-rosemount-3051s-无线系列产品-zh-cn-10755064::chunk_1
REL_001222,Rosemount 3051S 无线压力变送器,Equipment,HAS_SAFETY_NOTE,Rosemount 3051S 无线压力变送器_工作状态禁止拆卸螺栓,SafetyNote,变送器维护需遵守工作状态禁止拆卸螺栓的安全规定,液压::参考手册-rosemount-3051s-无线系列产品-zh-cn-10755064,液压::参考手册-rosemount-3051s-无线系列产品-zh-cn-10755064::chunk_6
REL_001223,Rosemount 3051S 无线压力变送器,Equipment,HAS_SAFETY_NOTE,Rosemount 3051S 无线压力变送器_平衡阀操作顺序,SafetyNote,Rosemount 3051S 无线压力变送器操作平衡阀时需遵循特定顺序以防故障,液压::参考手册-rosemount-3051s-无线系列产品-zh-cn-10755064,液压::参考手册-rosemount-3051s-无线系列产品-zh-cn-10755064::chunk_8
REL_001224,Rosemount 3051S 无线压力变送器,Equipment,HAS_SAFETY_NOTE,Rosemount 3051S 无线压力变送器_电池放电后危险,SafetyNote,变送器电池模块即使放电后仍存在危险需注意,液压::参考手册-rosemount-3051s-无线系列产品-zh-cn-10755064,液压::参考手册-rosemount-3051s-无线系列产品-zh-cn-10755064::chunk_2
REL_001225,Rosemount 3051S 无线压力变送器,Equipment,HAS_SAFETY_NOTE,Rosemount 3051S 无线压力变送器_电源模块跌落安全,SafetyNote,变送器电源模块操作需遵循防跌落安全规范,液压::参考手册-rosemount-3051s-无线系列产品-zh-cn-10755064,液压::参考手册-rosemount-3051s-无线系列产品-zh-cn-10755064::chunk_2
REL_001226,Rosemount 3051S 无线压力变送器,Equipment,HAS_SAFETY_NOTE,Rosemount 3051S 无线压力变送器_螺栓润滑禁忌,SafetyNote,变送器安装螺栓时需注意不应额外涂敷润滑剂的禁忌,液压::参考手册-rosemount-3051s-无线系列产品-zh-cn-10755064,液压::参考手册-rosemount-3051s-无线系列产品-zh-cn-10755064::chunk_5
REL_001227,Rosemount 3051S 无线压力变送器,Equipment,HAS_SAFETY_NOTE,Rosemount 3051S 无线压力变送器_过程流体接触危险,SafetyNote,变送器安装需注意防止过程流体接触人员的安全事项,液压::参考手册-rosemount-3051s-无线系列产品-zh-cn-10755064,液压::参考手册-rosemount-3051s-无线系列产品-zh-cn-10755064::chunk_5
REL_001228,Rosemount 3051S 无线压力变送器,Equipment,HAS_SAFETY_NOTE,Rosemount 3051S 无线压力变送器_避雷器接地规范,SafetyNote,设备防雷组件安装有严格的接地安全规范,液压::参考手册-rosemount-3051s-无线系列产品-zh-cn-10755064,液压::参考手册-rosemount-3051s-无线系列产品-zh-cn-10755064::chunk_11
REL_001229,Rosemount 3051S 无线压力变送器,Equipment,HAS_SAFETY_NOTE,Rosemount 3051S 无线压力变送器_金属紧贴金属密封,SafetyNote,变送器外壳安装需遵守金属紧贴金属密封的安全要求,液压::参考手册-rosemount-3051s-无线系列产品-zh-cn-10755064,液压::参考手册-rosemount-3051s-无线系列产品-zh-cn-10755064::chunk_5
REL_001230,Rosemount 3051S 无线压力变送器,Equipment,HAS_SAFETY_NOTE,Rosemount 3051S 无线压力变送器_锂电池运输安全,SafetyNote,变送器含锂电池，运输时需遵守危险品监管规定并移除模块,液压::参考手册-rosemount-3051s-无线系列产品-zh-cn-10755064,液压::参考手册-rosemount-3051s-无线系列产品-zh-cn-10755064::chunk_1
REL_001231,Rosemount 3051S 无线压力变送器,Equipment,HAS_SAFETY_NOTE,Rosemount 3051S 无线压力变送器_零点调整压力安全,SafetyNote,Rosemount 3051S 无线压力变送器在零点调整时需遵守压力安全禁忌,液压::参考手册-rosemount-3051s-无线系列产品-zh-cn-10755064,液压::参考手册-rosemount-3051s-无线系列产品-zh-cn-10755064::chunk_8
REL_001232,Rosemount 3051S 无线压力变送器,Equipment,HAS_SAFETY_NOTE,Rosemount 3051S 无线压力变送器_高温过程材料接触禁忌,SafetyNote,变送器安装需遵守高温过程材料接触禁忌的安全规定,液压::参考手册-rosemount-3051s-无线系列产品-zh-cn-10755064,液压::参考手册-rosemount-3051s-无线系列产品-zh-cn-10755064::chunk_6
REL_001233,Rosemount 3051S 无线压力变送器,Equipment,REPAIRED_BY,Rosemount 3051S 无线压力变送器_主设备复位,RepairMethod,变送器电子部件故障可通过主设备复位修复,液压::参考手册-rosemount-3051s-无线系列产品-zh-cn-10755064,液压::参考手册-rosemount-3051s-无线系列产品-zh-cn-10755064::chunk_4
REL_001234,Rosemount 3051S 无线压力变送器,Equipment,REPAIRED_BY,Rosemount 3051S 无线压力变送器_交叉模式拧紧螺栓,RepairMethod,变送器机械紧固需采用交叉模式拧紧方法,液压::参考手册-rosemount-3051s-无线系列产品-zh-cn-10755064,液压::参考手册-rosemount-3051s-无线系列产品-zh-cn-10755064::chunk_6
REL_001235,Rosemount 3051S 无线压力变送器,Equipment,REPAIRED_BY,Rosemount 3051S 无线压力变送器_变量重映射,RepairMethod,变送器变量映射错误可通过重映射方法修复,液压::参考手册-rosemount-3051s-无线系列产品-zh-cn-10755064,液压::参考手册-rosemount-3051s-无线系列产品-zh-cn-10755064::chunk_4
REL_001236,Rosemount 3051S 无线压力变送器,Equipment,REPAIRED_BY,Rosemount 3051S 无线压力变送器_安装 RF 避雷器,RepairMethod,安装避雷器是保障设备防雷安全的维修操作,液压::参考手册-rosemount-3051s-无线系列产品-zh-cn-10755064,液压::参考手册-rosemount-3051s-无线系列产品-zh-cn-10755064::chunk_11
REL_001237,Rosemount 3051S 无线压力变送器,Equipment,REPAIRED_BY,Rosemount 3051S 无线压力变送器_安装一体化阀组,RepairMethod,通过安装阀组方法完成过程截断功能配置,液压::参考手册-rosemount-3051s-无线系列产品-zh-cn-10755064,液压::参考手册-rosemount-3051s-无线系列产品-zh-cn-10755064::chunk_7
REL_001238,Rosemount 3051S 无线压力变送器,Equipment,REPAIRED_BY,Rosemount 3051S 无线压力变送器_安装端线板,RepairMethod,端线板安装是变送器组装维修的关键步骤,液压::参考手册-rosemount-3051s-无线系列产品-zh-cn-10755064,液压::参考手册-rosemount-3051s-无线系列产品-zh-cn-10755064::chunk_11
REL_001239,Rosemount 3051S 无线压力变送器,Equipment,REPAIRED_BY,Rosemount 3051S 无线压力变送器_安装远程天线,RepairMethod,远程天线安装需遵循高度与垂直度要求,液压::参考手册-rosemount-3051s-无线系列产品-zh-cn-10755064,液压::参考手册-rosemount-3051s-无线系列产品-zh-cn-10755064::chunk_11
REL_001240,Rosemount 3051S 无线压力变送器,Equipment,REPAIRED_BY,Rosemount 3051S 无线压力变送器_导压管安装布置,RepairMethod,变送器测量回路需采用正确的导压管安装布置方法,液压::参考手册-rosemount-3051s-无线系列产品-zh-cn-10755064,液压::参考手册-rosemount-3051s-无线系列产品-zh-cn-10755064::chunk_6
REL_001241,Rosemount 3051S 无线压力变送器,Equipment,REPAIRED_BY,Rosemount 3051S 无线压力变送器_接地处理,RepairMethod,通过接地处理方法符合电气规范,液压::参考手册-rosemount-3051s-无线系列产品-zh-cn-10755064,液压::参考手册-rosemount-3051s-无线系列产品-zh-cn-10755064::chunk_7
REL_001242,Rosemount 3051S 无线压力变送器,Equipment,REPAIRED_BY,Rosemount 3051S 无线压力变送器_旋转外壳,RepairMethod,通过旋转外壳方法方便现场接线或查看,液压::参考手册-rosemount-3051s-无线系列产品-zh-cn-10755064,液压::参考手册-rosemount-3051s-无线系列产品-zh-cn-10755064::chunk_7
REL_001243,Rosemount 3051S 无线压力变送器,Equipment,REPAIRED_BY,Rosemount 3051S 无线压力变送器_无线设备加电,RepairMethod,通过安装电源模块方法恢复变送器供电,液压::参考手册-rosemount-3051s-无线系列产品-zh-cn-10755064,液压::参考手册-rosemount-3051s-无线系列产品-zh-cn-10755064::chunk_7
REL_001244,Rosemount 3051S 无线压力变送器,Equipment,REPAIRED_BY,Rosemount 3051S 无线压力变送器_法兰转接器安装,RepairMethod,变送器过程连接需采用法兰转接器安装方法,液压::参考手册-rosemount-3051s-无线系列产品-zh-cn-10755064,液压::参考手册-rosemount-3051s-无线系列产品-zh-cn-10755064::chunk_6
REL_001245,Rosemount 3051S 无线压力变送器,Equipment,REPAIRED_BY,Rosemount 3051S 无线压力变送器_组态网络参数,RepairMethod,变送器显示功能可通过该方法组态修复,液压::参考手册-rosemount-3051s-无线系列产品-zh-cn-10755064,液压::参考手册-rosemount-3051s-无线系列产品-zh-cn-10755064::chunk_3
REL_001246,Rosemount 3051S 无线压力变送器,Equipment,REPAIRED_BY,Rosemount 3051S 无线压力变送器_组态过程警戒,RepairMethod,变送器警戒功能可通过该方法组态修复,液压::参考手册-rosemount-3051s-无线系列产品-zh-cn-10755064,液压::参考手册-rosemount-3051s-无线系列产品-zh-cn-10755064::chunk_3
REL_001247,Rosemount 3051S 无线压力变送器,Equipment,REPAIRED_BY,Rosemount 3051S 无线压力变送器_重新组装过程法兰,RepairMethod,过程法兰重新组装涉及 O 形圈检查与螺栓紧固,液压::参考手册-rosemount-3051s-无线系列产品-zh-cn-10755064,液压::参考手册-rosemount-3051s-无线系列产品-zh-cn-10755064::chunk_11
REL_001248,Rosemount 3051S 无线压力变送器_LCD 显示屏,Component,HAS_PARAMETER,Rosemount 3051S 无线压力变送器_LCD 存放温度,Parameter,LCD 显示屏具有特定的存放温度参数限制,液压::参考手册-rosemount-3051s-无线系列产品-zh-cn-10755064,液压::参考手册-rosemount-3051s-无线系列产品-zh-cn-10755064::chunk_7
REL_001249,Rosemount 3051S 无线压力变送器_LCD 显示屏,Component,HAS_PARAMETER,Rosemount 3051S 无线压力变送器_LCD 工作温度,Parameter,LCD 显示屏具有特定的工作温度参数限制,液压::参考手册-rosemount-3051s-无线系列产品-zh-cn-10755064,液压::参考手册-rosemount-3051s-无线系列产品-zh-cn-10755064::chunk_7
REL_001250,Rosemount 3051S 无线压力变送器_O 形圈泄漏风险,SafetyNote,PREVENTS,Rosemount 3051S 无线压力变送器_导压管泄漏,FaultCause,注意 O 形圈密封防止导致过程介质泄漏,液压::参考手册-rosemount-3051s-无线系列产品-zh-cn-10755064,液压::参考手册-rosemount-3051s-无线系列产品-zh-cn-10755064::chunk_7
REL_001251,Rosemount 3051S 无线压力变送器_RF 避雷器,Component,CONNECTS_TO,Rosemount 3051S 无线压力变送器_同轴电缆,Component,避雷器与同轴电缆进行物理电气连接,液压::参考手册-rosemount-3051s-无线系列产品-zh-cn-10755064,液压::参考手册-rosemount-3051s-无线系列产品-zh-cn-10755064::chunk_11
REL_001252,Rosemount 3051S 无线压力变送器_主设备复位,RepairMethod,REQUIRES,375 现场手操器,Equipment,主设备复位操作依赖 375 现场手操器快捷键,液压::参考手册-rosemount-3051s-无线系列产品-zh-cn-10755064,液压::参考手册-rosemount-3051s-无线系列产品-zh-cn-10755064::chunk_4
REL_001253,Rosemount 3051S 无线压力变送器_交叉模式拧紧螺栓,RepairMethod,REQUIRES,Rosemount 3051S 无线压力变送器_法兰螺栓初始扭矩值,Parameter,拧紧螺栓方法需要参考初始扭矩值参数,液压::参考手册-rosemount-3051s-无线系列产品-zh-cn-10755064,液压::参考手册-rosemount-3051s-无线系列产品-zh-cn-10755064::chunk_6
REL_001254,Rosemount 3051S 无线压力变送器_交叉模式拧紧螺栓,RepairMethod,REQUIRES,Rosemount 3051S 无线压力变送器_法兰螺栓最终扭矩值,Parameter,拧紧螺栓方法需要参考最终扭矩值参数,液压::参考手册-rosemount-3051s-无线系列产品-zh-cn-10755064,液压::参考手册-rosemount-3051s-无线系列产品-zh-cn-10755064::chunk_6
REL_001255,Rosemount 3051S 无线压力变送器_交叉模式拧紧螺栓,RepairMethod,REQUIRES,Rosemount 3051S 无线压力变送器_螺栓材料,Parameter,拧紧螺栓方法需要确认螺栓材料参数,液压::参考手册-rosemount-3051s-无线系列产品-zh-cn-10755064,液压::参考手册-rosemount-3051s-无线系列产品-zh-cn-10755064::chunk_6
REL_001256,Rosemount 3051S 无线压力变送器_加压前拧紧螺栓安全,SafetyNote,PREVENTS,Rosemount 3051S 无线压力变送器_导压管泄漏,FaultCause,加压前拧紧螺栓安全措施可防止导压管泄漏,液压::参考手册-rosemount-3051s-无线系列产品-zh-cn-10755064,液压::参考手册-rosemount-3051s-无线系列产品-zh-cn-10755064::chunk_6
REL_001257,Rosemount 3051S 无线压力变送器_变量重映射,RepairMethod,REQUIRES,375 现场手操器,Equipment,变量重映射操作依赖 375 现场手操器,液压::参考手册-rosemount-3051s-无线系列产品-zh-cn-10755064,液压::参考手册-rosemount-3051s-无线系列产品-zh-cn-10755064::chunk_4
REL_001258,Rosemount 3051S 无线压力变送器_变量重映射,RepairMethod,REQUIRES,AMS 软件,Equipment,变量重映射操作依赖 AMS 智能设备管理系统,液压::参考手册-rosemount-3051s-无线系列产品-zh-cn-10755064,液压::参考手册-rosemount-3051s-无线系列产品-zh-cn-10755064::chunk_4
REL_001259,Rosemount 3051S 无线压力变送器_天线,Component,HAS_SAFETY_NOTE,Rosemount 3051S 无线压力变送器_天线安全间距,SafetyNote,天线组件安装需遵守与安全间距相关的安全注意事项,液压::参考手册-rosemount-3051s-无线系列产品-zh-cn-10755064,液压::参考手册-rosemount-3051s-无线系列产品-zh-cn-10755064::chunk_5
REL_001260,Rosemount 3051S 无线压力变送器_安装 RF 避雷器,RepairMethod,REQUIRES,Rosemount 3051S 无线压力变送器_避雷器接地规范,SafetyNote,安装避雷器时必须严格遵守接地规范,液压::参考手册-rosemount-3051s-无线系列产品-zh-cn-10755064,液压::参考手册-rosemount-3051s-无线系列产品-zh-cn-10755064::chunk_11
REL_001261,Rosemount 3051S 无线压力变送器_安装端线板,RepairMethod,PREVENTS,Rosemount 3051S 无线压力变送器_外壳盖金属接触安全,SafetyNote,正确安装端线板及外壳可确保金属接触安全,液压::参考手册-rosemount-3051s-无线系列产品-zh-cn-10755064,液压::参考手册-rosemount-3051s-无线系列产品-zh-cn-10755064::chunk_11
REL_001262,Rosemount 3051S 无线压力变送器_安装远程天线,RepairMethod,REQUIRES,Rosemount 3051S 无线压力变送器_天线垂直安装要求,SafetyNote,天线安装操作必须满足垂直度安全要求,液压::参考手册-rosemount-3051s-无线系列产品-zh-cn-10755064,液压::参考手册-rosemount-3051s-无线系列产品-zh-cn-10755064::chunk_11
REL_001263,Rosemount 3051S 无线压力变送器_安装远程天线,RepairMethod,REQUIRES,Rosemount 3051S 无线压力变送器_天线安装高度,Parameter,天线安装必须满足最小高度参数以确保通讯,液压::参考手册-rosemount-3051s-无线系列产品-zh-cn-10755064,液压::参考手册-rosemount-3051s-无线系列产品-zh-cn-10755064::chunk_11
REL_001264,Rosemount 3051S 无线压力变送器_导压管安装布置,RepairMethod,REQUIRES,Rosemount 3051S 无线压力变送器_导压管倾斜度要求,Parameter,导压管安装方法需要参考倾斜度要求参数,液压::参考手册-rosemount-3051s-无线系列产品-zh-cn-10755064,液压::参考手册-rosemount-3051s-无线系列产品-zh-cn-10755064::chunk_6
REL_001265,Rosemount 3051S 无线压力变送器_应用用户组态,RepairMethod,REQUIRES,AMS 软件,Equipment,应用用户组态操作必须依赖 AMS 软件环境执行,液压::参考手册-rosemount-3051s-无线系列产品-zh-cn-10755064,液压::参考手册-rosemount-3051s-无线系列产品-zh-cn-10755064::chunk_5
REL_001266,Rosemount 3051S 无线压力变送器_无线设备加电,RepairMethod,REQUIRES,智能无线网关_高速运行模式,Parameter,无线设备加电操作建议依赖网关高速运行模式以确保快速连接,液压::参考手册-rosemount-3051s-无线系列产品-zh-cn-10755064,液压::参考手册-rosemount-3051s-无线系列产品-zh-cn-10755064::chunk_5
REL_001267,Rosemount 3051S 无线压力变送器_查看连接状态,DiagnosticMethod,REQUIRES,375 现场手操器,Equipment,查看连接状态操作依赖 375 现场手操器快捷键,液压::参考手册-rosemount-3051s-无线系列产品-zh-cn-10755064,液压::参考手册-rosemount-3051s-无线系列产品-zh-cn-10755064::chunk_4
REL_001268,Rosemount 3051S 无线压力变送器_法兰转接器安装,RepairMethod,REQUIRES,Rosemount 3051S 无线压力变送器_法兰螺栓最终扭矩值,Parameter,安装适配器时需要参考法兰螺栓最终扭矩值参数,液压::参考手册-rosemount-3051s-无线系列产品-zh-cn-10755064,液压::参考手册-rosemount-3051s-无线系列产品-zh-cn-10755064::chunk_7
REL_001269,Rosemount 3051S 无线压力变送器_测量误差,FaultPhenomenon,CAUSED_BY,Rosemount 3051S 无线压力变送器_导压管摩擦损耗,FaultCause,导压管摩擦损耗是导致测量误差的原因,液压::参考手册-rosemount-3051s-无线系列产品-zh-cn-10755064,液压::参考手册-rosemount-3051s-无线系列产品-zh-cn-10755064::chunk_6
REL_001270,Rosemount 3051S 无线压力变送器_测量误差,FaultPhenomenon,CAUSED_BY,Rosemount 3051S 无线压力变送器_导压管残留气体,FaultCause,导压管残留气体是导致测量误差的原因,液压::参考手册-rosemount-3051s-无线系列产品-zh-cn-10755064,液压::参考手册-rosemount-3051s-无线系列产品-zh-cn-10755064::chunk_6
REL_001271,Rosemount 3051S 无线压力变送器_测量误差,FaultPhenomenon,CAUSED_BY,Rosemount 3051S 无线压力变送器_导压管泄漏,FaultCause,导压管泄漏是导致测量误差的原因,液压::参考手册-rosemount-3051s-无线系列产品-zh-cn-10755064,液压::参考手册-rosemount-3051s-无线系列产品-zh-cn-10755064::chunk_6
REL_001272,Rosemount 3051S 无线压力变送器_测量误差,FaultPhenomenon,CAUSED_BY,Rosemount 3051S 无线压力变送器_支管密度差异,FaultCause,支管密度差异是导致测量误差的原因,液压::参考手册-rosemount-3051s-无线系列产品-zh-cn-10755064,液压::参考手册-rosemount-3051s-无线系列产品-zh-cn-10755064::chunk_6
REL_001273,Rosemount 3051S 无线压力变送器_爆炸环境禁止带电拆卸盖,SafetyNote,PREVENTS,Rosemount 3051S 无线压力变送器_通讯连接失败,FaultPhenomenon,遵守防爆安全注意防止因爆炸导致的设备损坏或通讯中断,液压::参考手册-rosemount-3051s-无线系列产品-zh-cn-10755064,液压::参考手册-rosemount-3051s-无线系列产品-zh-cn-10755064::chunk_7
REL_001274,Rosemount 3051S 无线压力变送器_移除电源模块,RepairMethod,PREVENTS,Rosemount 3051S 无线压力变送器_锂电池运输安全,SafetyNote,发运前移除电源模块可防止锂电池运输过程中的安全风险,液压::参考手册-rosemount-3051s-无线系列产品-zh-cn-10755064,液压::参考手册-rosemount-3051s-无线系列产品-zh-cn-10755064::chunk_1
REL_001275,Rosemount 3051S 无线压力变送器_组态网络参数,RepairMethod,REQUIRES,375 现场手操器,Equipment,组态换算变量可使用 375 手操器执行,液压::参考手册-rosemount-3051s-无线系列产品-zh-cn-10755064,液压::参考手册-rosemount-3051s-无线系列产品-zh-cn-10755064::chunk_3
REL_001276,Rosemount 3051S 无线压力变送器_组态网络参数,RepairMethod,REQUIRES,AMS 软件,Equipment,组态换算变量可使用 AMS 软件执行,液压::参考手册-rosemount-3051s-无线系列产品-zh-cn-10755064,液压::参考手册-rosemount-3051s-无线系列产品-zh-cn-10755064::chunk_3
REL_001277,Rosemount 3051S 无线压力变送器_组态网络参数,RepairMethod,REQUIRES,Rosemount 3051S 无线压力变送器_LCD 显示屏,Component,组态显示方法依赖 LCD 显示屏组件,液压::参考手册-rosemount-3051s-无线系列产品-zh-cn-10755064,液压::参考手册-rosemount-3051s-无线系列产品-zh-cn-10755064::chunk_3
REL_001278,Rosemount 3051S 无线压力变送器_组态网络参数,RepairMethod,REQUIRES,Rosemount 3051S 无线压力变送器_控制回路模式,Parameter,组态换算变量前需将回路设为手动模式,液压::参考手册-rosemount-3051s-无线系列产品-zh-cn-10755064,液压::参考手册-rosemount-3051s-无线系列产品-zh-cn-10755064::chunk_3
REL_001279,Rosemount 3051S 无线压力变送器_组态过程警戒,RepairMethod,REQUIRES,Rosemount 3051S 无线压力变送器_低警示值,Parameter,组态警戒方法需要设定低警示值,液压::参考手册-rosemount-3051s-无线系列产品-zh-cn-10755064,液压::参考手册-rosemount-3051s-无线系列产品-zh-cn-10755064::chunk_3
REL_001280,Rosemount 3051S 无线压力变送器_组态过程警戒,RepairMethod,REQUIRES,Rosemount 3051S 无线压力变送器_高警示值,Parameter,组态警戒方法需要设定高警示值,液压::参考手册-rosemount-3051s-无线系列产品-zh-cn-10755064,液压::参考手册-rosemount-3051s-无线系列产品-zh-cn-10755064::chunk_3
REL_001281,Rosemount 3051S 无线压力变送器_设备未连入网络,FaultPhenomenon,REPAIRED_BY,Rosemount 3051S 无线压力变送器_组态网络参数,RepairMethod,重新组态匹配的网络 ID 和连接密钥可修复设备未连入网络故障,液压::参考手册-rosemount-3051s-无线系列产品-zh-cn-10755064,液压::参考手册-rosemount-3051s-无线系列产品-zh-cn-10755064::chunk_1
REL_001282,Rosemount 3051S 无线压力变送器_设置过程变量单位,RepairMethod,REQUIRES,Rosemount 3051S 无线压力变送器_过程变量单位,Parameter,设置过程变量单位维修操作依赖于该参数配置,液压::参考手册-rosemount-3051s-无线系列产品-zh-cn-10755064,液压::参考手册-rosemount-3051s-无线系列产品-zh-cn-10755064::chunk_2
REL_001283,Rosemount 3051S 无线压力变送器_通讯连接失败,FaultPhenomenon,CAUSED_BY,Rosemount 3051S 无线压力变送器_网络 ID 或连接密钥不匹配,FaultCause,通讯连接失败通常由变送器与网关的网络 ID 或密钥不一致导致,液压::参考手册-rosemount-3051s-无线系列产品-zh-cn-10755064,液压::参考手册-rosemount-3051s-无线系列产品-zh-cn-10755064::chunk_1
REL_001284,Rosemount 3051S 无线压力变送器_通讯连接失败,FaultPhenomenon,CAUSED_BY,Rosemount 3051S 无线压力变送器_设备描述符版本过旧,FaultCause,通讯连接失败可能由系统中设备描述符版本过旧导致,液压::参考手册-rosemount-3051s-无线系列产品-zh-cn-10755064,液压::参考手册-rosemount-3051s-无线系列产品-zh-cn-10755064::chunk_1
REL_001285,Rosemount 3051S 无线压力变送器_通讯连接失败,FaultPhenomenon,DIAGNOSED_BY,Rosemount 3051S 无线压力变送器_检查 HART 能力,DiagnosticMethod,通过检查系统 HART 能力来诊断通讯连接失败的原因,液压::参考手册-rosemount-3051s-无线系列产品-zh-cn-10755064,液压::参考手册-rosemount-3051s-无线系列产品-zh-cn-10755064::chunk_1
REL_001286,Rosemount 3051S 无线压力变送器_通讯连接失败,FaultPhenomenon,DIAGNOSED_BY,Rosemount 3051S 无线压力变送器_确认设备描述符,DiagnosticMethod,通过确认设备描述符版本来诊断通讯连接失败的原因,液压::参考手册-rosemount-3051s-无线系列产品-zh-cn-10755064,液压::参考手册-rosemount-3051s-无线系列产品-zh-cn-10755064::chunk_1
REL_001287,Rosemount 3051S 无线压力变送器_通讯连接失败,FaultPhenomenon,REPAIRED_BY,Rosemount 3051S 无线压力变送器_下载最新 DD 文件,RepairMethod,下载并安装最新 DD 文件可修复因描述符过旧导致的通讯故障,液压::参考手册-rosemount-3051s-无线系列产品-zh-cn-10755064,液压::参考手册-rosemount-3051s-无线系列产品-zh-cn-10755064::chunk_1
REL_001288,Rosemount 3051S 无线压力变送器_重新盖好外壳盖,RepairMethod,PREVENTS,Rosemount 3051S 无线压力变送器_外壳盖金属接触安全,SafetyNote,正确重新盖好外壳盖可防止金属接触不良引发的安全隐患,液压::参考手册-rosemount-3051s-无线系列产品-zh-cn-10755064,液压::参考手册-rosemount-3051s-无线系列产品-zh-cn-10755064::chunk_2
REL_001289,Rosemount 3051S 无线压力变送器_重新组装过程法兰,RepairMethod,PREVENTS,Rosemount 3051S 无线压力变送器_O 形圈凹槽保护,SafetyNote,组装过程中需遵循安全注意以防止损伤 O 形圈凹槽,液压::参考手册-rosemount-3051s-无线系列产品-zh-cn-10755064,液压::参考手册-rosemount-3051s-无线系列产品-zh-cn-10755064::chunk_11
REL_001290,Rosemount 3051S 无线压力变送器_重新组装过程法兰,RepairMethod,REQUIRES,Rosemount 3051S 无线压力变送器_O 形圈更换后热处理温度,Parameter,更换 O 形圈后需满足特定温度热处理条件方可拧紧,液压::参考手册-rosemount-3051s-无线系列产品-zh-cn-10755064,液压::参考手册-rosemount-3051s-无线系列产品-zh-cn-10755064::chunk_11
REL_001291,Rosemount 3051S 无线压力变送器_阀组零点调整,RepairMethod,REQUIRES,WirelessHART 监测网络系统_Rosemount 305 一体化阀组,Equipment,零点调整操作需要依赖一体化阀组的平衡阀功能,液压::参考手册-rosemount-3051s-无线系列产品-zh-cn-10755064,液压::参考手册-rosemount-3051s-无线系列产品-zh-cn-10755064::chunk_7
REL_001292,Rosemount 3051S 无线压力变送器_零点发生偏移,FaultPhenomenon,CAUSED_BY,Rosemount 3051S 无线压力变送器_安装位置改变,FaultCause,零点偏移故障由安装位置改变导致液体压头变化引起,液压::参考手册-rosemount-3051s-无线系列产品-zh-cn-10755064,液压::参考手册-rosemount-3051s-无线系列产品-zh-cn-10755064::chunk_5
REL_001293,Rosemount 3051S 无线压力变送器_零点发生偏移,FaultPhenomenon,REPAIRED_BY,Rosemount 3051S 无线压力变送器_传感器调整,RepairMethod,零点偏移故障可通过传感器调整方法进行修复复位,液压::参考手册-rosemount-3051s-无线系列产品-zh-cn-10755064,液压::参考手册-rosemount-3051s-无线系列产品-zh-cn-10755064::chunk_5
REL_001294,Rosemount 3051S 无线压力变送器_零点发生偏移,FaultPhenomenon,REPAIRED_BY,Rosemount 3051S 无线压力变送器_阀组零点调整,RepairMethod,通过阀组零点调整方法消除安装造成的零点偏差,液压::参考手册-rosemount-3051s-无线系列产品-zh-cn-10755064,液压::参考手册-rosemount-3051s-无线系列产品-zh-cn-10755064::chunk_7
REL_001295,Rosemount 3051S 无线压力变送器_高温过程材料接触禁忌,SafetyNote,PREVENTS,Rosemount 3051S 无线压力变送器_测量误差,FaultPhenomenon,高温接触禁忌安全措施可防止测量误差,液压::参考手册-rosemount-3051s-无线系列产品-zh-cn-10755064,液压::参考手册-rosemount-3051s-无线系列产品-zh-cn-10755064::chunk_6
REL_001296,SMP Series Hydraulic Pump System,System,HAS_COMPONENT,SMP Series Hydraulic Pump_Enclosure,Equipment,系统包含外壳设备提供防护,液压::Operation and Maintenance Manual for SMP Series Hydraulic Pu,液压::Operation and Maintenance Manual for SMP Series Hydraulic Pu::chunk_1
REL_001297,SMP Series Hydraulic Pump System,System,HAS_COMPONENT,SMP Series Hydraulic Pump_Main Unit,Equipment,系统包含液压气动泵主体设备,液压::Operation and Maintenance Manual for SMP Series Hydraulic Pu,液压::Operation and Maintenance Manual for SMP Series Hydraulic Pu::chunk_2
REL_001298,SMP Series Hydraulic Pump System,System,HAS_COMPONENT,SMP Series Hydraulic Pump_Valve Pump,Equipment,系统包含阀泵设备作为核心执行单元,液压::Operation and Maintenance Manual for SMP Series Hydraulic Pu,液压::Operation and Maintenance Manual for SMP Series Hydraulic Pu::chunk_1
REL_001299,SMP Series Hydraulic Pump System,System,HAS_COMPONENT,SMP Series Hydraulic Pump_Warning Plate,Equipment,系统包含警告牌设备用于安全提示,液压::Operation and Maintenance Manual for SMP Series Hydraulic Pu,液压::Operation and Maintenance Manual for SMP Series Hydraulic Pu::chunk_1
REL_001300,SMP Series Hydraulic Pump System,System,HAS_PARAMETER,SMP Series Hydraulic Pump_Warranty Period,Parameter,系统关联保修期限参数,液压::Operation and Maintenance Manual for SMP Series Hydraulic Pu,液压::Operation and Maintenance Manual for SMP Series Hydraulic Pu::chunk_12
REL_001301,SMP Series Hydraulic Pump System,System,HAS_SAFETY_NOTE,SMP Series Hydraulic Pump_Warranty Scope,SafetyNote,系统关联保修范围安全须知,液压::Operation and Maintenance Manual for SMP Series Hydraulic Pu,液压::Operation and Maintenance Manual for SMP Series Hydraulic Pu::chunk_12
REL_001302,SMP Series Hydraulic Pump_Air Source Cut Safety,SafetyNote,PREVENTS,SMP Series Hydraulic Pump_Personal Injury,FaultPhenomenon,切断气源安全规定用于防止检查时的人员伤害,液压::Operation and Maintenance Manual for SMP Series Hydraulic Pu,液压::Operation and Maintenance Manual for SMP Series Hydraulic Pu::chunk_5
REL_001303,SMP Series Hydraulic Pump_Cartridge Valve Block,Component,BELONGS_TO,SMP Series Hydraulic Pump_Main Unit,Equipment,插装式阀块隶属于泵站主单元的内部核心部件,液压::Operation and Maintenance Manual for SMP Series Hydraulic Pu,液压::Operation and Maintenance Manual for SMP Series Hydraulic Pu::chunk_3
REL_001304,SMP Series Hydraulic Pump_Consult Agent,RepairMethod,REPAIRED_BY,SMP Series Hydraulic Pump_Equipment Damage,FaultPhenomenon,咨询代理商用于处理设备损坏故障,液压::Operation and Maintenance Manual for SMP Series Hydraulic Pu,液压::Operation and Maintenance Manual for SMP Series Hydraulic Pu::chunk_2
REL_001305,SMP Series Hydraulic Pump_Control Valve,Component,CONTROLS,SMP Series Hydraulic Pump_Pneumatic Motor,Component,气控阀通过气路控制系统操控气动马达的运转,液压::Operation and Maintenance Manual for SMP Series Hydraulic Pu,液压::Operation and Maintenance Manual for SMP Series Hydraulic Pu::chunk_3
REL_001306,SMP Series Hydraulic Pump_Equipment Damage,FaultPhenomenon,CAUSED_BY,SMP Series Hydraulic Pump_Accident And Abuse,FaultCause,设备损坏由意外事故或滥用导致,液压::Operation and Maintenance Manual for SMP Series Hydraulic Pu,液压::Operation and Maintenance Manual for SMP Series Hydraulic Pu::chunk_12
REL_001307,SMP Series Hydraulic Pump_Equipment Damage,FaultPhenomenon,CAUSED_BY,SMP Series Hydraulic Pump_Contamination,FaultCause,设备损坏由注油口或接头脏污引发,液压::Operation and Maintenance Manual for SMP Series Hydraulic Pu,液压::Operation and Maintenance Manual for SMP Series Hydraulic Pu::chunk_5
REL_001308,SMP Series Hydraulic Pump_Equipment Damage,FaultPhenomenon,CAUSED_BY,SMP Series Hydraulic Pump_Improper Operation,FaultCause,设备损坏由操作不当导致,液压::Operation and Maintenance Manual for SMP Series Hydraulic Pu,液压::Operation and Maintenance Manual for SMP Series Hydraulic Pu::chunk_12
REL_001309,SMP Series Hydraulic Pump_Equipment Damage,FaultPhenomenon,CAUSED_BY,SMP Series Hydraulic Pump_Low Oil Level,FaultCause,液压油低于油标视窗位置可能会导致泵站设备损坏,液压::Operation and Maintenance Manual for SMP Series Hydraulic Pu,液压::Operation and Maintenance Manual for SMP Series Hydraulic Pu::chunk_3
REL_001310,SMP Series Hydraulic Pump_Equipment Damage,FaultPhenomenon,CAUSED_BY,SMP Series Hydraulic Pump_Manufacturing Defect,FaultCause,设备损坏由材料缺陷导致,液压::Operation and Maintenance Manual for SMP Series Hydraulic Pu,液压::Operation and Maintenance Manual for SMP Series Hydraulic Pu::chunk_12
REL_001311,SMP Series Hydraulic Pump_Equipment Damage,FaultPhenomenon,CAUSED_BY,SMP Series Hydraulic Pump_No Oil Start,FaultCause,设备损坏由无油启动泵站的违规操作导致,液压::Operation and Maintenance Manual for SMP Series Hydraulic Pu,液压::Operation and Maintenance Manual for SMP Series Hydraulic Pu::chunk_5
REL_001312,SMP Series Hydraulic Pump_Equipment Damage,FaultPhenomenon,CAUSED_BY,SMP Series Hydraulic Pump_Overpressure Operation,FaultCause,超压操作导致设备损坏,液压::Operation and Maintenance Manual for SMP Series Hydraulic Pu,液压::Operation and Maintenance Manual for SMP Series Hydraulic Pu::chunk_2
REL_001313,SMP Series Hydraulic Pump_Equipment Damage,FaultPhenomenon,CAUSED_BY,SMP Series Hydraulic Pump_Unauthorized Modification,FaultCause,设备损坏由未经授权改装导致,液压::Operation and Maintenance Manual for SMP Series Hydraulic Pu,液压::Operation and Maintenance Manual for SMP Series Hydraulic Pu::chunk_12
REL_001314,SMP Series Hydraulic Pump_Equipment Damage,FaultPhenomenon,CAUSED_BY,SMP Series Hydraulic Pump_Wrong Oil Type,FaultCause,错误液压油导致设备损坏,液压::Operation and Maintenance Manual for SMP Series Hydraulic Pu,液压::Operation and Maintenance Manual for SMP Series Hydraulic Pu::chunk_2
REL_001315,SMP Series Hydraulic Pump_Equipment Damage,FaultPhenomenon,REPAIRED_BY,SMP Series Hydraulic Pump_Free Replacement And Repair,RepairMethod,设备损坏可通过免费更换或维修修复,液压::Operation and Maintenance Manual for SMP Series Hydraulic Pu,液压::Operation and Maintenance Manual for SMP Series Hydraulic Pu::chunk_12
REL_001316,SMP Series Hydraulic Pump_Eye Contact Safety,SafetyNote,PREVENTS,SMP Series Hydraulic Pump_Personal Injury,FaultPhenomenon,眼部接触安全处理措施可防止油液溅入眼睛造成的伤害,液压::Operation and Maintenance Manual for SMP Series Hydraulic Pu,液压::Operation and Maintenance Manual for SMP Series Hydraulic Pu::chunk_6;液压::Operation and Maintenance Manual for SMP Series Hydraulic Pu::chunk_7
REL_001317,SMP Series Hydraulic Pump_Eye Injury Emergency Handling,RepairMethod,REPAIRED_BY,SMP Series Hydraulic Pump_Personal Injury,FaultPhenomenon,清水冲洗用于修复眼部受伤故障,液压::Operation and Maintenance Manual for SMP Series Hydraulic Pu,液压::Operation and Maintenance Manual for SMP Series Hydraulic Pu::chunk_2
REL_001318,SMP Series Hydraulic Pump_High Noise Operation,FaultPhenomenon,CAUSED_BY,SMP Series Hydraulic Pump_Pump Bearing Damage,FaultCause,运行强烈噪音由泵轴承损坏导致,液压::Operation and Maintenance Manual for SMP Series Hydraulic Pu,液压::Operation and Maintenance Manual for SMP Series Hydraulic Pu::chunk_9
REL_001319,SMP Series Hydraulic Pump_High Noise Operation,FaultPhenomenon,REPAIRED_BY,SMP Series Hydraulic Pump_Replace Pump Bearing,RepairMethod,运行强烈噪音通过更换轴承修复,液压::Operation and Maintenance Manual for SMP Series Hydraulic Pu,液压::Operation and Maintenance Manual for SMP Series Hydraulic Pu::chunk_9
REL_001320,SMP Series Hydraulic Pump_High Pressure Fluid Safety,SafetyNote,PREVENTS,SMP Series Hydraulic Pump_Personal Injury,FaultPhenomenon,高压油管安全警示用于防止人员受伤,液压::Operation and Maintenance Manual for SMP Series Hydraulic Pu,液压::Operation and Maintenance Manual for SMP Series Hydraulic Pu::chunk_5
REL_001321,SMP Series Hydraulic Pump_High Pressure Hose,Component,CONNECTS_TO,SMP Series Hydraulic Pump_Quick Connector,Component,高压软管通过快速接头连接外部设备,液压::Operation and Maintenance Manual for SMP Series Hydraulic Pu,液压::Operation and Maintenance Manual for SMP Series Hydraulic Pu::chunk_2
REL_001322,SMP Series Hydraulic Pump_High Pressure Hose,Component,HAS_FAULT,SMP Series Hydraulic Pump_Hose Bursting,FaultPhenomenon,高压软管组件可能发生爆裂故障,液压::Operation and Maintenance Manual for SMP Series Hydraulic Pu,液压::Operation and Maintenance Manual for SMP Series Hydraulic Pu::chunk_11
REL_001323,SMP Series Hydraulic Pump_High Pressure Hose,Component,HAS_FAULT,SMP Series Hydraulic Pump_Hose Internal Damage,FaultPhenomenon,高压软管组件可能发生内部损坏故障,液压::Operation and Maintenance Manual for SMP Series Hydraulic Pu,液压::Operation and Maintenance Manual for SMP Series Hydraulic Pu::chunk_11
REL_001324,SMP Series Hydraulic Pump_High Pressure Hose,Component,HAS_PARAMETER,SMP Series Hydraulic Pump_Hose Min Bending Radius,Parameter,高压软管组件具备最小弯曲半径参数约束,液压::Operation and Maintenance Manual for SMP Series Hydraulic Pu,液压::Operation and Maintenance Manual for SMP Series Hydraulic Pu::chunk_11
REL_001325,SMP Series Hydraulic Pump_High Pressure Hose,Component,HAS_PARAMETER,SMP Series Hydraulic Pump_Hose Rated Pressure 100Mpa,Parameter,高压软管组件具备 100Mpa 等级压力参数,液压::Operation and Maintenance Manual for SMP Series Hydraulic Pu,液压::Operation and Maintenance Manual for SMP Series Hydraulic Pu::chunk_11
REL_001326,SMP Series Hydraulic Pump_High Pressure Hose,Component,HAS_PARAMETER,SMP Series Hydraulic Pump_Hose Rated Pressure 70Mpa,Parameter,高压软管组件具备 70Mpa 等级压力参数,液压::Operation and Maintenance Manual for SMP Series Hydraulic Pu,液压::Operation and Maintenance Manual for SMP Series Hydraulic Pu::chunk_11
REL_001327,SMP Series Hydraulic Pump_High Pressure Hose,Component,HAS_SAFETY_NOTE,SMP Series Hydraulic Pump_Hose Bending Safety,SafetyNote,高压软管组件关联弯曲半径安全警告,液压::Operation and Maintenance Manual for SMP Series Hydraulic Pu,液压::Operation and Maintenance Manual for SMP Series Hydraulic Pu::chunk_11
REL_001328,SMP Series Hydraulic Pump_High Pressure Hose,Component,HAS_SAFETY_NOTE,SMP Series Hydraulic Pump_Hose Dragging Safety,SafetyNote,高压软管组件关联拖拉吊装安全警告,液压::Operation and Maintenance Manual for SMP Series Hydraulic Pu,液压::Operation and Maintenance Manual for SMP Series Hydraulic Pu::chunk_11
REL_001329,SMP Series Hydraulic Pump_High Pressure Hose,Component,HAS_SAFETY_NOTE,SMP Series Hydraulic Pump_Hose Environment Safety,SafetyNote,高压软管组件关联使用环境安全警告,液压::Operation and Maintenance Manual for SMP Series Hydraulic Pu,液压::Operation and Maintenance Manual for SMP Series Hydraulic Pu::chunk_11
REL_001330,SMP Series Hydraulic Pump_High Pressure Hose,Component,HAS_SAFETY_NOTE,SMP Series Hydraulic Pump_Hose Impact Safety,SafetyNote,高压软管组件关联重物冲击安全警告,液压::Operation and Maintenance Manual for SMP Series Hydraulic Pu,液压::Operation and Maintenance Manual for SMP Series Hydraulic Pu::chunk_11
REL_001331,SMP Series Hydraulic Pump_High Pressure Hose,Component,HAS_SAFETY_NOTE,SMP Series Hydraulic Pump_Hose Overpressure Safety,SafetyNote,高压软管组件关联超压使用安全警告,液压::Operation and Maintenance Manual for SMP Series Hydraulic Pu,液压::Operation and Maintenance Manual for SMP Series Hydraulic Pu::chunk_11
REL_001332,SMP Series Hydraulic Pump_High Pressure Hose,Component,HAS_SAFETY_NOTE,SMP Series Hydraulic Pump_Hose Passageway Protection,SafetyNote,高压软管组件关联通道布置防护安全警告,液压::Operation and Maintenance Manual for SMP Series Hydraulic Pu,液压::Operation and Maintenance Manual for SMP Series Hydraulic Pu::chunk_11
REL_001333,SMP Series Hydraulic Pump_Hose Bending Safety,SafetyNote,PREVENTS,SMP Series Hydraulic Pump_Hose Internal Damage,FaultPhenomenon,弯曲安全规定防止软管内部损坏故障,液压::Operation and Maintenance Manual for SMP Series Hydraulic Pu,液压::Operation and Maintenance Manual for SMP Series Hydraulic Pu::chunk_11
REL_001334,SMP Series Hydraulic Pump_Hose Bursting,FaultPhenomenon,CAUSED_BY,SMP Series Hydraulic Pump_Hose Impact Load,FaultCause,软管爆裂由重物冲击负载导致,液压::Operation and Maintenance Manual for SMP Series Hydraulic Pu,液压::Operation and Maintenance Manual for SMP Series Hydraulic Pu::chunk_11
REL_001335,SMP Series Hydraulic Pump_Hose Bursting,FaultPhenomenon,CAUSED_BY,SMP Series Hydraulic Pump_Overpressure Operation,FaultCause,软管爆裂由超压操作导致,液压::Operation and Maintenance Manual for SMP Series Hydraulic Pu,液压::Operation and Maintenance Manual for SMP Series Hydraulic Pu::chunk_11
REL_001336,SMP Series Hydraulic Pump_Hose Impact Safety,SafetyNote,PREVENTS,SMP Series Hydraulic Pump_Hose Bursting,FaultPhenomenon,冲击安全规定防止软管爆裂故障,液压::Operation and Maintenance Manual for SMP Series Hydraulic Pu,液压::Operation and Maintenance Manual for SMP Series Hydraulic Pu::chunk_11
REL_001337,SMP Series Hydraulic Pump_Hose Impact Safety,SafetyNote,PREVENTS,SMP Series Hydraulic Pump_Personal Injury,FaultPhenomenon,冲击安全规定防止人员伤害事故,液压::Operation and Maintenance Manual for SMP Series Hydraulic Pu,液压::Operation and Maintenance Manual for SMP Series Hydraulic Pu::chunk_11
REL_001338,SMP Series Hydraulic Pump_Hose Internal Damage,FaultPhenomenon,CAUSED_BY,SMP Series Hydraulic Pump_Hose Environmental Exposure,FaultCause,软管内部损坏由恶劣环境暴露导致,液压::Operation and Maintenance Manual for SMP Series Hydraulic Pu,液压::Operation and Maintenance Manual for SMP Series Hydraulic Pu::chunk_11
REL_001339,SMP Series Hydraulic Pump_Hose Internal Damage,FaultPhenomenon,CAUSED_BY,SMP Series Hydraulic Pump_Hose Excessive Bending,FaultCause,软管内部损坏由弯曲半径过小导致,液压::Operation and Maintenance Manual for SMP Series Hydraulic Pu,液压::Operation and Maintenance Manual for SMP Series Hydraulic Pu::chunk_11
REL_001340,SMP Series Hydraulic Pump_Hose Internal Damage,FaultPhenomenon,CAUSED_BY,SMP Series Hydraulic Pump_Hose Winding Operation,FaultCause,软管内部损坏由操作缠绕导致,液压::Operation and Maintenance Manual for SMP Series Hydraulic Pu,液压::Operation and Maintenance Manual for SMP Series Hydraulic Pu::chunk_11
REL_001341,SMP Series Hydraulic Pump_Hose Overpressure Safety,SafetyNote,PREVENTS,SMP Series Hydraulic Pump_Hose Bursting,FaultPhenomenon,超压安全规定防止软管爆裂故障,液压::Operation and Maintenance Manual for SMP Series Hydraulic Pu,液压::Operation and Maintenance Manual for SMP Series Hydraulic Pu::chunk_11
REL_001342,SMP Series Hydraulic Pump_Hose Overpressure Safety,SafetyNote,PREVENTS,SMP Series Hydraulic Pump_Personal Injury,FaultPhenomenon,超压安全规定防止人员伤害事故,液压::Operation and Maintenance Manual for SMP Series Hydraulic Pu,液压::Operation and Maintenance Manual for SMP Series Hydraulic Pu::chunk_11
REL_001343,SMP Series Hydraulic Pump_Main Unit,Equipment,CONNECTS_TO,SMP Series Hydraulic Pump_High Pressure Hose,Component,主体设备连接高压软管进行输油,液压::Operation and Maintenance Manual for SMP Series Hydraulic Pu,液压::Operation and Maintenance Manual for SMP Series Hydraulic Pu::chunk_2
REL_001344,SMP Series Hydraulic Pump_Main Unit,Equipment,HAS_COMPONENT,SMP Series Hydraulic Pump_Cartridge Valve Block,Component,主单元包含可更换的插装式阀块模块以实现不同操控,液压::Operation and Maintenance Manual for SMP Series Hydraulic Pu,液压::Operation and Maintenance Manual for SMP Series Hydraulic Pu::chunk_3
REL_001345,SMP Series Hydraulic Pump_Main Unit,Equipment,HAS_COMPONENT,SMP Series Hydraulic Pump_Control Valve,Component,主体设备内部集成控制阀组件,液压::Operation and Maintenance Manual for SMP Series Hydraulic Pu,液压::Operation and Maintenance Manual for SMP Series Hydraulic Pu::chunk_2
REL_001346,SMP Series Hydraulic Pump_Main Unit,Equipment,HAS_COMPONENT,SMP Series Hydraulic Pump_Cooler,Component,主体设备内部集成冷却器组件,液压::Operation and Maintenance Manual for SMP Series Hydraulic Pu,液压::Operation and Maintenance Manual for SMP Series Hydraulic Pu::chunk_2
REL_001347,SMP Series Hydraulic Pump_Main Unit,Equipment,HAS_COMPONENT,SMP Series Hydraulic Pump_Hydraulic Control Module,Component,主单元包含液压控制模块,液压::Operation and Maintenance Manual for SMP Series Hydraulic Pu,液压::Operation and Maintenance Manual for SMP Series Hydraulic Pu::chunk_9
REL_001348,SMP Series Hydraulic Pump_Main Unit,Equipment,HAS_COMPONENT,SMP Series Hydraulic Pump_Instrument,Component,主体设备内部集成仪表组件,液压::Operation and Maintenance Manual for SMP Series Hydraulic Pu,液压::Operation and Maintenance Manual for SMP Series Hydraulic Pu::chunk_2
REL_001349,SMP Series Hydraulic Pump_Main Unit,Equipment,HAS_COMPONENT,SMP Series Hydraulic Pump_Oil Pump,Component,主体设备内部集成油泵组件,液压::Operation and Maintenance Manual for SMP Series Hydraulic Pu,液压::Operation and Maintenance Manual for SMP Series Hydraulic Pu::chunk_2
REL_001350,SMP Series Hydraulic Pump_Main Unit,Equipment,HAS_COMPONENT,SMP Series Hydraulic Pump_Oil Tank,Component,主体设备内部集成油箱组件,液压::Operation and Maintenance Manual for SMP Series Hydraulic Pu,液压::Operation and Maintenance Manual for SMP Series Hydraulic Pu::chunk_2
REL_001351,SMP Series Hydraulic Pump_Main Unit,Equipment,HAS_COMPONENT,SMP Series Hydraulic Pump_Oil Tank Module,Component,主单元包含油箱模块,液压::Operation and Maintenance Manual for SMP Series Hydraulic Pu,液压::Operation and Maintenance Manual for SMP Series Hydraulic Pu::chunk_9
REL_001352,SMP Series Hydraulic Pump_Main Unit,Equipment,HAS_COMPONENT,SMP Series Hydraulic Pump_Pneumatic Motor,Component,主体设备内部集成气动马达组件,液压::Operation and Maintenance Manual for SMP Series Hydraulic Pu,液压::Operation and Maintenance Manual for SMP Series Hydraulic Pu::chunk_2
REL_001353,SMP Series Hydraulic Pump_Main Unit,Equipment,HAS_COMPONENT,SMP Series Hydraulic Pump_Pressure Regulating Valve,Component,主体设备内部集成压力调节阀组件,液压::Operation and Maintenance Manual for SMP Series Hydraulic Pu,液压::Operation and Maintenance Manual for SMP Series Hydraulic Pu::chunk_2
REL_001354,SMP Series Hydraulic Pump_Main Unit,Equipment,HAS_COMPONENT,SMP Series Hydraulic Pump_Pump Body Module,Component,主单元包含泵体模块,液压::Operation and Maintenance Manual for SMP Series Hydraulic Pu,液压::Operation and Maintenance Manual for SMP Series Hydraulic Pu::chunk_9
REL_001355,SMP Series Hydraulic Pump_Main Unit,Equipment,HAS_COMPONENT,SMP Series Hydraulic Pump_WA Connection Block,Component,液压泵主单元包含 WA 连接块组件,液压::Operation and Maintenance Manual for SMP Series Hydraulic Pu,液压::Operation and Maintenance Manual for SMP Series Hydraulic Pu::chunk_10
REL_001356,SMP Series Hydraulic Pump_Main Unit,Equipment,HAS_COMPONENT,SMP Series Hydraulic Pump_WB Connection Block,Component,液压泵主单元包含 WB 连接块组件,液压::Operation and Maintenance Manual for SMP Series Hydraulic Pu,液压::Operation and Maintenance Manual for SMP Series Hydraulic Pu::chunk_10
REL_001357,SMP Series Hydraulic Pump_Main Unit,Equipment,HAS_COMPONENT,SMP Series Hydraulic Pump_WC Connection Block,Component,液压泵主单元包含 WC 连接块组件,液压::Operation and Maintenance Manual for SMP Series Hydraulic Pu,液压::Operation and Maintenance Manual for SMP Series Hydraulic Pu::chunk_10
REL_001358,SMP Series Hydraulic Pump_Main Unit,Equipment,HAS_COMPONENT,SMP Series Hydraulic Pump_WH Connection Block,Component,液压泵主单元包含 WH 连接块组件,液压::Operation and Maintenance Manual for SMP Series Hydraulic Pu,液压::Operation and Maintenance Manual for SMP Series Hydraulic Pu::chunk_10
REL_001359,SMP Series Hydraulic Pump_Main Unit,Equipment,HAS_PARAMETER,SMP Series Hydraulic Pump_Ambient Temperature,Parameter,设备运行依赖环境温度参数,液压::Operation and Maintenance Manual for SMP Series Hydraulic Pu,液压::Operation and Maintenance Manual for SMP Series Hydraulic Pu::chunk_2
REL_001360,SMP Series Hydraulic Pump_Main Unit,Equipment,HAS_PARAMETER,SMP Series Hydraulic Pump_Flow Rate,Parameter,主单元在不同压力下具有特定流量参数,液压::Operation and Maintenance Manual for SMP Series Hydraulic Pu,液压::Operation and Maintenance Manual for SMP Series Hydraulic Pu::chunk_4
REL_001361,SMP Series Hydraulic Pump_Main Unit,Equipment,HAS_PARAMETER,SMP Series Hydraulic Pump_Hydraulic Oil Spec,Parameter,设备运行依赖液压油规格参数,液压::Operation and Maintenance Manual for SMP Series Hydraulic Pu,液压::Operation and Maintenance Manual for SMP Series Hydraulic Pu::chunk_2
REL_001362,SMP Series Hydraulic Pump_Main Unit,Equipment,HAS_PARAMETER,SMP Series Hydraulic Pump_Low Pressure Setting,Parameter,主单元低压出口设定压力为 5 至 7Mpa,液压::Operation and Maintenance Manual for SMP Series Hydraulic Pu,液压::Operation and Maintenance Manual for SMP Series Hydraulic Pu::chunk_4
REL_001363,SMP Series Hydraulic Pump_Main Unit,Equipment,HAS_PARAMETER,SMP Series Hydraulic Pump_Max Working Pressure,Parameter,设备运行依赖最高工作压力参数,液压::Operation and Maintenance Manual for SMP Series Hydraulic Pu,液压::Operation and Maintenance Manual for SMP Series Hydraulic Pu::chunk_2
REL_001364,SMP Series Hydraulic Pump_Main Unit,Equipment,HAS_PARAMETER,SMP Series Hydraulic Pump_Noise Level,Parameter,主机组设备具备运行噪音限值的技术参数,液压::Operation and Maintenance Manual for SMP Series Hydraulic Pu,液压::Operation and Maintenance Manual for SMP Series Hydraulic Pu::chunk_8
REL_001365,SMP Series Hydraulic Pump_Main Unit,Equipment,HAS_PARAMETER,SMP Series Hydraulic Pump_Oil Change Interval,Parameter,泵站主体设备关联液压油更换周期的参数要求,液压::Operation and Maintenance Manual for SMP Series Hydraulic Pu,液压::Operation and Maintenance Manual for SMP Series Hydraulic Pu::chunk_5
REL_001366,SMP Series Hydraulic Pump_Main Unit,Equipment,HAS_PARAMETER,SMP Series Hydraulic Pump_Pump Stage Type,Parameter,主单元为双级泵结构类型,液压::Operation and Maintenance Manual for SMP Series Hydraulic Pu,液压::Operation and Maintenance Manual for SMP Series Hydraulic Pu::chunk_4
REL_001367,SMP Series Hydraulic Pump_Main Unit,Equipment,HAS_SAFETY_NOTE,SMP Series Hydraulic Pump_Cleanliness Maintenance,SafetyNote,泵站主体设备关联保持清洁的维护安全要求,液压::Operation and Maintenance Manual for SMP Series Hydraulic Pu,液压::Operation and Maintenance Manual for SMP Series Hydraulic Pu::chunk_5
REL_001368,SMP Series Hydraulic Pump_Main Unit,Equipment,HAS_SAFETY_NOTE,SMP Series Hydraulic Pump_High Pressure Fluid Safety,SafetyNote,泵站主体设备关联高压油管处禁止站人的安全警示,液压::Operation and Maintenance Manual for SMP Series Hydraulic Pu,液压::Operation and Maintenance Manual for SMP Series Hydraulic Pu::chunk_5
REL_001369,SMP Series Hydraulic Pump_Main Unit,Equipment,HAS_SAFETY_NOTE,SMP Series Hydraulic Pump_Maintenance Power Cut Safety,SafetyNote,设备维修需遵守切断气源安全规定,液压::Operation and Maintenance Manual for SMP Series Hydraulic Pu,液压::Operation and Maintenance Manual for SMP Series Hydraulic Pu::chunk_2
REL_001370,SMP Series Hydraulic Pump_Main Unit,Equipment,HAS_SAFETY_NOTE,SMP Series Hydraulic Pump_Operation Position Safety,SafetyNote,设备操作需遵守站位安全警告,液压::Operation and Maintenance Manual for SMP Series Hydraulic Pu,液压::Operation and Maintenance Manual for SMP Series Hydraulic Pu::chunk_2
REL_001371,SMP Series Hydraulic Pump_Main Unit,Equipment,HAS_SAFETY_NOTE,SMP Series Hydraulic Pump_Pressure Adjustment Connection Safety,SafetyNote,设备操作需遵守压力调节安全警告,液压::Operation and Maintenance Manual for SMP Series Hydraulic Pu,液压::Operation and Maintenance Manual for SMP Series Hydraulic Pu::chunk_2
REL_001372,SMP Series Hydraulic Pump_Main Unit,Equipment,HAS_SAFETY_NOTE,SMP Series Hydraulic Pump_Transport Handling Safety,SafetyNote,主机组设备在搬运移动时需遵守的安全操作禁忌,液压::Operation and Maintenance Manual for SMP Series Hydraulic Pu,液压::Operation and Maintenance Manual for SMP Series Hydraulic Pu::chunk_8
REL_001373,SMP Series Hydraulic Pump_Main Unit,Equipment,HAS_SAFETY_NOTE,SMP Series Hydraulic Pump_Transport Orientation Safety,SafetyNote,主机组设备在装运过程中需保持特定朝向的安全要求,液压::Operation and Maintenance Manual for SMP Series Hydraulic Pu,液压::Operation and Maintenance Manual for SMP Series Hydraulic Pu::chunk_8
REL_001374,SMP Series Hydraulic Pump_Maintenance Power Cut Safety,SafetyNote,PREVENTS,SMP Series Hydraulic Pump_Personal Injury,FaultPhenomenon,切断气源措施防止维修时人身伤害,液压::Operation and Maintenance Manual for SMP Series Hydraulic Pu,液压::Operation and Maintenance Manual for SMP Series Hydraulic Pu::chunk_2
REL_001375,SMP Series Hydraulic Pump_Oil Change Procedure,RepairMethod,HAS_SAFETY_NOTE,SMP Series Hydraulic Pump_Eye Contact Safety,SafetyNote,换油操作流程中包含防止油液溅入眼睛的安全注意,液压::Operation and Maintenance Manual for SMP Series Hydraulic Pu,液压::Operation and Maintenance Manual for SMP Series Hydraulic Pu::chunk_6;液压::Operation and Maintenance Manual for SMP Series Hydraulic Pu::chunk_7
REL_001376,SMP Series Hydraulic Pump_Oil Change Procedure,RepairMethod,HAS_SAFETY_NOTE,SMP Series Hydraulic Pump_Waste Oil Disposal,SafetyNote,换油操作流程中包含废弃油料合规处理的安全注意,液压::Operation and Maintenance Manual for SMP Series Hydraulic Pu,液压::Operation and Maintenance Manual for SMP Series Hydraulic Pu::chunk_6;液压::Operation and Maintenance Manual for SMP Series Hydraulic Pu::chunk_7
REL_001377,SMP Series Hydraulic Pump_Oil Change Procedure,RepairMethod,REQUIRES,SMP Series Hydraulic Pump_Filter plate,Component,换油维护过程中必须清洁油箱吸入口过滤网,液压::Operation and Maintenance Manual for SMP Series Hydraulic Pu,液压::Operation and Maintenance Manual for SMP Series Hydraulic Pu::chunk_6;液压::Operation and Maintenance Manual for SMP Series Hydraulic Pu::chunk_7
REL_001378,SMP Series Hydraulic Pump_Oil Leakage,FaultPhenomenon,CAUSED_BY,SMP Series Hydraulic Pump_Loose Connector,FaultCause,接头松动导致液压油泄漏,液压::Operation and Maintenance Manual for SMP Series Hydraulic Pu,液压::Operation and Maintenance Manual for SMP Series Hydraulic Pu::chunk_2
REL_001379,SMP Series Hydraulic Pump_Oil Leakage,FaultPhenomenon,CAUSED_BY,SMP Series Hydraulic Pump_Quick Connector Seal Wear,FaultCause,快速接头处漏油由密封圈磨损导致,液压::Operation and Maintenance Manual for SMP Series Hydraulic Pu,液压::Operation and Maintenance Manual for SMP Series Hydraulic Pu::chunk_9
REL_001380,SMP Series Hydraulic Pump_Oil Leakage,FaultPhenomenon,REPAIRED_BY,SMP Series Hydraulic Pump_Replace Quick Connector Seal,RepairMethod,快速接头处漏油通过更换密封修复,液压::Operation and Maintenance Manual for SMP Series Hydraulic Pu,液压::Operation and Maintenance Manual for SMP Series Hydraulic Pu::chunk_9
REL_001381,SMP Series Hydraulic Pump_Oil Tank,Component,HAS_COMPONENT,SMP Series Hydraulic Pump_Filter plate,Component,油箱内部组件包含吸入口过滤网,液压::Operation and Maintenance Manual for SMP Series Hydraulic Pu,液压::Operation and Maintenance Manual for SMP Series Hydraulic Pu::chunk_6;液压::Operation and Maintenance Manual for SMP Series Hydraulic Pu::chunk_7
REL_001382,SMP Series Hydraulic Pump_Oil Tank,Component,HAS_PARAMETER,SMP Series Hydraulic Pump_Hydraulic Oil Spec,Parameter,贮油箱必须加注专用液压油规格以保证系统正常工作,液压::Operation and Maintenance Manual for SMP Series Hydraulic Pu,液压::Operation and Maintenance Manual for SMP Series Hydraulic Pu::chunk_3
REL_001383,SMP Series Hydraulic Pump_Oil Tank,Component,HAS_PARAMETER,SMP Series Hydraulic Pump_Oil Tank Capacity,Parameter,油箱容量规格为 4 至 65 升共 7 种,液压::Operation and Maintenance Manual for SMP Series Hydraulic Pu,液压::Operation and Maintenance Manual for SMP Series Hydraulic Pu::chunk_4
REL_001384,SMP Series Hydraulic Pump_Oil Tank,Component,HAS_SAFETY_NOTE,SMP Series Hydraulic Pump_Tank Cover Safety,SafetyNote,贮油箱组件关联增压时禁止开盖的安全警示,液压::Operation and Maintenance Manual for SMP Series Hydraulic Pu,液压::Operation and Maintenance Manual for SMP Series Hydraulic Pu::chunk_5
REL_001385,SMP Series Hydraulic Pump_Personal Injury,FaultPhenomenon,CAUSED_BY,SMP Series Hydraulic Pump_High Pressure Fluid Leakage,FaultPhenomenon,高压液压油泄漏穿透皮肤是导致人身伤害的原因,液压::Operation and Maintenance Manual for SMP Series Hydraulic Pu,液压::Operation and Maintenance Manual for SMP Series Hydraulic Pu::chunk_6;液压::Operation and Maintenance Manual for SMP Series Hydraulic Pu::chunk_7
REL_001386,SMP Series Hydraulic Pump_Personal Injury,FaultPhenomenon,CAUSED_BY,SMP Series Hydraulic Pump_Overpressure Operation,FaultCause,超压操作导致人身伤害,液压::Operation and Maintenance Manual for SMP Series Hydraulic Pu,液压::Operation and Maintenance Manual for SMP Series Hydraulic Pu::chunk_2
REL_001387,SMP Series Hydraulic Pump_Personal Injury,FaultPhenomenon,CAUSED_BY,SMP Series Hydraulic Pump_Tank Pressurized Opening,FaultCause,人身伤害由贮油箱增压状态下开盖导致,液压::Operation and Maintenance Manual for SMP Series Hydraulic Pu,液压::Operation and Maintenance Manual for SMP Series Hydraulic Pu::chunk_5
REL_001388,SMP Series Hydraulic Pump_Plunger Assembly,Component,REPAIRED_BY,SMP Series Hydraulic Pump_Disassembly Procedure,RepairMethod,柱塞组件故障需通过拆解流程维修,液压::Operation and Maintenance Manual for SMP Series Hydraulic Pu,液压::Operation and Maintenance Manual for SMP Series Hydraulic Pu::chunk_1
REL_001389,SMP Series Hydraulic Pump_Pneumatic Motor,Component,HAS_SAFETY_NOTE,SMP Series Hydraulic Pump_Air Source Cut Safety,SafetyNote,气动马达组件关联检查前切断气源的安全规定,液压::Operation and Maintenance Manual for SMP Series Hydraulic Pu,液压::Operation and Maintenance Manual for SMP Series Hydraulic Pu::chunk_5
REL_001390,SMP Series Hydraulic Pump_Pneumatic Motor,Component,REQUIRES,SMP Series Hydraulic Pump_Air Source,Parameter,气动马达必须依赖外部气源作为动力源才能工作,液压::Operation and Maintenance Manual for SMP Series Hydraulic Pu,液压::Operation and Maintenance Manual for SMP Series Hydraulic Pu::chunk_3
REL_001391,SMP Series Hydraulic Pump_Pressure Adjustment Connection Safety,SafetyNote,PREVENTS,SMP Series Hydraulic Pump_Equipment Damage,FaultPhenomenon,禁止超压措施防止设备损坏,液压::Operation and Maintenance Manual for SMP Series Hydraulic Pu,液压::Operation and Maintenance Manual for SMP Series Hydraulic Pu::chunk_2
REL_001392,SMP Series Hydraulic Pump_Pressure Adjustment Connection Safety,SafetyNote,PREVENTS,SMP Series Hydraulic Pump_Personal Injury,FaultPhenomenon,禁止超压措施防止高压油伤人,液压::Operation and Maintenance Manual for SMP Series Hydraulic Pu,液压::Operation and Maintenance Manual for SMP Series Hydraulic Pu::chunk_2
REL_001393,SMP Series Hydraulic Pump_Pressure Below Rated,FaultPhenomenon,CAUSED_BY,SMP Series Hydraulic Pump_Air Ingestion,FaultCause,压力达不到额定值由吸入空气导致,液压::Operation and Maintenance Manual for SMP Series Hydraulic Pu,液压::Operation and Maintenance Manual for SMP Series Hydraulic Pu::chunk_9
REL_001394,SMP Series Hydraulic Pump_Pressure Below Rated,FaultPhenomenon,CAUSED_BY,SMP Series Hydraulic Pump_Contamination,FaultCause,压力达不到额定值由液压油含杂质导致,液压::Operation and Maintenance Manual for SMP Series Hydraulic Pu,液压::Operation and Maintenance Manual for SMP Series Hydraulic Pu::chunk_9
REL_001395,SMP Series Hydraulic Pump_Pressure Below Rated,FaultPhenomenon,CAUSED_BY,SMP Series Hydraulic Pump_Relief Valve Low Setting,FaultCause,压力达不到额定值由溢流阀调整过低导致,液压::Operation and Maintenance Manual for SMP Series Hydraulic Pu,液压::Operation and Maintenance Manual for SMP Series Hydraulic Pu::chunk_9
REL_001396,SMP Series Hydraulic Pump_Pressure Below Rated,FaultPhenomenon,CAUSED_BY,SMP Series Hydraulic Pump_Valve Malfunction,FaultCause,压力达不到额定值由阀门未关紧或损坏导致,液压::Operation and Maintenance Manual for SMP Series Hydraulic Pu,液压::Operation and Maintenance Manual for SMP Series Hydraulic Pu::chunk_9
REL_001397,SMP Series Hydraulic Pump_Pressure Below Rated,FaultPhenomenon,CAUSED_BY,SMP Series Hydraulic Pump_Water Oil Mixture,FaultCause,压力达不到额定值由水油混合导致,液压::Operation and Maintenance Manual for SMP Series Hydraulic Pu,液压::Operation and Maintenance Manual for SMP Series Hydraulic Pu::chunk_9
REL_001398,SMP Series Hydraulic Pump_Pressure Below Rated,FaultPhenomenon,REPAIRED_BY,SMP Series Hydraulic Pump_Adjust Relief Valve,RepairMethod,压力达不到额定值通过调整溢流阀修复,液压::Operation and Maintenance Manual for SMP Series Hydraulic Pu,液压::Operation and Maintenance Manual for SMP Series Hydraulic Pu::chunk_9
REL_001399,SMP Series Hydraulic Pump_Pressure Below Rated,FaultPhenomenon,REPAIRED_BY,SMP Series Hydraulic Pump_Clean Valve Block,RepairMethod,压力达不到额定值通过清洗阀块修复,液压::Operation and Maintenance Manual for SMP Series Hydraulic Pu,液压::Operation and Maintenance Manual for SMP Series Hydraulic Pu::chunk_9
REL_001400,SMP Series Hydraulic Pump_Pressure Below Rated,FaultPhenomenon,REPAIRED_BY,SMP Series Hydraulic Pump_Maintain Valves,RepairMethod,压力达不到额定值通过维护阀门修复,液压::Operation and Maintenance Manual for SMP Series Hydraulic Pu,液压::Operation and Maintenance Manual for SMP Series Hydraulic Pu::chunk_9
REL_001401,SMP Series Hydraulic Pump_Pressure Below Rated,FaultPhenomenon,REPAIRED_BY,SMP Series Hydraulic Pump_Purge Air,RepairMethod,压力达不到额定值通过排尽空气修复,液压::Operation and Maintenance Manual for SMP Series Hydraulic Pu,液压::Operation and Maintenance Manual for SMP Series Hydraulic Pu::chunk_9
REL_001402,SMP Series Hydraulic Pump_Pressure Below Rated,FaultPhenomenon,REPAIRED_BY,SMP Series Hydraulic Pump_Replace Oil,RepairMethod,压力达不到额定值通过换油修复,液压::Operation and Maintenance Manual for SMP Series Hydraulic Pu,液压::Operation and Maintenance Manual for SMP Series Hydraulic Pu::chunk_9
REL_001403,SMP Series Hydraulic Pump_Pressure Drop Static,FaultPhenomenon,CAUSED_BY,SMP Series Hydraulic Pump_Seal Failure,FaultCause,静压压力下降由密封失灵导致,液压::Operation and Maintenance Manual for SMP Series Hydraulic Pu,液压::Operation and Maintenance Manual for SMP Series Hydraulic Pu::chunk_9
REL_001404,SMP Series Hydraulic Pump_Pressure Drop Static,FaultPhenomenon,REPAIRED_BY,SMP Series Hydraulic Pump_Replace Seals,RepairMethod,静压压力下降通过更换密封件修复,液压::Operation and Maintenance Manual for SMP Series Hydraulic Pu,液压::Operation and Maintenance Manual for SMP Series Hydraulic Pu::chunk_9
REL_001405,SMP Series Hydraulic Pump_Pump Start Failure,FaultPhenomenon,CAUSED_BY,SMP Series Hydraulic Pump_Air Pressure Mismatch,FaultCause,启动失败由气压不符导致,液压::Operation and Maintenance Manual for SMP Series Hydraulic Pu,液压::Operation and Maintenance Manual for SMP Series Hydraulic Pu::chunk_9
REL_001406,SMP Series Hydraulic Pump_Pump Start Failure,FaultPhenomenon,CAUSED_BY,SMP Series Hydraulic Pump_Air Source Disconnected,FaultCause,启动失败由气源未接通导致,液压::Operation and Maintenance Manual for SMP Series Hydraulic Pu,液压::Operation and Maintenance Manual for SMP Series Hydraulic Pu::chunk_9
REL_001407,SMP Series Hydraulic Pump_Pump Start Failure,FaultPhenomenon,DIAGNOSED_BY,SMP Series Hydraulic Pump_Check Air Pressure,DiagnosticMethod,启动失败通过检查气压诊断,液压::Operation and Maintenance Manual for SMP Series Hydraulic Pu,液压::Operation and Maintenance Manual for SMP Series Hydraulic Pu::chunk_9
REL_001408,SMP Series Hydraulic Pump_Pump Start Failure,FaultPhenomenon,REPAIRED_BY,SMP Series Hydraulic Pump_Connect Air Source,RepairMethod,启动失败通过接通气源修复,液压::Operation and Maintenance Manual for SMP Series Hydraulic Pu,液压::Operation and Maintenance Manual for SMP Series Hydraulic Pu::chunk_9
REL_001409,SMP Series Hydraulic Pump_Shutdown Procedure,SafetyNote,PREVENTS,SMP Series Hydraulic Pump_Personal Injury,FaultPhenomenon,关机泄压程序防止人身伤害,液压::Operation and Maintenance Manual for SMP Series Hydraulic Pu,液压::Operation and Maintenance Manual for SMP Series Hydraulic Pu::chunk_9
REL_001410,SMP Series Hydraulic Pump_Shutdown Procedure,SafetyNote,REQUIRES,SMP Series Hydraulic Pump_Control Valve,Component,关机程序需要操作气动控制阀,液压::Operation and Maintenance Manual for SMP Series Hydraulic Pu,液压::Operation and Maintenance Manual for SMP Series Hydraulic Pu::chunk_9
REL_001411,SMP Series Hydraulic Pump_System No Pressure,FaultPhenomenon,CAUSED_BY,SMP Series Hydraulic Pump_Low Oil Level,FaultCause,系统无压力由油箱油量不足导致,液压::Operation and Maintenance Manual for SMP Series Hydraulic Pu,液压::Operation and Maintenance Manual for SMP Series Hydraulic Pu::chunk_9
REL_001412,SMP Series Hydraulic Pump_System No Pressure,FaultPhenomenon,CAUSED_BY,SMP Series Hydraulic Pump_Quick Connector Improper Seating,FaultCause,系统无压力由快速接头未接到位导致,液压::Operation and Maintenance Manual for SMP Series Hydraulic Pu,液压::Operation and Maintenance Manual for SMP Series Hydraulic Pu::chunk_9
REL_001413,SMP Series Hydraulic Pump_System No Pressure,FaultPhenomenon,CAUSED_BY,SMP Series Hydraulic Pump_Quick Connector Seating Failure,FaultCause,重装后无压力由快速接头无法接到位导致,液压::Operation and Maintenance Manual for SMP Series Hydraulic Pu,液压::Operation and Maintenance Manual for SMP Series Hydraulic Pu::chunk_9
REL_001414,SMP Series Hydraulic Pump_System No Pressure,FaultPhenomenon,REPAIRED_BY,SMP Series Hydraulic Pump_Clear Quick Connector Oil,RepairMethod,重装后无压力通过检查钢球排油修复,液压::Operation and Maintenance Manual for SMP Series Hydraulic Pu,液压::Operation and Maintenance Manual for SMP Series Hydraulic Pu::chunk_9
REL_001415,SMP Series Hydraulic Pump_System No Pressure,FaultPhenomenon,REPAIRED_BY,SMP Series Hydraulic Pump_Open Valves,RepairMethod,系统无压力通过打开阀门修复,液压::Operation and Maintenance Manual for SMP Series Hydraulic Pu,液压::Operation and Maintenance Manual for SMP Series Hydraulic Pu::chunk_9
REL_001416,SMP Series Hydraulic Pump_System No Pressure,FaultPhenomenon,REPAIRED_BY,SMP Series Hydraulic Pump_Refill Oil,RepairMethod,系统无压力通过加注油修复,液压::Operation and Maintenance Manual for SMP Series Hydraulic Pu,液压::Operation and Maintenance Manual for SMP Series Hydraulic Pu::chunk_9
REL_001417,SMP Series Hydraulic Pump_System No Pressure,FaultPhenomenon,REPAIRED_BY,SMP Series Hydraulic Pump_Reinstall Quick Connector,RepairMethod,系统无压力通过重新安装快速接头修复,液压::Operation and Maintenance Manual for SMP Series Hydraulic Pu,液压::Operation and Maintenance Manual for SMP Series Hydraulic Pu::chunk_9
REL_001418,SMP Series Hydraulic Pump_Tank Cover Safety,SafetyNote,PREVENTS,SMP Series Hydraulic Pump_Personal Injury,FaultPhenomenon,箱盖安全警示用于防止增压开盖造成的伤害,液压::Operation and Maintenance Manual for SMP Series Hydraulic Pu,液压::Operation and Maintenance Manual for SMP Series Hydraulic Pu::chunk_5
REL_001419,SMP Series Hydraulic Pump_Valve Pump,Equipment,HAS_COMPONENT,SMP Series Hydraulic Pump_Check valve,Component,阀泵设备内部包含单向阀组件,液压::Operation and Maintenance Manual for SMP Series Hydraulic Pu,液压::Operation and Maintenance Manual for SMP Series Hydraulic Pu::chunk_1
REL_001420,SMP Series Hydraulic Pump_Valve Pump,Equipment,HAS_COMPONENT,SMP Series Hydraulic Pump_Filter plate,Component,阀泵设备内部包含过滤板组件,液压::Operation and Maintenance Manual for SMP Series Hydraulic Pu,液压::Operation and Maintenance Manual for SMP Series Hydraulic Pu::chunk_1
REL_001421,SMP Series Hydraulic Pump_Valve Pump,Equipment,HAS_COMPONENT,SMP Series Hydraulic Pump_Plunger Assembly,Component,阀泵设备内部包含柱塞组件,液压::Operation and Maintenance Manual for SMP Series Hydraulic Pu,液压::Operation and Maintenance Manual for SMP Series Hydraulic Pu::chunk_1
REL_001422,SMP Series Hydraulic Pump_WA Connection Block,Component,HAS_COMPONENT,SMP Series Hydraulic Pump_Check valve,Component,WA 连接块上安装有单向阀,液压::Operation and Maintenance Manual for SMP Series Hydraulic Pu,液压::Operation and Maintenance Manual for SMP Series Hydraulic Pu::chunk_10
REL_001423,SMP Series Hydraulic Pump_WA Connection Block,Component,HAS_COMPONENT,SMP Series Hydraulic Pump_Directional Valve,Component,WA 连接块上安装有三位四通换向阀,液压::Operation and Maintenance Manual for SMP Series Hydraulic Pu,液压::Operation and Maintenance Manual for SMP Series Hydraulic Pu::chunk_10
REL_001424,SMP Series Hydraulic Pump_WA Connection Block,Component,HAS_COMPONENT,SMP Series Hydraulic Pump_Instrument,Component,WA 连接块上安装有压力表,液压::Operation and Maintenance Manual for SMP Series Hydraulic Pu,液压::Operation and Maintenance Manual for SMP Series Hydraulic Pu::chunk_10
REL_001425,SMP Series Hydraulic Pump_WA Connection Block,Component,HAS_COMPONENT,SMP Series Hydraulic Pump_Pressure Regulating Valve,Component,WA 连接块上安装有调压阀,液压::Operation and Maintenance Manual for SMP Series Hydraulic Pu,液压::Operation and Maintenance Manual for SMP Series Hydraulic Pu::chunk_10
REL_001426,SMP Series Hydraulic Pump_WB Connection Block,Component,HAS_COMPONENT,SMP Series Hydraulic Pump_Check valve,Component,WB 连接块上安装有单向阀,液压::Operation and Maintenance Manual for SMP Series Hydraulic Pu,液压::Operation and Maintenance Manual for SMP Series Hydraulic Pu::chunk_10
REL_001427,SMP Series Hydraulic Pump_WB Connection Block,Component,HAS_COMPONENT,SMP Series Hydraulic Pump_Instrument,Component,WB 连接块上安装有压力表,液压::Operation and Maintenance Manual for SMP Series Hydraulic Pu,液压::Operation and Maintenance Manual for SMP Series Hydraulic Pu::chunk_10
REL_001428,SMP Series Hydraulic Pump_WB Connection Block,Component,HAS_COMPONENT,SMP Series Hydraulic Pump_Pressure Regulating Valve,Component,WB 连接块上安装有调压阀,液压::Operation and Maintenance Manual for SMP Series Hydraulic Pu,液压::Operation and Maintenance Manual for SMP Series Hydraulic Pu::chunk_10
REL_001429,SMP Series Hydraulic Pump_WB Connection Block,Component,HAS_COMPONENT,SMP Series Hydraulic Pump_Shut-off Valve,Component,WB 连接块上安装有截止阀,液压::Operation and Maintenance Manual for SMP Series Hydraulic Pu,液压::Operation and Maintenance Manual for SMP Series Hydraulic Pu::chunk_10
REL_001430,SMP Series Hydraulic Pump_WC Connection Block,Component,HAS_COMPONENT,SMP Series Hydraulic Pump_Check valve,Component,WC 连接块上安装有单向阀,液压::Operation and Maintenance Manual for SMP Series Hydraulic Pu,液压::Operation and Maintenance Manual for SMP Series Hydraulic Pu::chunk_10
REL_001431,SMP Series Hydraulic Pump_WC Connection Block,Component,HAS_COMPONENT,SMP Series Hydraulic Pump_Instrument,Component,WC 连接块上安装有压力表,液压::Operation and Maintenance Manual for SMP Series Hydraulic Pu,液压::Operation and Maintenance Manual for SMP Series Hydraulic Pu::chunk_10
REL_001432,SMP Series Hydraulic Pump_WC Connection Block,Component,HAS_COMPONENT,SMP Series Hydraulic Pump_Pneumatic Valve,Component,WC 连接块上安装有气动阀,液压::Operation and Maintenance Manual for SMP Series Hydraulic Pu,液压::Operation and Maintenance Manual for SMP Series Hydraulic Pu::chunk_10
REL_001433,SMP Series Hydraulic Pump_WC Connection Block,Component,HAS_COMPONENT,SMP Series Hydraulic Pump_Pressure Regulating Valve,Component,WC 连接块上安装有调压阀,液压::Operation and Maintenance Manual for SMP Series Hydraulic Pu,液压::Operation and Maintenance Manual for SMP Series Hydraulic Pu::chunk_10
REL_001434,SMP Series Hydraulic Pump_WH Connection Block,Component,HAS_COMPONENT,SMP Series Hydraulic Pump_Check valve,Component,WH 连接块上安装有单向阀,液压::Operation and Maintenance Manual for SMP Series Hydraulic Pu,液压::Operation and Maintenance Manual for SMP Series Hydraulic Pu::chunk_10
REL_001435,SMP Series Hydraulic Pump_WH Connection Block,Component,HAS_COMPONENT,SMP Series Hydraulic Pump_Instrument,Component,WH 连接块上安装有压力表,液压::Operation and Maintenance Manual for SMP Series Hydraulic Pu,液压::Operation and Maintenance Manual for SMP Series Hydraulic Pu::chunk_10
REL_001436,SMP Series Hydraulic Pump_WH Connection Block,Component,HAS_COMPONENT,SMP Series Hydraulic Pump_Pneumatic Valve,Component,WH 连接块上安装有气动阀,液压::Operation and Maintenance Manual for SMP Series Hydraulic Pu,液压::Operation and Maintenance Manual for SMP Series Hydraulic Pu::chunk_10
REL_001437,SMP Series Hydraulic Pump_WH Connection Block,Component,HAS_COMPONENT,SMP Series Hydraulic Pump_Pressure Regulating Valve,Component,WH 连接块上安装有调压阀,液压::Operation and Maintenance Manual for SMP Series Hydraulic Pu,液压::Operation and Maintenance Manual for SMP Series Hydraulic Pu::chunk_10
REL_001438,SMP Series Hydraulic Pump_Warning Plate,Equipment,HAS_SAFETY_NOTE,SMP Series Hydraulic Pump_High Pressure Fluid Safety,SafetyNote,警告标志牌上印有高压流体伤害的安全警示,液压::Operation and Maintenance Manual for SMP Series Hydraulic Pu,液压::Operation and Maintenance Manual for SMP Series Hydraulic Pu::chunk_6;液压::Operation and Maintenance Manual for SMP Series Hydraulic Pu::chunk_7
REL_001439,SMP Series Hydraulic Pump_Warning Plate,Equipment,HAS_SAFETY_NOTE,SMP Series Hydraulic Pump_Operation Safety Warning,SafetyNote,警告牌设备关联操作安全禁忌事项,液压::Operation and Maintenance Manual for SMP Series Hydraulic Pu,液压::Operation and Maintenance Manual for SMP Series Hydraulic Pu::chunk_1
REL_001440,WirelessHART 监测网络系统,System,HAS_COMPONENT,Rosemount 3051S 无线压力变送器,Equipment,监测网络系统包含无线压力变送器作为核心测量节点,液压::参考手册-rosemount-3051s-无线系列产品-zh-cn-10755064,液压::参考手册-rosemount-3051s-无线系列产品-zh-cn-10755064::chunk_1
REL_001441,WirelessHART 监测网络系统,System,HAS_COMPONENT,WirelessHART 监测网络系统_Rosemount 304 一体化阀组,Equipment,系统包含 304 型一体化阀组设备,液压::参考手册-rosemount-3051s-无线系列产品-zh-cn-10755064,液压::参考手册-rosemount-3051s-无线系列产品-zh-cn-10755064::chunk_7
REL_001442,WirelessHART 监测网络系统,System,HAS_COMPONENT,WirelessHART 监测网络系统_Rosemount 305 一体化阀组,Equipment,系统包含 305 型一体化阀组设备,液压::参考手册-rosemount-3051s-无线系列产品-zh-cn-10755064,液压::参考手册-rosemount-3051s-无线系列产品-zh-cn-10755064::chunk_7
REL_001443,WirelessHART 监测网络系统,System,HAS_COMPONENT,WirelessHART 监测网络系统_Rosemount 306 一体化阀组,Equipment,系统包含 306 型一体化阀组设备,液压::参考手册-rosemount-3051s-无线系列产品-zh-cn-10755064,液压::参考手册-rosemount-3051s-无线系列产品-zh-cn-10755064::chunk_7
REL_001444,WirelessHART 监测网络系统,System,HAS_COMPONENT,智能无线网关,Equipment,监测网络系统包含智能无线网关作为通讯枢纽,液压::参考手册-rosemount-3051s-无线系列产品-zh-cn-10755064,液压::参考手册-rosemount-3051s-无线系列产品-zh-cn-10755064::chunk_1
REL_001445,智能无线网关,Equipment,DIAGNOSED_BY,智能无线网关_Web 界面验证连通性,DiagnosticMethod,智能无线网关系统状态可通过 Web 界面验证连通性方法进行诊断,液压::参考手册-rosemount-3051s-无线系列产品-zh-cn-10755064,液压::参考手册-rosemount-3051s-无线系列产品-zh-cn-10755064::chunk_8
REL_001446,智能无线网关,Equipment,HAS_COMPONENT,智能无线网关_瞬变保护装置,Component,网关接口处需安装瞬变保护装置,液压::参考手册-rosemount-3051s-无线系列产品-zh-cn-10755064,液压::参考手册-rosemount-3051s-无线系列产品-zh-cn-10755064::chunk_11
REL_001447,智能无线网关,Equipment,HAS_COMPONENT,智能无线网关_集成 Web 界面,Component,智能无线网关包含集成 Web 界面组件用于系统监控,液压::参考手册-rosemount-3051s-无线系列产品-zh-cn-10755064,液压::参考手册-rosemount-3051s-无线系列产品-zh-cn-10755064::chunk_8
REL_001448,智能无线网关,Equipment,HAS_FAULT,智能无线网关_红色状态指示灯,FaultPhenomenon,智能无线网关可能出现红色状态指示灯故障现象表明通讯异常,液压::参考手册-rosemount-3051s-无线系列产品-zh-cn-10755064,液压::参考手册-rosemount-3051s-无线系列产品-zh-cn-10755064::chunk_8
REL_001449,智能无线网关,Equipment,HAS_PARAMETER,智能无线网关_高速运行模式,Parameter,智能无线网关具备高速运行模式参数以优化网络连接,液压::参考手册-rosemount-3051s-无线系列产品-zh-cn-10755064,液压::参考手册-rosemount-3051s-无线系列产品-zh-cn-10755064::chunk_5
REL_001450,智能无线网关_红色状态指示灯,FaultPhenomenon,CAUSED_BY,Rosemount 3051S 无线压力变送器_网络 ID 或连接密钥不匹配,FaultCause,红色状态指示灯故障现象由网络 ID 或连接密钥不匹配原因导致,液压::参考手册-rosemount-3051s-无线系列产品-zh-cn-10755064,液压::参考手册-rosemount-3051s-无线系列产品-zh-cn-10755064::chunk_8
REL_001451,智能无线网关_红色状态指示灯,FaultPhenomenon,DIAGNOSED_BY,智能无线网关_Web 界面验证连通性,DiagnosticMethod,红色状态指示灯故障现象可通过 Web 界面验证连通性方法进行诊断,液压::参考手册-rosemount-3051s-无线系列产品-zh-cn-10755064,液压::参考手册-rosemount-3051s-无线系列产品-zh-cn-10755064::chunk_8
REL_001452,智能无线网关_集成 Web 界面,Component,MONITORS,Rosemount 3051S 无线压力变送器,Equipment,集成 Web 界面组件用于监测 Rosemount 3051S 无线压力变送器的运行状态,液压::参考手册-rosemount-3051s-无线系列产品-zh-cn-10755064,液压::参考手册-rosemount-3051s-无线系列产品-zh-cn-10755064::chunk_8
REL_001453,法兰紧固件对角交叉均匀拧紧,RepairMethod,PREVENTS,阀门受力过度变形,FaultPhenomenon,正确的紧固方式可有效防止阀门受力过度变形,液压::manuals-刀闸阀-zp300型-clarkson-zh-zh-cn-5197946,液压::manuals-刀闸阀-zp300型-clarkson-zh-zh-cn-5197946::chunk_0
REL_001454,船舶管路系统,System,HAS_COMPONENT,船舶管路系统_ZP300 型阀门,Equipment,管路系统包含 ZP300 型阀门作为核心设备,液压::manuals-刀闸阀-zp300型-clarkson-zh-zh-cn-5197946,液压::manuals-刀闸阀-zp300型-clarkson-zh-zh-cn-5197946::chunk_12
REL_001455,船舶管路系统_ZP300 型阀门,Equipment,BELONGS_TO,船舶管路系统,System,ZP300 阀门隶属于船舶管路系统层级,液压::manuals-刀闸阀-zp300型-clarkson-zh-zh-cn-5197946,液压::manuals-刀闸阀-zp300型-clarkson-zh-zh-cn-5197946::chunk_0
REL_001456,船舶管路系统_ZP300 型阀门,Equipment,DIAGNOSED_BY,船舶管路系统_ZP300 型阀门_60 天定期检查,DiagnosticMethod,阀门设备需通过 60 天定期检查进行状态诊断,液压::manuals-刀闸阀-zp300型-clarkson-zh-zh-cn-5197946,液压::manuals-刀闸阀-zp300型-clarkson-zh-zh-cn-5197946::chunk_9
REL_001457,船舶管路系统_ZP300 型阀门,Equipment,DIAGNOSED_BY,船舶管路系统_ZP300 型阀门_全开全闭功能测试,DiagnosticMethod,阀门设备需通过全开全闭测试验证功能,液压::manuals-刀闸阀-zp300型-clarkson-zh-zh-cn-5197946,液压::manuals-刀闸阀-zp300型-clarkson-zh-zh-cn-5197946::chunk_9
REL_001458,船舶管路系统_ZP300 型阀门,Equipment,DIAGNOSED_BY,船舶管路系统_ZP300 型阀门_初步检查,DiagnosticMethod,阀门状态通过初步检查流程进行诊断,液压::manuals-刀闸阀-zp300型-clarkson-zh-zh-cn-5197946,液压::manuals-刀闸阀-zp300型-clarkson-zh-zh-cn-5197946::chunk_2
REL_001459,船舶管路系统_ZP300 型阀门,Equipment,HAS_COMPONENT,船舶管路系统_ZP300 型阀门_填料,Component,阀门主体包含填料密封组件,液压::manuals-刀闸阀-zp300型-clarkson-zh-zh-cn-5197946,液压::manuals-刀闸阀-zp300型-clarkson-zh-zh-cn-5197946::chunk_10
REL_001460,船舶管路系统_ZP300 型阀门,Equipment,HAS_COMPONENT,船舶管路系统_ZP300 型阀门_填料压盖,Component,阀门设备包含填料压盖密封组件,液压::manuals-刀闸阀-zp300型-clarkson-zh-zh-cn-5197946,液压::manuals-刀闸阀-zp300型-clarkson-zh-zh-cn-5197946::chunk_2
REL_001461,船舶管路系统_ZP300 型阀门,Equipment,HAS_COMPONENT,船舶管路系统_ZP300 型阀门_外耐磨环,Component,阀门主体设备包含外耐磨环作为关键密封部件,液压::manuals-刀闸阀-zp300型-clarkson-zh-zh-cn-5197946,液压::manuals-刀闸阀-zp300型-clarkson-zh-zh-cn-5197946::chunk_8
REL_001462,船舶管路系统_ZP300 型阀门,Equipment,HAS_COMPONENT,船舶管路系统_ZP300 型阀门_定位器,Component,阀门设备可选配定位器控制组件,液压::manuals-刀闸阀-zp300型-clarkson-zh-zh-cn-5197946,液压::manuals-刀闸阀-zp300型-clarkson-zh-zh-cn-5197946::chunk_2
REL_001463,船舶管路系统_ZP300 型阀门,Equipment,HAS_COMPONENT,船舶管路系统_ZP300 型阀门_弹性阀座,Component,阀门设备内部包含弹性阀座组件,液压::manuals-刀闸阀-zp300型-clarkson-zh-zh-cn-5197946,液压::manuals-刀闸阀-zp300型-clarkson-zh-zh-cn-5197946::chunk_9
REL_001464,船舶管路系统_ZP300 型阀门,Equipment,HAS_COMPONENT,船舶管路系统_ZP300 型阀门_手轮,Component,阀门设备包含手轮操作组件,液压::manuals-刀闸阀-zp300型-clarkson-zh-zh-cn-5197946,液压::manuals-刀闸阀-zp300型-clarkson-zh-zh-cn-5197946::chunk_2
REL_001465,船舶管路系统_ZP300 型阀门,Equipment,HAS_COMPONENT,船舶管路系统_ZP300 型阀门_气动执行机构,Component,阀门主体设备包含气动执行机构核心模块,液压::manuals-刀闸阀-zp300型-clarkson-zh-zh-cn-5197946,液压::manuals-刀闸阀-zp300型-clarkson-zh-zh-cn-5197946::chunk_0
REL_001466,船舶管路系统_ZP300 型阀门,Equipment,HAS_COMPONENT,船舶管路系统_ZP300 型阀门_活塞杆,Component,阀门设备内部包含活塞杆组件,液压::manuals-刀闸阀-zp300型-clarkson-zh-zh-cn-5197946,液压::manuals-刀闸阀-zp300型-clarkson-zh-zh-cn-5197946::chunk_9
REL_001467,船舶管路系统_ZP300 型阀门,Equipment,HAS_COMPONENT,船舶管路系统_ZP300 型阀门_活塞杆保护罩,Component,阀门设备内部包含活塞杆保护罩组件,液压::manuals-刀闸阀-zp300型-clarkson-zh-zh-cn-5197946,液压::manuals-刀闸阀-zp300型-clarkson-zh-zh-cn-5197946::chunk_9
REL_001468,船舶管路系统_ZP300 型阀门,Equipment,HAS_COMPONENT,船舶管路系统_ZP300 型阀门_液压执行机构,Component,阀门设备包含液压执行机构组件,液压::manuals-刀闸阀-zp300型-clarkson-zh-zh-cn-5197946,液压::manuals-刀闸阀-zp300型-clarkson-zh-zh-cn-5197946::chunk_2
REL_001469,船舶管路系统_ZP300 型阀门,Equipment,HAS_COMPONENT,船舶管路系统_ZP300 型阀门_锥齿轮箱,Component,阀门主体装备锥齿轮箱作为驱动操作组件,液压::manuals-刀闸阀-zp300型-clarkson-zh-zh-cn-5197946,液压::manuals-刀闸阀-zp300型-clarkson-zh-zh-cn-5197946::chunk_7
REL_001470,船舶管路系统_ZP300 型阀门,Equipment,HAS_FAULT,船舶管路系统_ZP300 型阀门_装运损坏,FaultPhenomenon,阀门可能出现装运损坏故障现象,液压::manuals-刀闸阀-zp300型-clarkson-zh-zh-cn-5197946,液压::manuals-刀闸阀-zp300型-clarkson-zh-zh-cn-5197946::chunk_2
REL_001471,船舶管路系统_ZP300 型阀门,Equipment,HAS_PARAMETER,船舶管路系统_ZP300 型阀门_ASME B16.20 与 B16.21 标准,Parameter,阀门垫片选型需遵循 ASME B16.20 与 B16.21 标准,液压::manuals-刀闸阀-zp300型-clarkson-zh-zh-cn-5197946,液压::manuals-刀闸阀-zp300型-clarkson-zh-zh-cn-5197946::chunk_4
REL_001472,船舶管路系统_ZP300 型阀门,Equipment,HAS_PARAMETER,船舶管路系统_ZP300 型阀门_ASME B16.47 标准,Parameter,阀门法兰钻孔制造需遵循 ASME B16.5 标准,液压::manuals-刀闸阀-zp300型-clarkson-zh-zh-cn-5197946,液压::manuals-刀闸阀-zp300型-clarkson-zh-zh-cn-5197946::chunk_4
REL_001473,船舶管路系统_ZP300 型阀门,Equipment,HAS_PARAMETER,船舶管路系统_ZP300 型阀门_ASME VIII-1 附录 2 标准,Parameter,阀门垫片配置需遵循 ASME VIII-1 附录 2 规范,液压::manuals-刀闸阀-zp300型-clarkson-zh-zh-cn-5197946,液压::manuals-刀闸阀-zp300型-clarkson-zh-zh-cn-5197946::chunk_4
REL_001474,船舶管路系统_ZP300 型阀门,Equipment,HAS_PARAMETER,船舶管路系统_ZP300 型阀门_MSS SP-135 标准,Parameter,阀门设备符合 MSS SP-135 标准参数,液压::manuals-刀闸阀-zp300型-clarkson-zh-zh-cn-5197946,液压::manuals-刀闸阀-zp300型-clarkson-zh-zh-cn-5197946::chunk_2
REL_001475,船舶管路系统_ZP300 型阀门,Equipment,HAS_PARAMETER,船舶管路系统_ZP300 型阀门_使用极限,Parameter,阀门具备压力和温度操作极限参数,液压::manuals-刀闸阀-zp300型-clarkson-zh-zh-cn-5197946,液压::manuals-刀闸阀-zp300型-clarkson-zh-zh-cn-5197946::chunk_1
REL_001476,船舶管路系统_ZP300 型阀门,Equipment,HAS_PARAMETER,船舶管路系统_ZP300 型阀门_包络尺寸,Parameter,阀门设备具有包络尺寸参数,液压::manuals-刀闸阀-zp300型-clarkson-zh-zh-cn-5197946,液压::manuals-刀闸阀-zp300型-clarkson-zh-zh-cn-5197946::chunk_2
REL_001477,船舶管路系统_ZP300 型阀门,Equipment,HAS_PARAMETER,船舶管路系统_ZP300 型阀门_压力等级,Parameter,阀门具备特定的压力等级参数,液压::manuals-刀闸阀-zp300型-clarkson-zh-zh-cn-5197946,液压::manuals-刀闸阀-zp300型-clarkson-zh-zh-cn-5197946::chunk_1
REL_001478,船舶管路系统_ZP300 型阀门,Equipment,HAS_PARAMETER,船舶管路系统_ZP300 型阀门_尺寸,Parameter,阀门具备特定的尺寸规格参数,液压::manuals-刀闸阀-zp300型-clarkson-zh-zh-cn-5197946,液压::manuals-刀闸阀-zp300型-clarkson-zh-zh-cn-5197946::chunk_1
REL_001479,船舶管路系统_ZP300 型阀门,Equipment,HAS_PARAMETER,船舶管路系统_ZP300 型阀门_法兰安装孔深度限制,Parameter,阀门设备具备特定的法兰安装孔深度技术参数要求,液压::manuals-刀闸阀-zp300型-clarkson-zh-zh-cn-5197946,液压::manuals-刀闸阀-zp300型-clarkson-zh-zh-cn-5197946::chunk_3
REL_001480,船舶管路系统_ZP300 型阀门,Equipment,HAS_PARAMETER,船舶管路系统_ZP300 型阀门_法兰螺栓最大扭矩,Parameter,阀门法兰安装需参考螺栓最大扭矩参数表,液压::manuals-刀闸阀-zp300型-clarkson-zh-zh-cn-5197946,液压::manuals-刀闸阀-zp300型-clarkson-zh-zh-cn-5197946::chunk_4
REL_001481,船舶管路系统_ZP300 型阀门,Equipment,HAS_PARAMETER,船舶管路系统_ZP300 型阀门_法兰螺栓长度计算规则,Parameter,阀门法兰安装需依据螺栓长度计算规则选配螺钉,液压::manuals-刀闸阀-zp300型-clarkson-zh-zh-cn-5197946,液压::manuals-刀闸阀-zp300型-clarkson-zh-zh-cn-5197946::chunk_4
REL_001482,船舶管路系统_ZP300 型阀门,Equipment,HAS_PARAMETER,船舶管路系统_ZP300 型阀门_符合标准,Parameter,阀门具备设计与制造符合的标准参数,液压::manuals-刀闸阀-zp300型-clarkson-zh-zh-cn-5197946,液压::manuals-刀闸阀-zp300型-clarkson-zh-zh-cn-5197946::chunk_1
REL_001483,船舶管路系统_ZP300 型阀门,Equipment,HAS_PARAMETER,船舶管路系统_ZP300 型阀门_阀体材料,Parameter,阀门具备特定的阀体材料参数,液压::manuals-刀闸阀-zp300型-clarkson-zh-zh-cn-5197946,液压::manuals-刀闸阀-zp300型-clarkson-zh-zh-cn-5197946::chunk_1
REL_001484,船舶管路系统_ZP300 型阀门,Equipment,HAS_SAFETY_NOTE,船舶管路系统_ZP300 型阀门_填料过度拧紧禁忌,SafetyNote,阀门设备维护需遵守填料拧紧安全禁忌,液压::manuals-刀闸阀-zp300型-clarkson-zh-zh-cn-5197946,液压::manuals-刀闸阀-zp300型-clarkson-zh-zh-cn-5197946::chunk_2
REL_001485,船舶管路系统_ZP300 型阀门,Equipment,HAS_SAFETY_NOTE,船舶管路系统_ZP300 型阀门_扭矩超限禁忌,SafetyNote,阀门维护时必须遵守扭矩超限禁忌安全事项,液压::manuals-刀闸阀-zp300型-clarkson-zh-zh-cn-5197946,液压::manuals-刀闸阀-zp300型-clarkson-zh-zh-cn-5197946::chunk_4
REL_001486,船舶管路系统_ZP300 型阀门,Equipment,HAS_SAFETY_NOTE,船舶管路系统_ZP300 型阀门_阀体内表面损坏防护,SafetyNote,阀门维护过程中必须遵守防止内表面损坏的安全注意事项,液压::manuals-刀闸阀-zp300型-clarkson-zh-zh-cn-5197946,液压::manuals-刀闸阀-zp300型-clarkson-zh-zh-cn-5197946::chunk_3
REL_001487,船舶管路系统_ZP300 型阀门,Equipment,HAS_SAFETY_NOTE,船舶管路系统_ZP300 型阀门_非安装状态闸板开启要求,SafetyNote,阀门设备在非安装状态下需遵守闸板开启的安全要求,液压::manuals-刀闸阀-zp300型-clarkson-zh-zh-cn-5197946,液压::manuals-刀闸阀-zp300型-clarkson-zh-zh-cn-5197946::chunk_9
REL_001488,船舶管路系统_ZP300 型阀门,Equipment,HAS_SAFETY_NOTE,非垂直安装额外支持要求,SafetyNote,阀门设备关联非垂直安装时的安全支持注意事项,液压::manuals-刀闸阀-zp300型-clarkson-zh-zh-cn-5197946,液压::manuals-刀闸阀-zp300型-clarkson-zh-zh-cn-5197946::chunk_0
REL_001489,船舶管路系统_ZP300 型阀门,Equipment,REPAIRED_BY,使用管道支架或伸缩节,RepairMethod,阀门安装需通过支架或伸缩节减少管道负载,液压::manuals-刀闸阀-zp300型-clarkson-zh-zh-cn-5197946,液压::manuals-刀闸阀-zp300型-clarkson-zh-zh-cn-5197946::chunk_0
REL_001490,船舶管路系统_ZP300 型阀门,Equipment,REPAIRED_BY,法兰紧固件对角交叉均匀拧紧,RepairMethod,阀门安装维护需采用对角交叉均匀拧紧方法,液压::manuals-刀闸阀-zp300型-clarkson-zh-zh-cn-5197946,液压::manuals-刀闸阀-zp300型-clarkson-zh-zh-cn-5197946::chunk_0
REL_001491,船舶管路系统_ZP300 型阀门,Equipment,REPAIRED_BY,船舶管路系统_ZP300 型阀门_法兰安装孔螺钉使用,RepairMethod,阀门法兰连接维护需采用在安裝孔使用螺钉的修复方法,液压::manuals-刀闸阀-zp300型-clarkson-zh-zh-cn-5197946,液压::manuals-刀闸阀-zp300型-clarkson-zh-zh-cn-5197946::chunk_3
REL_001492,船舶管路系统_ZP300 型阀门_填料,Component,HAS_SAFETY_NOTE,船舶管路系统_ZP300 型阀门_填料安装防扭曲,SafetyNote,填料安装过程中严禁扭曲填料股,液压::manuals-刀闸阀-zp300型-clarkson-zh-zh-cn-5197946,液压::manuals-刀闸阀-zp300型-clarkson-zh-zh-cn-5197946::chunk_10
REL_001493,船舶管路系统_ZP300 型阀门_填料,Component,REPAIRED_BY,船舶管路系统_ZP300 型阀门_填料切削补偿,RepairMethod,填料更换需进行切削长度补偿处理,液压::manuals-刀闸阀-zp300型-clarkson-zh-zh-cn-5197946,液压::manuals-刀闸阀-zp300型-clarkson-zh-zh-cn-5197946::chunk_10
REL_001494,船舶管路系统_ZP300 型阀门_填料,Component,REPAIRED_BY,船舶管路系统_ZP300 型阀门_填料层交替安放,RepairMethod,填料安装需采用交替层叠方式,液压::manuals-刀闸阀-zp300型-clarkson-zh-zh-cn-5197946,液压::manuals-刀闸阀-zp300型-clarkson-zh-zh-cn-5197946::chunk_10
REL_001495,船舶管路系统_ZP300 型阀门_填料压盖,Component,HAS_FAULT,船舶管路系统_ZP300 型阀门_填料泄漏,FaultPhenomenon,填料压盖组件可能出现泄漏故障现象,液压::manuals-刀闸阀-zp300型-clarkson-zh-zh-cn-5197946,液压::manuals-刀闸阀-zp300型-clarkson-zh-zh-cn-5197946::chunk_2
REL_001496,船舶管路系统_ZP300 型阀门_填料压盖,Component,HAS_FAULT,船舶管路系统_ZP300 型阀门_填料磨损,FaultPhenomenon,填料压盖组件可能出现填料磨损故障,液压::manuals-刀闸阀-zp300型-clarkson-zh-zh-cn-5197946,液压::manuals-刀闸阀-zp300型-clarkson-zh-zh-cn-5197946::chunk_9
REL_001497,船舶管路系统_ZP300 型阀门_填料压盖,Component,HAS_PARAMETER,船舶管路系统_ZP300 型阀门_填料压缩长度参数,Parameter,填料压盖初次拧紧需符合压缩长度参数,液压::manuals-刀闸阀-zp300型-clarkson-zh-zh-cn-5197946,液压::manuals-刀闸阀-zp300型-clarkson-zh-zh-cn-5197946::chunk_10
REL_001498,船舶管路系统_ZP300 型阀门_填料压盖,Component,REPAIRED_BY,船舶管路系统_ZP300 型阀门_填料层交替安放,RepairMethod,填料压盖需通过特定步骤安装紧固,液压::manuals-刀闸阀-zp300型-clarkson-zh-zh-cn-5197946,液压::manuals-刀闸阀-zp300型-clarkson-zh-zh-cn-5197946::chunk_10
REL_001499,船舶管路系统_ZP300 型阀门_填料寿命缩短,FaultPhenomenon,CAUSED_BY,船舶管路系统_ZP300 型阀门_填料过度拧紧,FaultCause,填料寿命缩短由填料过度拧紧导致,液压::manuals-刀闸阀-zp300型-clarkson-zh-zh-cn-5197946,液压::manuals-刀闸阀-zp300型-clarkson-zh-zh-cn-5197946::chunk_2
REL_001500,船舶管路系统_ZP300 型阀门_填料层交替安放,RepairMethod,HAS_PARAMETER,船舶管路系统_ZP300 型阀门_紧固胶水规格,Parameter,压盖螺钉紧固需使用指定规格胶水,液压::manuals-刀闸阀-zp300型-clarkson-zh-zh-cn-5197946,液压::manuals-刀闸阀-zp300型-clarkson-zh-zh-cn-5197946::chunk_10
REL_001501,船舶管路系统_ZP300 型阀门_填料层交替安放,RepairMethod,REQUIRES,船舶管路系统_ZP300 型阀门_填料更换规格参数,Parameter,执行填料更换时必须严格参照规格参数表中的尺寸数据,液压::manuals-刀闸阀-zp300型-clarkson-zh-zh-cn-5197946,液压::manuals-刀闸阀-zp300型-clarkson-zh-zh-cn-5197946::chunk_11
REL_001502,船舶管路系统_ZP300 型阀门_填料层交替安放,RepairMethod,REQUIRES,船舶管路系统_ZP300 型阀门_安装方式 A,RepairMethod,更换填料操作中可根据实际情况选择安装方式 A 进行施工,液压::manuals-刀闸阀-zp300型-clarkson-zh-zh-cn-5197946,液压::manuals-刀闸阀-zp300型-clarkson-zh-zh-cn-5197946::chunk_11
REL_001503,船舶管路系统_ZP300 型阀门_填料层交替安放,RepairMethod,REQUIRES,船舶管路系统_ZP300 型阀门_贝氏弹簧垫圈堆叠,RepairMethod,压盖安装过程依赖弹簧垫圈的正确堆叠,液压::manuals-刀闸阀-zp300型-clarkson-zh-zh-cn-5197946,液压::manuals-刀闸阀-zp300型-clarkson-zh-zh-cn-5197946::chunk_10
REL_001504,船舶管路系统_ZP300 型阀门_填料泄漏,FaultPhenomenon,PREVENTS,船舶管路系统_ZP300 型阀门_填料层交替安放,RepairMethod,调整压盖螺栓可防止填料泄漏,液压::manuals-刀闸阀-zp300型-clarkson-zh-zh-cn-5197946,液压::manuals-刀闸阀-zp300型-clarkson-zh-zh-cn-5197946::chunk_2
REL_001505,船舶管路系统_ZP300 型阀门_填料泄漏,FaultPhenomenon,REPAIRED_BY,船舶管路系统_ZP300 型阀门_填料层交替安放,RepairMethod,填料泄漏通过调整压盖螺栓修复,液压::manuals-刀闸阀-zp300型-clarkson-zh-zh-cn-5197946,液压::manuals-刀闸阀-zp300型-clarkson-zh-zh-cn-5197946::chunk_2
REL_001506,船舶管路系统_ZP300 型阀门_填料过度拧紧禁忌,SafetyNote,PREVENTS,船舶管路系统_ZP300 型阀门_操作扭矩增加,FaultPhenomenon,遵守拧紧禁忌可防止操作扭矩增加,液压::manuals-刀闸阀-zp300型-clarkson-zh-zh-cn-5197946,液压::manuals-刀闸阀-zp300型-clarkson-zh-zh-cn-5197946::chunk_2
REL_001507,船舶管路系统_ZP300 型阀门_外耐磨环,Component,HAS_FAULT,船舶管路系统_ZP300 型阀门_耐磨环基底金属腐蚀,FaultPhenomenon,外耐磨环组件可能出现基底金属腐蚀故障,液压::manuals-刀闸阀-zp300型-clarkson-zh-zh-cn-5197946,液压::manuals-刀闸阀-zp300型-clarkson-zh-zh-cn-5197946::chunk_9
REL_001508,船舶管路系统_ZP300 型阀门_外耐磨环,Component,HAS_FAULT,船舶管路系统_ZP300 型阀门_耐磨环密封泄漏,FaultPhenomenon,外耐磨环组件失效可能导致密封泄漏故障,液压::manuals-刀闸阀-zp300型-clarkson-zh-zh-cn-5197946,液压::manuals-刀闸阀-zp300型-clarkson-zh-zh-cn-5197946::chunk_8
REL_001509,船舶管路系统_ZP300 型阀门_外耐磨环,Component,HAS_PARAMETER,船舶管路系统_ZP300 型阀门_外耐磨环_旋转寿命参数,Parameter,耐磨环组件具有明确的旋转使用寿命参数限制,液压::manuals-刀闸阀-zp300型-clarkson-zh-zh-cn-5197946,液压::manuals-刀闸阀-zp300型-clarkson-zh-zh-cn-5197946::chunk_8
REL_001510,船舶管路系统_ZP300 型阀门_外耐磨环,Component,HAS_PARAMETER,船舶管路系统_ZP300 型阀门_外耐磨环_紧固螺钉规格,Parameter,耐磨环固定依赖特定规格的紧固螺钉参数,液压::manuals-刀闸阀-zp300型-clarkson-zh-zh-cn-5197946,液压::manuals-刀闸阀-zp300型-clarkson-zh-zh-cn-5197946::chunk_8
REL_001511,船舶管路系统_ZP300 型阀门_外耐磨环,Component,REPAIRED_BY,船舶管路系统_ZP300 型阀门_外耐磨环_安装方法,RepairMethod,外耐磨环的维护与复位需遵循特定安装方法,液压::manuals-刀闸阀-zp300型-clarkson-zh-zh-cn-5197946,液压::manuals-刀闸阀-zp300型-clarkson-zh-zh-cn-5197946::chunk_8
REL_001512,船舶管路系统_ZP300 型阀门_外耐磨环,Component,REPAIRED_BY,船舶管路系统_ZP300 型阀门_耐磨环旋转延寿,RepairMethod,外耐磨环可通过旋转方式延长使用寿命,液压::manuals-刀闸阀-zp300型-clarkson-zh-zh-cn-5197946,液压::manuals-刀闸阀-zp300型-clarkson-zh-zh-cn-5197946::chunk_9
REL_001513,船舶管路系统_ZP300 型阀门_外耐磨环_安装方法,RepairMethod,PREVENTS,船舶管路系统_ZP300 型阀门_耐磨环密封泄漏,FaultPhenomenon,规范的安装方法可有效防止耐磨环密封泄漏故障,液压::manuals-刀闸阀-zp300型-clarkson-zh-zh-cn-5197946,液压::manuals-刀闸阀-zp300型-clarkson-zh-zh-cn-5197946::chunk_8
REL_001514,船舶管路系统_ZP300 型阀门_弹性阀座,Component,HAS_FAULT,船舶管路系统_ZP300 型阀门_弹性阀座膨胀,FaultPhenomenon,弹性阀座组件可能出现膨胀故障,液压::manuals-刀闸阀-zp300型-clarkson-zh-zh-cn-5197946,液压::manuals-刀闸阀-zp300型-clarkson-zh-zh-cn-5197946::chunk_9
REL_001515,船舶管路系统_ZP300 型阀门_弹性阀座,Component,HAS_FAULT,船舶管路系统_ZP300 型阀门_弹性阀座裂纹,FaultPhenomenon,弹性阀座组件可能出现裂纹故障,液压::manuals-刀闸阀-zp300型-clarkson-zh-zh-cn-5197946,液压::manuals-刀闸阀-zp300型-clarkson-zh-zh-cn-5197946::chunk_9
REL_001516,船舶管路系统_ZP300 型阀门_弹性阀座裂纹,FaultPhenomenon,REPAIRED_BY,船舶管路系统_ZP300 型阀门_弹性阀座更换,RepairMethod,弹性阀座裂纹故障需通过更换阀座修复,液压::manuals-刀闸阀-zp300型-clarkson-zh-zh-cn-5197946,液压::manuals-刀闸阀-zp300型-clarkson-zh-zh-cn-5197946::chunk_9
REL_001517,船舶管路系统_ZP300 型阀门_微小泄漏及时处理,SafetyNote,PREVENTS,船舶管路系统_ZP300 型阀门_阀体内表面损坏,FaultPhenomenon,及时处理微小泄漏可防止阀体表面损坏,液压::manuals-刀闸阀-zp300型-clarkson-zh-zh-cn-5197946,液压::manuals-刀闸阀-zp300型-clarkson-zh-zh-cn-5197946::chunk_10
REL_001518,船舶管路系统_ZP300 型阀门_手轮,Component,HAS_FAULT,船舶管路系统_ZP300 型阀门_手轮松动,FaultPhenomenon,手轮组件可能出现松动故障现象,液压::manuals-刀闸阀-zp300型-clarkson-zh-zh-cn-5197946,液压::manuals-刀闸阀-zp300型-clarkson-zh-zh-cn-5197946::chunk_2
REL_001519,船舶管路系统_ZP300 型阀门_手轮松动,FaultPhenomenon,REPAIRED_BY,船舶管路系统_ZP300 型阀门_手轮螺母拧紧,RepairMethod,手轮松动通过拧紧固定螺母修复,液压::manuals-刀闸阀-zp300型-clarkson-zh-zh-cn-5197946,液压::manuals-刀闸阀-zp300型-clarkson-zh-zh-cn-5197946::chunk_2
REL_001520,船舶管路系统_ZP300 型阀门_扭矩超限禁忌,SafetyNote,PREVENTS,船舶管路系统_ZP300 型阀门_阀体内表面损坏,FaultPhenomenon,遵守扭矩禁忌可防止阀体内表面及螺纹损坏,液压::manuals-刀闸阀-zp300型-clarkson-zh-zh-cn-5197946,液压::manuals-刀闸阀-zp300型-clarkson-zh-zh-cn-5197946::chunk_4
REL_001521,船舶管路系统_ZP300 型阀门_操作扭矩增加,FaultPhenomenon,CAUSED_BY,船舶管路系统_ZP300 型阀门_填料过度拧紧,FaultCause,操作扭矩增加由填料过度拧紧导致,液压::manuals-刀闸阀-zp300型-clarkson-zh-zh-cn-5197946,液压::manuals-刀闸阀-zp300型-clarkson-zh-zh-cn-5197946::chunk_2
REL_001522,船舶管路系统_ZP300 型阀门_气动执行机构,Component,HAS_COMPONENT,船舶管路系统_ZP300 型阀门_气动执行机构,Component,气动执行机构内部包含核心气缸模块,液压::manuals-刀闸阀-zp300型-clarkson-zh-zh-cn-5197946,液压::manuals-刀闸阀-zp300型-clarkson-zh-zh-cn-5197946::chunk_12
REL_001523,船舶管路系统_ZP300 型阀门_气动执行机构,Component,HAS_COMPONENT,船舶管路系统_ZP300 型阀门_活塞杆,Component,气缸模块内部包含活塞杆作为运动部件,液压::manuals-刀闸阀-zp300型-clarkson-zh-zh-cn-5197946,液压::manuals-刀闸阀-zp300型-clarkson-zh-zh-cn-5197946::chunk_12
REL_001524,船舶管路系统_ZP300 型阀门_气动执行机构,Component,HAS_PARAMETER,船舶管路系统_ZP300 型阀门_气动执行机构_储存期限参数,Parameter,气缸储存需遵循特定的年限参数要求,液压::manuals-刀闸阀-zp300型-clarkson-zh-zh-cn-5197946,液压::manuals-刀闸阀-zp300型-clarkson-zh-zh-cn-5197946::chunk_12
REL_001525,船舶管路系统_ZP300 型阀门_气动执行机构,Component,HAS_PARAMETER,船舶管路系统_ZP300 型阀门_气动执行机构_年操作频率参数,Parameter,气缸储存期间需满足每年操作次数参数,液压::manuals-刀闸阀-zp300型-clarkson-zh-zh-cn-5197946,液压::manuals-刀闸阀-zp300型-clarkson-zh-zh-cn-5197946::chunk_12
REL_001526,船舶管路系统_ZP300 型阀门_气动执行机构,Component,HAS_PARAMETER,船舶管路系统_ZP300 型阀门_气动执行机构_润滑油规格参数,Parameter,气缸维护需使用特定规格的润滑油参数,液压::manuals-刀闸阀-zp300型-clarkson-zh-zh-cn-5197946,液压::manuals-刀闸阀-zp300型-clarkson-zh-zh-cn-5197946::chunk_12
REL_001527,船舶管路系统_ZP300 型阀门_气动执行机构,Component,HAS_SAFETY_NOTE,船舶管路系统_ZP300 型阀门_气动执行机构_储存前联系厂家,SafetyNote,储存前若有特殊说明需求必须联系厂家的安全禁忌,液压::manuals-刀闸阀-zp300型-clarkson-zh-zh-cn-5197946,液压::manuals-刀闸阀-zp300型-clarkson-zh-zh-cn-5197946::chunk_12
REL_001528,船舶管路系统_ZP300 型阀门_气动执行机构,Component,REPAIRED_BY,船舶管路系统_ZP300 型阀门_气动执行机构_长期储存润滑维护,RepairMethod,气缸长期储存需通过定期润滑维护来保持性能,液压::manuals-刀闸阀-zp300型-clarkson-zh-zh-cn-5197946,液压::manuals-刀闸阀-zp300型-clarkson-zh-zh-cn-5197946::chunk_12
REL_001529,船舶管路系统_ZP300 型阀门_气动执行机构,Component,REQUIRES,非垂直安装额外支持要求,SafetyNote,气动执行机构组件在非垂直安装时必须依赖额外支持,液压::manuals-刀闸阀-zp300型-clarkson-zh-zh-cn-5197946,液压::manuals-刀闸阀-zp300型-clarkson-zh-zh-cn-5197946::chunk_0
REL_001530,船舶管路系统_ZP300 型阀门_气动执行机构_长期储存润滑维护,RepairMethod,PREVENTS,船舶管路系统_ZP300 型阀门_活塞杆密封漏气,FaultPhenomenon,气孔封堵维护可防止因异物进入导致的密封漏气故障,液压::manuals-刀闸阀-zp300型-clarkson-zh-zh-cn-5197946,液压::manuals-刀闸阀-zp300型-clarkson-zh-zh-cn-5197946::chunk_12
REL_001531,船舶管路系统_ZP300 型阀门_气动执行机构_长期储存润滑维护,RepairMethod,PREVENTS,船舶管路系统_ZP300 型阀门_活塞杆过度腐蚀,FaultPhenomenon,定期润滑维护可有效防止活塞杆过度腐蚀故障,液压::manuals-刀闸阀-zp300型-clarkson-zh-zh-cn-5197946,液压::manuals-刀闸阀-zp300型-clarkson-zh-zh-cn-5197946::chunk_12
REL_001532,船舶管路系统_ZP300 型阀门_活塞杆,Component,HAS_FAULT,船舶管路系统_ZP300 型阀门_活塞杆密封漏气,FaultPhenomenon,活塞杆组件可能出现密封漏气故障,液压::manuals-刀闸阀-zp300型-clarkson-zh-zh-cn-5197946,液压::manuals-刀闸阀-zp300型-clarkson-zh-zh-cn-5197946::chunk_9
REL_001533,船舶管路系统_ZP300 型阀门_活塞杆,Component,HAS_FAULT,船舶管路系统_ZP300 型阀门_活塞杆过度腐蚀,FaultPhenomenon,活塞杆组件可能出现过度腐蚀故障,液压::manuals-刀闸阀-zp300型-clarkson-zh-zh-cn-5197946,液压::manuals-刀闸阀-zp300型-clarkson-zh-zh-cn-5197946::chunk_9
REL_001534,船舶管路系统_ZP300 型阀门_活塞杆,Component,REPAIRED_BY,船舶管路系统_ZP300 型阀门_气动执行机构_活塞杆涂脂维护,RepairMethod,活塞杆需通过涂脂维护防止腐蚀和损坏,液压::manuals-刀闸阀-zp300型-clarkson-zh-zh-cn-5197946,液压::manuals-刀闸阀-zp300型-clarkson-zh-zh-cn-5197946::chunk_12
REL_001535,船舶管路系统_ZP300 型阀门_活塞杆保护罩,Component,HAS_FAULT,船舶管路系统_ZP300 型阀门_活塞杆保护罩破损,FaultPhenomenon,活塞杆保护罩组件可能出现破损故障,液压::manuals-刀闸阀-zp300型-clarkson-zh-zh-cn-5197946,液压::manuals-刀闸阀-zp300型-clarkson-zh-zh-cn-5197946::chunk_9
REL_001536,船舶管路系统_ZP300 型阀门_耐磨环基底金属腐蚀,FaultPhenomenon,REPAIRED_BY,船舶管路系统_ZP300 型阀门_耐磨环更换,RepairMethod,耐磨环基底金属腐蚀故障需通过更换耐磨环修复,液压::manuals-刀闸阀-zp300型-clarkson-zh-zh-cn-5197946,液压::manuals-刀闸阀-zp300型-clarkson-zh-zh-cn-5197946::chunk_9
REL_001537,船舶管路系统_ZP300 型阀门_装运损坏,FaultPhenomenon,CAUSED_BY,船舶管路系统_ZP300 型阀门_装运冲击,FaultCause,装运损坏由运输过程中的冲击导致,液压::manuals-刀闸阀-zp300型-clarkson-zh-zh-cn-5197946,液压::manuals-刀闸阀-zp300型-clarkson-zh-zh-cn-5197946::chunk_2
REL_001538,船舶管路系统_ZP300 型阀门_贝氏弹簧垫圈堆叠,RepairMethod,HAS_SAFETY_NOTE,船舶管路系统_ZP300 型阀门_弹簧垫圈朝向要求,SafetyNote,弹簧垫圈堆叠需遵循朝向相对的安全要求,液压::manuals-刀闸阀-zp300型-clarkson-zh-zh-cn-5197946,液压::manuals-刀闸阀-zp300型-clarkson-zh-zh-cn-5197946::chunk_10
REL_001539,船舶管路系统_ZP300 型阀门_锥齿轮箱,Component,CONTROLS,船舶管路系统_ZP300 型阀门,Equipment,锥齿轮箱通过机械传动控制阀门的开启与关闭,液压::manuals-刀闸阀-zp300型-clarkson-zh-zh-cn-5197946,液压::manuals-刀闸阀-zp300型-clarkson-zh-zh-cn-5197946::chunk_7
REL_001540,船舶管路系统_ZP300 型阀门_锥齿轮箱,Component,HAS_COMPONENT,船舶管路系统_ZP300 型阀门_手轮,Component,锥齿轮箱模块集成手轮作为人力输入接口,液压::manuals-刀闸阀-zp300型-clarkson-zh-zh-cn-5197946,液压::manuals-刀闸阀-zp300型-clarkson-zh-zh-cn-5197946::chunk_7
REL_001541,船舶管路系统_ZP300 型阀门_锥齿轮箱,Component,HAS_PARAMETER,船舶管路系统_ZP300 型阀门_锥齿轮箱_传动比参数,Parameter,齿轮箱选型需依据阀门尺寸匹配具体的传动比例,液压::manuals-刀闸阀-zp300型-clarkson-zh-zh-cn-5197946,液压::manuals-刀闸阀-zp300型-clarkson-zh-zh-cn-5197946::chunk_7
REL_001542,船舶管路系统_ZP300 型阀门_锥齿轮箱,Component,HAS_SAFETY_NOTE,船舶管路系统_ZP300 型阀门_锥齿轮箱_超大尺寸联系销售,SafetyNote,超出标准尺寸范围时必须联系销售以防止选型错误,液压::manuals-刀闸阀-zp300型-clarkson-zh-zh-cn-5197946,液压::manuals-刀闸阀-zp300型-clarkson-zh-zh-cn-5197946::chunk_7
REL_001543,船舶管路系统_ZP300 型阀门_阀体内表面损坏防护,SafetyNote,PREVENTS,船舶管路系统_ZP300 型阀门_阀体内表面损坏,FaultPhenomenon,遵循安全防护要求可有效防止阀体内表面损坏故障的发生,液压::manuals-刀闸阀-zp300型-clarkson-zh-zh-cn-5197946,液压::manuals-刀闸阀-zp300型-clarkson-zh-zh-cn-5197946::chunk_3
REL_001544,船舶管路系统_ZP300 型阀门_非安装状态闸板开启要求,SafetyNote,PREVENTS,船舶管路系统_ZP300 型阀门_耐磨环基底金属腐蚀,FaultPhenomenon,遵守非安装状态开启要求可防止阀门和耐磨环损坏,液压::manuals-刀闸阀-zp300型-clarkson-zh-zh-cn-5197946,液压::manuals-刀闸阀-zp300型-clarkson-zh-zh-cn-5197946::chunk_9
REL_001545,阀门受力过度变形,FaultPhenomenon,CAUSED_BY,法兰错位连接,FaultCause,法兰错位连接是导致阀门受力过度变形的直接原因,液压::manuals-刀闸阀-zp300型-clarkson-zh-zh-cn-5197946,液压::manuals-刀闸阀-zp300型-clarkson-zh-zh-cn-5197946::chunk_0
REL_001546,阀门管路系统,System,HAS_COMPONENT,阀门管路系统_三偏心阀,Equipment,系统包含三偏心阀作为核心主体设备,液压::vanessa-30-000-系列三偏心阀-tov-安装、操作及维护手册-zh-cn-5195650,液压::vanessa-30-000-系列三偏心阀-tov-安装、操作及维护手册-zh-cn-5195650::chunk_0;液压::vanessa-30-000-系列三偏心阀-tov-安装、操作及维护手册-zh-cn-5195650::chunk_1
REL_001547,阀门管路系统,System,HAS_COMPONENT,阀门管路系统_管道系统,Equipment,管路系统作为整体系统的核心设备组成部分,液压::vanessa-30-000-系列三偏心阀-tov-安装、操作及维护手册-zh-cn-5195650,液压::vanessa-30-000-系列三偏心阀-tov-安装、操作及维护手册-zh-cn-5195650::chunk_4;液压::vanessa-30-000-系列三偏心阀-tov-安装、操作及维护手册-zh-cn-5195650::chunk_5
REL_001548,阀门管路系统_三偏心阀,Equipment,CONNECTS_TO,阀门管路系统_管道法兰,Equipment,阀门端部需与管道法兰匹配连接,液压::vanessa-30-000-系列三偏心阀-tov-安装、操作及维护手册-zh-cn-5195650,液压::vanessa-30-000-系列三偏心阀-tov-安装、操作及维护手册-zh-cn-5195650::chunk_0;液压::vanessa-30-000-系列三偏心阀-tov-安装、操作及维护手册-zh-cn-5195650::chunk_1
REL_001549,阀门管路系统_三偏心阀,Equipment,DIAGNOSED_BY,阀门管路系统_三偏心阀_阀门检查,DiagnosticMethod,通过检查密封环和填料确认设备状态,液压::vanessa-30-000-系列三偏心阀-tov-安装、操作及维护手册-zh-cn-5195650,液压::vanessa-30-000-系列三偏心阀-tov-安装、操作及维护手册-zh-cn-5195650::chunk_0;液压::vanessa-30-000-系列三偏心阀-tov-安装、操作及维护手册-zh-cn-5195650::chunk_1
REL_001550,阀门管路系统_三偏心阀,Equipment,HAS_COMPONENT,阀门管路系统_三偏心阀_动态负载填料组件,Component,三偏心阀可选配动态负载填料组件以降低维护频率,液压::vanessa-30-000-系列三偏心阀-tov-安装、操作及维护手册-zh-cn-5195650,液压::vanessa-30-000-系列三偏心阀-tov-安装、操作及维护手册-zh-cn-5195650::chunk_7
REL_001551,阀门管路系统_三偏心阀,Equipment,HAS_COMPONENT,阀门管路系统_三偏心阀_填料冲洗组件,Component,三偏心阀可选配填料冲洗组件以控制排放和监测泄漏,液压::vanessa-30-000-系列三偏心阀-tov-安装、操作及维护手册-zh-cn-5195650,液压::vanessa-30-000-系列三偏心阀-tov-安装、操作及维护手册-zh-cn-5195650::chunk_7
REL_001552,阀门管路系统_三偏心阀,Equipment,HAS_COMPONENT,阀门管路系统_三偏心阀_填料衬套,Component,三偏心阀内部包含填料衬套作为关键密封组件,液压::vanessa-30-000-系列三偏心阀-tov-安装、操作及维护手册-zh-cn-5195650,液压::vanessa-30-000-系列三偏心阀-tov-安装、操作及维护手册-zh-cn-5195650::chunk_4;液压::vanessa-30-000-系列三偏心阀-tov-安装、操作及维护手册-zh-cn-5195650::chunk_5
REL_001553,阀门管路系统_三偏心阀,Equipment,HAS_COMPONENT,阀门管路系统_三偏心阀_密封环,Component,阀门内部包含密封环作为关键密封组件,液压::vanessa-30-000-系列三偏心阀-tov-安装、操作及维护手册-zh-cn-5195650,液压::vanessa-30-000-系列三偏心阀-tov-安装、操作及维护手册-zh-cn-5195650::chunk_0;液压::vanessa-30-000-系列三偏心阀-tov-安装、操作及维护手册-zh-cn-5195650::chunk_1
REL_001554,阀门管路系统_三偏心阀,Equipment,HAS_COMPONENT,阀门管路系统_三偏心阀_执行机构,Component,阀门设备配备执行机构模块用于驱动控制,液压::vanessa-30-000-系列三偏心阀-tov-安装、操作及维护手册-zh-cn-5195650,液压::vanessa-30-000-系列三偏心阀-tov-安装、操作及维护手册-zh-cn-5195650::chunk_0;液压::vanessa-30-000-系列三偏心阀-tov-安装、操作及维护手册-zh-cn-5195650::chunk_1
REL_001555,阀门管路系统_三偏心阀,Equipment,HAS_COMPONENT,阀门管路系统_三偏心阀_衬垫,Component,三偏心阀设备包含与管道连接的衬垫接口组件,液压::vanessa-30-000-系列三偏心阀-tov-安装、操作及维护手册-zh-cn-5195650,液压::vanessa-30-000-系列三偏心阀-tov-安装、操作及维护手册-zh-cn-5195650::chunk_3
REL_001556,阀门管路系统_三偏心阀,Equipment,HAS_COMPONENT,阀门管路系统_三偏心阀_轴承冲洗组件,Component,三偏心阀可选配轴承冲洗组件以应对恶劣流体环境,液压::vanessa-30-000-系列三偏心阀-tov-安装、操作及维护手册-zh-cn-5195650,液压::vanessa-30-000-系列三偏心阀-tov-安装、操作及维护手册-zh-cn-5195650::chunk_7
REL_001557,阀门管路系统_三偏心阀,Equipment,HAS_COMPONENT,阀门管路系统_三偏心阀_阀杆,Component,阀门内部包含阀杆作为传动组件,液压::vanessa-30-000-系列三偏心阀-tov-安装、操作及维护手册-zh-cn-5195650,液压::vanessa-30-000-系列三偏心阀-tov-安装、操作及维护手册-zh-cn-5195650::chunk_0;液压::vanessa-30-000-系列三偏心阀-tov-安装、操作及维护手册-zh-cn-5195650::chunk_1
REL_001558,阀门管路系统_三偏心阀,Equipment,HAS_COMPONENT,阀门管路系统_三偏心阀_阀瓣,Component,阀门内部包含阀瓣作为截断组件,液压::vanessa-30-000-系列三偏心阀-tov-安装、操作及维护手册-zh-cn-5195650,液压::vanessa-30-000-系列三偏心阀-tov-安装、操作及维护手册-zh-cn-5195650::chunk_0;液压::vanessa-30-000-系列三偏心阀-tov-安装、操作及维护手册-zh-cn-5195650::chunk_1
REL_001559,阀门管路系统_三偏心阀,Equipment,HAS_COMPONENT,阀门管路系统_三偏心阀_阀门支架,Component,三偏心阀结构中包含阀门支架用于支撑,液压::vanessa-30-000-系列三偏心阀-tov-安装、操作及维护手册-zh-cn-5195650,液压::vanessa-30-000-系列三偏心阀-tov-安装、操作及维护手册-zh-cn-5195650::chunk_4;液压::vanessa-30-000-系列三偏心阀-tov-安装、操作及维护手册-zh-cn-5195650::chunk_5
REL_001560,阀门管路系统_三偏心阀,Equipment,HAS_PARAMETER,阀门管路系统_三偏心阀_密封性能,Parameter,三偏心阀具备密封性能这一关键运行参数,液压::vanessa-30-000-系列三偏心阀-tov-安装、操作及维护手册-zh-cn-5195650,液压::vanessa-30-000-系列三偏心阀-tov-安装、操作及维护手册-zh-cn-5195650::chunk_2
REL_001561,阀门管路系统_三偏心阀,Equipment,HAS_PARAMETER,阀门管路系统_三偏心阀_工作扭矩,Parameter,三偏心阀具备工作扭矩这一关键运行参数,液压::vanessa-30-000-系列三偏心阀-tov-安装、操作及维护手册-zh-cn-5195650,液压::vanessa-30-000-系列三偏心阀-tov-安装、操作及维护手册-zh-cn-5195650::chunk_2
REL_001562,阀门管路系统_三偏心阀,Equipment,HAS_PARAMETER,阀门管路系统_三偏心阀_设计压差,Parameter,阀门内件需承受铭牌标示的设计压差,液压::vanessa-30-000-系列三偏心阀-tov-安装、操作及维护手册-zh-cn-5195650,液压::vanessa-30-000-系列三偏心阀-tov-安装、操作及维护手册-zh-cn-5195650::chunk_0;液压::vanessa-30-000-系列三偏心阀-tov-安装、操作及维护手册-zh-cn-5195650::chunk_1
REL_001563,阀门管路系统_三偏心阀,Equipment,HAS_PARAMETER,阀门管路系统_三偏心阀_运行温度,Parameter,阀门运行需监控温度参数超过 200 度需隔热,液压::vanessa-30-000-系列三偏心阀-tov-安装、操作及维护手册-zh-cn-5195650,液压::vanessa-30-000-系列三偏心阀-tov-安装、操作及维护手册-zh-cn-5195650::chunk_0;液压::vanessa-30-000-系列三偏心阀-tov-安装、操作及维护手册-zh-cn-5195650::chunk_1
REL_001564,阀门管路系统_三偏心阀,Equipment,HAS_SAFETY_NOTE,阀门管路系统_三偏心阀_储存环境要求,SafetyNote,阀门储存需遵守干燥清洁环境的安全要求,液压::vanessa-30-000-系列三偏心阀-tov-安装、操作及维护手册-zh-cn-5195650,液压::vanessa-30-000-系列三偏心阀-tov-安装、操作及维护手册-zh-cn-5195650::chunk_0;液压::vanessa-30-000-系列三偏心阀-tov-安装、操作及维护手册-zh-cn-5195650::chunk_1
REL_001565,阀门管路系统_三偏心阀,Equipment,HAS_SAFETY_NOTE,阀门管路系统_三偏心阀_吊装安全规定,SafetyNote,阀门搬运需遵守吊装点及重心平衡的安全规定,液压::vanessa-30-000-系列三偏心阀-tov-安装、操作及维护手册-zh-cn-5195650,液压::vanessa-30-000-系列三偏心阀-tov-安装、操作及维护手册-zh-cn-5195650::chunk_0;液压::vanessa-30-000-系列三偏心阀-tov-安装、操作及维护手册-zh-cn-5195650::chunk_1
REL_001566,阀门管路系统_三偏心阀,Equipment,HAS_SAFETY_NOTE,阀门管路系统_三偏心阀_安装方向指示,SafetyNote,三偏心阀需遵循高压关闭侧指示牌的安全安装提示,液压::vanessa-30-000-系列三偏心阀-tov-安装、操作及维护手册-zh-cn-5195650,液压::vanessa-30-000-系列三偏心阀-tov-安装、操作及维护手册-zh-cn-5195650::chunk_2
REL_001567,阀门管路系统_三偏心阀,Equipment,HAS_SAFETY_NOTE,阀门管路系统_三偏心阀_焊接清洁要求,SafetyNote,阀门焊接端口前需清洁污物油脂的安全警告,液压::vanessa-30-000-系列三偏心阀-tov-安装、操作及维护手册-zh-cn-5195650,液压::vanessa-30-000-系列三偏心阀-tov-安装、操作及维护手册-zh-cn-5195650::chunk_0;液压::vanessa-30-000-系列三偏心阀-tov-安装、操作及维护手册-zh-cn-5195650::chunk_1
REL_001568,阀门管路系统_三偏心阀,Equipment,REQUIRES,阀门管路系统_三偏心阀_管路冲洗,RepairMethod,安装前必须对管路进行冲洗以防止异物损坏,液压::vanessa-30-000-系列三偏心阀-tov-安装、操作及维护手册-zh-cn-5195650,液压::vanessa-30-000-系列三偏心阀-tov-安装、操作及维护手册-zh-cn-5195650::chunk_0;液压::vanessa-30-000-系列三偏心阀-tov-安装、操作及维护手册-zh-cn-5195650::chunk_1
REL_001569,阀门管路系统_三偏心阀,Equipment,REQUIRES,阀门管路系统_三偏心阀_阀杆侧受压安装,RepairMethod,三偏心阀在严格密封要求下需要采用阀杆侧受压安装方法,液压::vanessa-30-000-系列三偏心阀-tov-安装、操作及维护手册-zh-cn-5195650,液压::vanessa-30-000-系列三偏心阀-tov-安装、操作及维护手册-zh-cn-5195650::chunk_2
REL_001570,阀门管路系统_三偏心阀,Equipment,REQUIRES,阀门管路系统_三偏心阀_阀杆水平安装,RepairMethod,设备最佳安装方式要求阀杆置于水平面,液压::vanessa-30-000-系列三偏心阀-tov-安装、操作及维护手册-zh-cn-5195650,液压::vanessa-30-000-系列三偏心阀-tov-安装、操作及维护手册-zh-cn-5195650::chunk_0;液压::vanessa-30-000-系列三偏心阀-tov-安装、操作及维护手册-zh-cn-5195650::chunk_1
REL_001571,阀门管路系统_三偏心阀_动态负载填料维护,RepairMethod,HAS_SAFETY_NOTE,阀门管路系统_三偏心阀_贝氏弹簧叠合组合禁止改变,SafetyNote,进行动态负载填料维护更换贝氏弹簧时禁止改变叠合组合方式,液压::vanessa-30-000-系列三偏心阀-tov-安装、操作及维护手册-zh-cn-5195650,液压::vanessa-30-000-系列三偏心阀-tov-安装、操作及维护手册-zh-cn-5195650::chunk_7
REL_001572,阀门管路系统_三偏心阀_固体颗粒沉积,FaultPhenomenon,CAUSED_BY,阀门管路系统_三偏心阀_阀杆安装角度不当,FaultCause,阀杆非水平安装会导致固体颗粒在下轴承沉积,液压::vanessa-30-000-系列三偏心阀-tov-安装、操作及维护手册-zh-cn-5195650,液压::vanessa-30-000-系列三偏心阀-tov-安装、操作及维护手册-zh-cn-5195650::chunk_0;液压::vanessa-30-000-系列三偏心阀-tov-安装、操作及维护手册-zh-cn-5195650::chunk_1
REL_001573,阀门管路系统_三偏心阀_填料冲洗消除排放,RepairMethod,HAS_SAFETY_NOTE,阀门管路系统_三偏心阀_冲洗流体兼容性要求,SafetyNote,执行填料冲洗消除排放时必须确保流体与管路流体兼容,液压::vanessa-30-000-系列三偏心阀-tov-安装、操作及维护手册-zh-cn-5195650,液压::vanessa-30-000-系列三偏心阀-tov-安装、操作及维护手册-zh-cn-5195650::chunk_7
REL_001574,阀门管路系统_三偏心阀_填料冲洗组件,Component,PREVENTS,阀门管路系统_三偏心阀_无组织排放,FaultPhenomenon,填料冲洗组件通过加压流体阻塞通道实现无组织排放控制,液压::vanessa-30-000-系列三偏心阀-tov-安装、操作及维护手册-zh-cn-5195650,液压::vanessa-30-000-系列三偏心阀-tov-安装、操作及维护手册-zh-cn-5195650::chunk_7
REL_001575,阀门管路系统_三偏心阀_填料法兰螺柱紧固,RepairMethod,REQUIRES,阀门管路系统_三偏心阀_螺柱终紧扭矩,Parameter,填料法兰螺柱紧固操作需依据表格执行终紧扭矩标准,液压::vanessa-30-000-系列三偏心阀-tov-安装、操作及维护手册-zh-cn-5195650,液压::vanessa-30-000-系列三偏心阀-tov-安装、操作及维护手册-zh-cn-5195650::chunk_7
REL_001576,阀门管路系统_三偏心阀_填料法兰螺柱紧固,RepairMethod,REQUIRES,阀门管路系统_三偏心阀_螺柱预紧扭矩,Parameter,填料法兰螺柱紧固操作需依据表格执行预紧扭矩标准,液压::vanessa-30-000-系列三偏心阀-tov-安装、操作及维护手册-zh-cn-5195650,液压::vanessa-30-000-系列三偏心阀-tov-安装、操作及维护手册-zh-cn-5195650::chunk_7
REL_001577,阀门管路系统_三偏心阀_填料涂油,RepairMethod,REQUIRES,阀门管路系统_三偏心阀_保护油,Parameter,填料涂油维护需要使用特定的保护油材料,液压::vanessa-30-000-系列三偏心阀-tov-安装、操作及维护手册-zh-cn-5195650,液压::vanessa-30-000-系列三偏心阀-tov-安装、操作及维护手册-zh-cn-5195650::chunk_4;液压::vanessa-30-000-系列三偏心阀-tov-安装、操作及维护手册-zh-cn-5195650::chunk_5
REL_001578,阀门管路系统_三偏心阀_填料涂油,RepairMethod,REQUIRES,阀门管路系统_三偏心阀_填料衬套,Component,填料涂油操作主要针对填料衬套区域进行,液压::vanessa-30-000-系列三偏心阀-tov-安装、操作及维护手册-zh-cn-5195650,液压::vanessa-30-000-系列三偏心阀-tov-安装、操作及维护手册-zh-cn-5195650::chunk_4;液压::vanessa-30-000-系列三偏心阀-tov-安装、操作及维护手册-zh-cn-5195650::chunk_5
REL_001579,阀门管路系统_三偏心阀_开闭周期操作,RepairMethod,PREVENTS,阀门管路系统_三偏心阀_阀瓣接触衬垫,FaultPhenomenon,定期开闭操作防止阀瓣与衬垫长期接触粘连,液压::vanessa-30-000-系列三偏心阀-tov-安装、操作及维护手册-zh-cn-5195650,液压::vanessa-30-000-系列三偏心阀-tov-安装、操作及维护手册-zh-cn-5195650::chunk_4;液压::vanessa-30-000-系列三偏心阀-tov-安装、操作及维护手册-zh-cn-5195650::chunk_5
REL_001580,阀门管路系统_三偏心阀_执行机构,Component,REQUIRES,阀门管路系统_三偏心阀_安装方向指示,SafetyNote,执行机构选型必须依赖正确的安装方向安全指示,液压::vanessa-30-000-系列三偏心阀-tov-安装、操作及维护手册-zh-cn-5195650,液压::vanessa-30-000-系列三偏心阀-tov-安装、操作及维护手册-zh-cn-5195650::chunk_3
REL_001581,阀门管路系统_三偏心阀_无组织排放,FaultPhenomenon,DIAGNOSED_BY,阀门管路系统_三偏心阀_泄漏率监测,DiagnosticMethod,无组织排放故障可通过填料冲洗选件监测排放速率来诊断,液压::vanessa-30-000-系列三偏心阀-tov-安装、操作及维护手册-zh-cn-5195650,液压::vanessa-30-000-系列三偏心阀-tov-安装、操作及维护手册-zh-cn-5195650::chunk_7
REL_001582,阀门管路系统_三偏心阀_法兰泄漏,FaultPhenomenon,CAUSED_BY,阀门管路系统_三偏心阀_尺寸不正确的螺杆,FaultCause,使用尺寸错误螺杆会导致法兰连接处泄漏,液压::vanessa-30-000-系列三偏心阀-tov-安装、操作及维护手册-zh-cn-5195650,液压::vanessa-30-000-系列三偏心阀-tov-安装、操作及维护手册-zh-cn-5195650::chunk_0;液压::vanessa-30-000-系列三偏心阀-tov-安装、操作及维护手册-zh-cn-5195650::chunk_1
REL_001583,阀门管路系统_三偏心阀_管路冲洗,RepairMethod,PREVENTS,阀门管路系统_三偏心阀_固体颗粒沉积,FaultPhenomenon,管路冲洗措施可防止固体异物进入阀门内部,液压::vanessa-30-000-系列三偏心阀-tov-安装、操作及维护手册-zh-cn-5195650,液压::vanessa-30-000-系列三偏心阀-tov-安装、操作及维护手册-zh-cn-5195650::chunk_0;液压::vanessa-30-000-系列三偏心阀-tov-安装、操作及维护手册-zh-cn-5195650::chunk_1
REL_001584,阀门管路系统_三偏心阀_管路冲洗,RepairMethod,PREVENTS,阀门管路系统_三偏心阀_轴承区域结晶,FaultPhenomenon,连续冲洗作为一种安全措施防止轴承区域结晶和装置停机,液压::vanessa-30-000-系列三偏心阀-tov-安装、操作及维护手册-zh-cn-5195650,液压::vanessa-30-000-系列三偏心阀-tov-安装、操作及维护手册-zh-cn-5195650::chunk_7
REL_001585,阀门管路系统_三偏心阀_管路冲洗,RepairMethod,REQUIRES,阀门管路系统_三偏心阀_冲洗流体压力差,Parameter,执行轴承连续冲洗时必须确保冲洗流体压力高于管路压力约百分之五,液压::vanessa-30-000-系列三偏心阀-tov-安装、操作及维护手册-zh-cn-5195650,液压::vanessa-30-000-系列三偏心阀-tov-安装、操作及维护手册-zh-cn-5195650::chunk_7
REL_001586,阀门管路系统_三偏心阀_轴承冲洗组件,Component,CONNECTS_TO,阀门管路系统_三偏心阀_阀杆,Component,轴承冲洗组件通过接头引入流体至阀杆轴承区域,液压::vanessa-30-000-系列三偏心阀-tov-安装、操作及维护手册-zh-cn-5195650,液压::vanessa-30-000-系列三偏心阀-tov-安装、操作及维护手册-zh-cn-5195650::chunk_7
REL_001587,阀门管路系统_三偏心阀_轴承冲洗组件,Component,PREVENTS,阀门管路系统_三偏心阀_轴承区域结晶,FaultPhenomenon,轴承冲洗组件通过压力屏障阻止产品进入阀杆轴承区域防止结晶,液压::vanessa-30-000-系列三偏心阀-tov-安装、操作及维护手册-zh-cn-5195650,液压::vanessa-30-000-系列三偏心阀-tov-安装、操作及维护手册-zh-cn-5195650::chunk_7
REL_001588,阀门管路系统_三偏心阀_轴承冲洗组件,Component,PREVENTS,阀门管路系统_三偏心阀_阀门扭矩异常增加,FaultPhenomenon,轴承冲洗组件维持恒定扭矩防止因结晶导致的扭矩增加,液压::vanessa-30-000-系列三偏心阀-tov-安装、操作及维护手册-zh-cn-5195650,液压::vanessa-30-000-系列三偏心阀-tov-安装、操作及维护手册-zh-cn-5195650::chunk_7
REL_001589,阀门管路系统_三偏心阀_轴承区域结晶,FaultPhenomenon,CAUSED_BY,阀门管路系统_三偏心阀_硫磺结晶,FaultCause,轴承区域结晶故障主要由硫磺回收应用中的硫磺结晶引起,液压::vanessa-30-000-系列三偏心阀-tov-安装、操作及维护手册-zh-cn-5195650,液压::vanessa-30-000-系列三偏心阀-tov-安装、操作及维护手册-zh-cn-5195650::chunk_7
REL_001590,阀门管路系统_三偏心阀_运行温度,Parameter,CAUSED_BY,阀门管路系统_管道系统_工艺温度,Parameter,阀门表面温度由管道系统的工艺温度决定,液压::vanessa-30-000-系列三偏心阀-tov-安装、操作及维护手册-zh-cn-5195650,液压::vanessa-30-000-系列三偏心阀-tov-安装、操作及维护手册-zh-cn-5195650::chunk_4;液压::vanessa-30-000-系列三偏心阀-tov-安装、操作及维护手册-zh-cn-5195650::chunk_5
REL_001591,阀门管路系统_三偏心阀_部件润滑,RepairMethod,REQUIRES,阀门管路系统_三偏心阀_润滑剂类型,Parameter,部件润滑操作需根据润滑表选择轻质矿物油或 Molykote 等类型,液压::vanessa-30-000-系列三偏心阀-tov-安装、操作及维护手册-zh-cn-5195650,液压::vanessa-30-000-系列三偏心阀-tov-安装、操作及维护手册-zh-cn-5195650::chunk_7
REL_001592,阀门管路系统_三偏心阀_阀杆侧受压安装,RepairMethod,REQUIRES,阀门管路系统_三偏心阀_安装方向指示,SafetyNote,实施阀杆侧受压安装时需要参考安装方向指示牌,液压::vanessa-30-000-系列三偏心阀-tov-安装、操作及维护手册-zh-cn-5195650,液压::vanessa-30-000-系列三偏心阀-tov-安装、操作及维护手册-zh-cn-5195650::chunk_2
REL_001593,阀门管路系统_三偏心阀_阀杆水平安装,RepairMethod,PREVENTS,阀门管路系统_三偏心阀_固体颗粒沉积,FaultPhenomenon,水平安装方式可尽量减少固体颗粒沉积问题,液压::vanessa-30-000-系列三偏心阀-tov-安装、操作及维护手册-zh-cn-5195650,液压::vanessa-30-000-系列三偏心阀-tov-安装、操作及维护手册-zh-cn-5195650::chunk_0;液压::vanessa-30-000-系列三偏心阀-tov-安装、操作及维护手册-zh-cn-5195650::chunk_1
REL_001594,阀门管路系统_三偏心阀_阀瓣,Component,CONNECTS_TO,阀门管路系统_三偏心阀_衬垫,Component,阀瓣运动轨迹与管道衬垫存在物理空间关联,液压::vanessa-30-000-系列三偏心阀-tov-安装、操作及维护手册-zh-cn-5195650,液压::vanessa-30-000-系列三偏心阀-tov-安装、操作及维护手册-zh-cn-5195650::chunk_3
REL_001595,阀门管路系统_三偏心阀_阀门支架,Component,HAS_SAFETY_NOTE,阀门管路系统_三偏心阀_支架无需保护,SafetyNote,阀门支架具备无需额外温度保护的安全特性,液压::vanessa-30-000-系列三偏心阀-tov-安装、操作及维护手册-zh-cn-5195650,液压::vanessa-30-000-系列三偏心阀-tov-安装、操作及维护手册-zh-cn-5195650::chunk_4;液压::vanessa-30-000-系列三偏心阀-tov-安装、操作及维护手册-zh-cn-5195650::chunk_5
REL_001596,阀门管路系统_三偏心阀_阀门检查,DiagnosticMethod,PREVENTS,阀门管路系统_三偏心阀_阀瓣接触衬垫,FaultPhenomenon,通过行程验证防止阀瓣错误接触衬垫造成损坏,液压::vanessa-30-000-系列三偏心阀-tov-安装、操作及维护手册-zh-cn-5195650,液压::vanessa-30-000-系列三偏心阀-tov-安装、操作及维护手册-zh-cn-5195650::chunk_3
REL_001597,阀门管路系统_三偏心阀_阀门检查,DiagnosticMethod,REQUIRES,阀门管路系统_三偏心阀_吊耳式阀体,Parameter,行程验证方法特别适用于吊耳式阀体结构类型,液压::vanessa-30-000-系列三偏心阀-tov-安装、操作及维护手册-zh-cn-5195650,液压::vanessa-30-000-系列三偏心阀-tov-安装、操作及维护手册-zh-cn-5195650::chunk_3
REL_001598,阀门管路系统_三偏心阀_阀门检查,DiagnosticMethod,REQUIRES,阀门管路系统_三偏心阀_对夹式阀体,Parameter,行程验证方法特别适用于对夹式阀体结构类型,液压::vanessa-30-000-系列三偏心阀-tov-安装、操作及维护手册-zh-cn-5195650,液压::vanessa-30-000-系列三偏心阀-tov-安装、操作及维护手册-zh-cn-5195650::chunk_3
REL_001599,阀门管路系统_三偏心阀_阀门检查,DiagnosticMethod,REQUIRES,阀门管路系统_管道系统_减压排水,RepairMethod,水压测试结束后必须执行减压和排水操作,液压::vanessa-30-000-系列三偏心阀-tov-安装、操作及维护手册-zh-cn-5195650,液压::vanessa-30-000-系列三偏心阀-tov-安装、操作及维护手册-zh-cn-5195650::chunk_4;液压::vanessa-30-000-系列三偏心阀-tov-安装、操作及维护手册-zh-cn-5195650::chunk_5
REL_001600,阀门管路系统_三偏心阀_阀门检查,DiagnosticMethod,REQUIRES,阀门管路系统_管道系统_腐蚀抑制剂,Parameter,水压测试过程中必须添加腐蚀抑制剂以保护管道,液压::vanessa-30-000-系列三偏心阀-tov-安装、操作及维护手册-zh-cn-5195650,液压::vanessa-30-000-系列三偏心阀-tov-安装、操作及维护手册-zh-cn-5195650::chunk_4;液压::vanessa-30-000-系列三偏心阀-tov-安装、操作及维护手册-zh-cn-5195650::chunk_5
REL_001601,阀门管路系统_三偏心阀_阀门螺纹损坏,FaultPhenomenon,CAUSED_BY,阀门管路系统_三偏心阀_尺寸不正确的螺杆,FaultCause,使用尺寸错误螺杆会导致阀门螺纹严重损伤,液压::vanessa-30-000-系列三偏心阀-tov-安装、操作及维护手册-zh-cn-5195650,液压::vanessa-30-000-系列三偏心阀-tov-安装、操作及维护手册-zh-cn-5195650::chunk_0;液压::vanessa-30-000-系列三偏心阀-tov-安装、操作及维护手册-zh-cn-5195650::chunk_1
REL_001602,阀门管路系统_管道系统,Equipment,CONNECTS_TO,阀门管路系统_三偏心阀,Equipment,管道系统与三偏心阀进行物理连接和流体传输,液压::vanessa-30-000-系列三偏心阀-tov-安装、操作及维护手册-zh-cn-5195650,液压::vanessa-30-000-系列三偏心阀-tov-安装、操作及维护手册-zh-cn-5195650::chunk_4;液压::vanessa-30-000-系列三偏心阀-tov-安装、操作及维护手册-zh-cn-5195650::chunk_5
REL_001603,阀门管路系统_管道系统,Equipment,HAS_COMPONENT,阀门管路系统_管道系统_过压保护装置,Component,管道系统配备过压保护装置以确保安全运行,液压::vanessa-30-000-系列三偏心阀-tov-安装、操作及维护手册-zh-cn-5195650,液压::vanessa-30-000-系列三偏心阀-tov-安装、操作及维护手册-zh-cn-5195650::chunk_4;液压::vanessa-30-000-系列三偏心阀-tov-安装、操作及维护手册-zh-cn-5195650::chunk_5
REL_001604,阀门管路系统_管道系统,Equipment,HAS_PARAMETER,阀门管路系统_管道系统_工艺温度,Parameter,管道系统运行受工艺温度参数直接影响,液压::vanessa-30-000-系列三偏心阀-tov-安装、操作及维护手册-zh-cn-5195650,液压::vanessa-30-000-系列三偏心阀-tov-安装、操作及维护手册-zh-cn-5195650::chunk_4;液压::vanessa-30-000-系列三偏心阀-tov-安装、操作及维护手册-zh-cn-5195650::chunk_5
REL_001605,阀门管路系统_管道系统_过压保护装置,Component,PREVENTS,阀门管路系统_三偏心阀_法兰泄漏,FaultPhenomenon,过压保护装置防止因压力过高导致的法兰泄漏,液压::vanessa-30-000-系列三偏心阀-tov-安装、操作及维护手册-zh-cn-5195650,液压::vanessa-30-000-系列三偏心阀-tov-安装、操作及维护手册-zh-cn-5195650::chunk_4;液压::vanessa-30-000-系列三偏心阀-tov-安装、操作及维护手册-zh-cn-5195650::chunk_5
