entity_id,name,label,description,doc_id,chunk_id,all_labels,source
ENT_000001,CDQY2A-PC2-6 型 船用主柴油机电气遥控系统_安全系统_停车电磁阀,Component,安全系统自带用于主机断油停车的电磁阀；紧急停车时切断供气或供油回路的关键执行阀件,电气::CDQY2A-PC2-6型 船用主柴油机电气遥控系统说明书,电气::CDQY2A-PC2-6型 船用主柴油机电气遥控系统说明书::chunk_19;电气::CDQY2A-PC2-6型 船用主柴油机电气遥控系统说明书::chunk_25,,CDQY2A-PC2-6型 船用主柴油机电气遥控系统说明书.md
ENT_000002,CDQY2A-PC2-6 型 船用主柴油机电气遥控系统_机舱控制箱_蜂鸣器,Component,机舱控制箱内发出声响报警信号的音频设备,电气::CDQY2A-PC2-6型 船用主柴油机电气遥控系统说明书,电气::CDQY2A-PC2-6型 船用主柴油机电气遥控系统说明书::chunk_20,,CDQY2A-PC2-6型 船用主柴油机电气遥控系统说明书.md
ENT_000003,CDQY2A-PC2-6 型 船用主柴油机电气遥控系统_气源,Component,系统气动执行所需的动力源；系统内的气源处理组件；系统组成中的气源过滤与净化处理模块；双气源净化装置中的二位三通开关阀，用于控制气源通断；双气源净化装置中的压力调节部件，将高压气源减压至工作压力；双气源净化装置中的过滤部件，用于去除压缩空气中的杂质；双气源净化装置中的润滑部件，原文称油雾气，用于给气动元件加油润滑,电气::CDQY2A-PC2-6型 船用主柴油机电气遥控系统说明书,电气::CDQY2A-PC2-6型 船用主柴油机电气遥控系统说明书::chunk_1;电气::CDQY2A-PC2-6型 船用主柴油机电气遥控系统说明书::chunk_16;电气::CDQY2A-PC2-6型 船用主柴油机电气遥控系统说明书::chunk_3;电气::CDQY2A-PC2-6型 船用主柴油机电气遥控系统说明书::chunk_9,,CDQY2A-PC2-6型 船用主柴油机电气遥控系统说明书.md
ENT_000004,CDQY2A-PC2-6 型 船用主柴油机电气遥控系统_电源_一体化开关电源,Component,电源设备中将 AC220V 转换为 DC24V 的核心模块,电气::CDQY2A-PC2-6型 船用主柴油机电气遥控系统说明书,电气::CDQY2A-PC2-6型 船用主柴油机电气遥控系统说明书::chunk_15,,CDQY2A-PC2-6型 船用主柴油机电气遥控系统说明书.md
ENT_000005,CDQY2A-PC2-6 型 船用主柴油机电气遥控系统_电源_蓄电池,Component,电源设备中的备用 DC24V 供电单元,电气::CDQY2A-PC2-6型 船用主柴油机电气遥控系统说明书,电气::CDQY2A-PC2-6型 船用主柴油机电气遥控系统说明书::chunk_15,,CDQY2A-PC2-6型 船用主柴油机电气遥控系统说明书.md
ENT_000006,CDQY2A-PC2-6 型 船用主柴油机电气遥控系统_转速测量显示单元_主机测速探头盒,Component,用于测量主机转速的磁感应探头，安装于接线盒中；用于测量尾轴转速的磁感应探头，安装于接线盒中；主机测速探头的安装接线盒，包含 2 个测速探头；尾轴测速探头的安装接线盒，包含 1 个测速探头,电气::CDQY2A-PC2-6型 船用主柴油机电气遥控系统说明书,电气::CDQY2A-PC2-6型 船用主柴油机电气遥控系统说明书::chunk_13,,CDQY2A-PC2-6型 船用主柴油机电气遥控系统说明书.md
ENT_000007,CDQY2A-PC2-6 型 船用主柴油机电气遥控系统_转速测量显示单元_测速齿盘,Component,用于尾轴转速测量的感应齿盘，旋转时产生磁感应信号,电气::CDQY2A-PC2-6型 船用主柴油机电气遥控系统说明书,电气::CDQY2A-PC2-6型 船用主柴油机电气遥控系统说明书::chunk_13,,CDQY2A-PC2-6型 船用主柴油机电气遥控系统说明书.md
ENT_000008,CDQY2A-PC2-6 型 船用主柴油机电气遥控系统_辅车钟单元_切换开关,Component,机旁 ATE 上用于确定请求和应答部位的物理开关,电气::CDQY2A-PC2-6型 船用主柴油机电气遥控系统说明书,电气::CDQY2A-PC2-6型 船用主柴油机电气遥控系统说明书::chunk_12,,CDQY2A-PC2-6型 船用主柴油机电气遥控系统说明书.md
ENT_000009,CDQY2A-PC2-6 型 船用主柴油机电气遥控系统_遥控台_调光旋钮,Component,遥控台上用于调节指示灯亮度的旋钮部件,电气::CDQY2A-PC2-6型 船用主柴油机电气遥控系统说明书,电气::CDQY2A-PC2-6型 船用主柴油机电气遥控系统说明书::chunk_24,,CDQY2A-PC2-6型 船用主柴油机电气遥控系统说明书.md
ENT_000010,CDQY2A-PC2-6 型 船用主柴油机电气遥控系统_遥控显示控制板,Component,遥控台内用于单手柄无级操纵的核心输入部件；手柄式无级调速装置，用于发出转速及换向指令信号；遥控台内显示机旁集控驾控及正倒车状态的指示模块；气源处理单元中的关键过滤部件，用于净化输入空气；阀箱内用于比例控制气压的核心阀件；机舱控制箱内监测气源压力丢失的安全控制部件；系统组成中的显示与控制电路板模块；遥控系统的核心人机交互界面，用于显示状态和接收指令；集成紧急停车、越控、试验及消音按钮的控制面板；遥控控制单元内的核心可编程逻辑控制器微计算机；带灯按钮，用于紧急情况下切断主机运行；带灯按钮，用于在安全保护触发时强制越控操作；用于检测面板指示灯是否完好的功能按钮；机舱控制箱内用于机旁显示控制功能的电路板；机舱控制箱内实现机旁控制逻辑的核心单元模块；机舱控制箱内用于显示报警状态的指示灯组件板；阀箱内部核心部件，负责电信号到气信号的转换；阀箱内控制主机正倒车动作的关键电磁阀组件；阀箱内用于切换控制位置的气动阀门；阀箱面板上用于机旁遥控切换及正倒车选择的控制阀门；机旁操纵时用于产生 AH/IDLE/AST 气信号控制离合器的气动阀；设在机旁显示控制单元上用于实现遥控与机旁操纵部位转换的气阀；故障降速或停车后用于人工确认复位的按钮；气源失压时得电切断调速气路的保护阀门 YV5；用于检查控制面板指示灯及蜂鸣器完好性的操作按钮；用于消除声响报警信号但保留光信号的操作按钮；机旁显示箱上用于控制正倒车状态的阀门；机旁显示箱上用于选择控制方式的阀门；机旁显示箱上用于切换控制模式的开关；机旁显示箱上用于操纵齿轮箱合排脱排的阀门；组合灯板上用于指示遥控状态是否正常的指示灯组件；主控制单元上用于显示系统状态和无故障指示的操作界面；遥控台上用于接通或转换系统电源的开关部件；遥控台上用于指示电源接通状态的指示灯；遥控台上用于切换遥控与机旁控制模式的开关；机舱控制箱上用于切换遥控与机旁控制模式的开关；位于遥控操纵器内部用于设定起始输出压力的精密阀门；用于显示气源失压故障状态的指示灯；用于触发驾驶室与机舱联络信号的按钮；用于显示联络信号状态的指示灯；安装在阀箱内部用于过滤气源杂质的核心部件；阀箱内执行控制动作的各类阀门组件统称,电气::CDQY2A-PC2-6型 船用主柴油机电气遥控系统说明书,电气::CDQY2A-PC2-6型 船用主柴油机电气遥控系统说明书::chunk_10;电气::CDQY2A-PC2-6型 船用主柴油机电气遥控系统说明书::chunk_11;电气::CDQY2A-PC2-6型 船用主柴油机电气遥控系统说明书::chunk_14;电气::CDQY2A-PC2-6型 船用主柴油机电气遥控系统说明书::chunk_15;电气::CDQY2A-PC2-6型 船用主柴油机电气遥控系统说明书::chunk_18;电气::CDQY2A-PC2-6型 船用主柴油机电气遥控系统说明书::chunk_19;电气::CDQY2A-PC2-6型 船用主柴油机电气遥控系统说明书::chunk_20;电气::CDQY2A-PC2-6型 船用主柴油机电气遥控系统说明书::chunk_22;电气::CDQY2A-PC2-6型 船用主柴油机电气遥控系统说明书::chunk_23;电气::CDQY2A-PC2-6型 船用主柴油机电气遥控系统说明书::chunk_24;电气::CDQY2A-PC2-6型 船用主柴油机电气遥控系统说明书::chunk_25;电气::CDQY2A-PC2-6型 船用主柴油机电气遥控系统说明书::chunk_27;电气::CDQY2A-PC2-6型 船用主柴油机电气遥控系统说明书::chunk_5;电气::CDQY2A-PC2-6型 船用主柴油机电气遥控系统说明书::chunk_6;电气::CDQY2A-PC2-6型 船用主柴油机电气遥控系统说明书::chunk_7;电气::CDQY2A-PC2-6型 船用主柴油机电气遥控系统说明书::chunk_9,,CDQY2A-PC2-6型 船用主柴油机电气遥控系统说明书.md
ENT_000011,CDQY2A-PC2-6 型 船用主柴油机电气遥控系统_遥控调速机构_膜片气缸,Component,系统组成中的执行调速功能的机械或电气机构；遥控调速机构的核心执行部件，将气压信号转换为机械位移；遥控调速机构中连接膜片气缸与主机调速器的机械传动部件,电气::CDQY2A-PC2-6型 船用主柴油机电气遥控系统说明书,电气::CDQY2A-PC2-6型 船用主柴油机电气遥控系统说明书::chunk_16;电气::CDQY2A-PC2-6型 船用主柴油机电气遥控系统说明书::chunk_9,,CDQY2A-PC2-6型 船用主柴油机电气遥控系统说明书.md
ENT_000012,CDQY2A-PC2-6 型 船用主柴油机电气遥控系统_阀箱_膜片执行器,Component,阀箱内将气压转换为机械位移的执行部件；阀箱内用于控制主机转速的膜片执行部件,电气::CDQY2A-PC2-6型 船用主柴油机电气遥控系统说明书,电气::CDQY2A-PC2-6型 船用主柴油机电气遥控系统说明书::chunk_22;电气::CDQY2A-PC2-6型 船用主柴油机电气遥控系统说明书::chunk_7,,CDQY2A-PC2-6型 船用主柴油机电气遥控系统说明书.md
ENT_000013,CDQY2A-PC2-6 型 船用主柴油机电气遥控系统_齿轮箱油压检测板,Component,系统组成中的齿轮箱润滑油压力检测电路板,电气::CDQY2A-PC2-6型 船用主柴油机电气遥控系统说明书,电气::CDQY2A-PC2-6型 船用主柴油机电气遥控系统说明书::chunk_9,,CDQY2A-PC2-6型 船用主柴油机电气遥控系统说明书.md
ENT_000014,机舱总线制监测报警系统_报警控制单元_声响器,Component,用于发出声音报警信号的内置蜂鸣器组件,电气::机舱总线制监测报警使用说明书,电气::机舱总线制监测报警使用说明书::chunk_1,,机舱总线制监测报警使用说明书.md
ENT_000015,机舱总线制监测报警系统_报警控制单元_外控声光继电器,Component,用于控制外部声光报警设备的继电器开关组件,电气::机舱总线制监测报警使用说明书,电气::机舱总线制监测报警使用说明书::chunk_1,,机舱总线制监测报警使用说明书.md
ENT_000016,机舱总线制监测报警系统_报警控制单元_数据采集模块,Component,用于采集开关量报警信号的核心功能模块；基于 RS-485 总线技术实现单元间数字传输的通讯组件；数据采集模块内负责具体信号采集的子单元；数据采集模块内负责控制与通讯的主控子单元,电气::机舱总线制监测报警使用说明书,电气::机舱总线制监测报警使用说明书::chunk_1;电气::机舱总线制监测报警使用说明书::chunk_3,,机舱总线制监测报警使用说明书.md
ENT_000017,机舱总线制监测报警系统_报警控制单元_消音键,Component,用于确认复位报警及停止声响的操作按钮,电气::机舱总线制监测报警使用说明书,电气::机舱总线制监测报警使用说明书::chunk_1,,机舱总线制监测报警使用说明书.md
ENT_000018,机舱总线制监测报警系统_报警控制单元_试验按钮,Component,用于检测系统工作状态是否正常的测试按钮,电气::机舱总线制监测报警使用说明书,电气::机舱总线制监测报警使用说明书::chunk_1,,机舱总线制监测报警使用说明书.md
ENT_000019,机舱总线制监测报警系统_报警控制单元_调光按键,Component,用于调节指示灯亮度并具有断电记忆功能的按钮,电气::机舱总线制监测报警使用说明书,电气::机舱总线制监测报警使用说明书::chunk_1,,机舱总线制监测报警使用说明书.md
ENT_000020,机舱总线制监测报警系统_报警数据采集模块_地址设置开关,Component,数据采集模块上用于设置报警类型的拨码开关集合；数据采集模块上用于设置地址码的开关,电气::机舱总线制监测报警使用说明书,电气::机舱总线制监测报警使用说明书::chunk_3,,机舱总线制监测报警使用说明书.md
ENT_000021,机舱总线制监测报警系统_报警数据采集模块_扫描状态灯,Component,数据采集模块主控单元上指示线路扫描与工作状态的指示灯,电气::机舱总线制监测报警使用说明书,电气::机舱总线制监测报警使用说明书::chunk_5,,机舱总线制监测报警使用说明书.md
ENT_000022,机舱总线制监测报警系统_报警数据采集模块_调试跳线,Component,数据采集模块主控单元上用于进入扫描调试模式的短接跳线,电气::机舱总线制监测报警使用说明书,电气::机舱总线制监测报警使用说明书::chunk_5,,机舱总线制监测报警使用说明书.md
ENT_000023,机舱总线制监测报警系统_报警显示单元_LCD 液晶显示屏,Component,显示单元内用于液晶中文显示的核心部件,电气::机舱总线制监测报警使用说明书,电气::机舱总线制监测报警使用说明书::chunk_4,,机舱总线制监测报警使用说明书.md
ENT_000024,机舱总线制监测报警系统_报警显示单元_LED 指示灯,Component,用于显示报警状态的 LED 指示灯组件；显示单元上用于指示通讯状态的指示灯；显示单元内用于发光二极管状态指示的核心部件,电气::机舱总线制监测报警使用说明书,电气::机舱总线制监测报警使用说明书::chunk_1;电气::机舱总线制监测报警使用说明书::chunk_3;电气::机舱总线制监测报警使用说明书::chunk_4,,机舱总线制监测报警使用说明书.md
ENT_000025,机舱总线制监测报警系统_报警显示单元_地址设置开关,Component,显示单元内用于设定 RS485 总线地址的拨码开关组件,电气::机舱总线制监测报警使用说明书,电气::机舱总线制监测报警使用说明书::chunk_4,,机舱总线制监测报警使用说明书.md
ENT_000026,机舱总线制监测报警系统_报警显示单元_通讯航空插头,Component,显示单元用于外部信号与电源连接的多芯航空插头组件,电气::机舱总线制监测报警使用说明书,电气::机舱总线制监测报警使用说明书::chunk_5,,机舱总线制监测报警使用说明书.md
ENT_000027,机舱总线制监测报警系统_数据总线,Component,系统内用于数据传输的通讯总线；连接各单元进行通讯的核心总线组件,电气::机舱总线制监测报警使用说明书,电气::机舱总线制监测报警使用说明书::chunk_3;电气::机舱总线制监测报警使用说明书::chunk_4,,机舱总线制监测报警使用说明书.md
ENT_000028,船舶_主推进系统_气控换向齿轮箱_油压传感器,Component,齿轮箱自带用于检测油压以判断合排状态的传感器,电气::CDQY2A-PC2-6型 船用主柴油机电气遥控系统说明书,电气::CDQY2A-PC2-6型 船用主柴油机电气遥控系统说明书::chunk_17,,CDQY2A-PC2-6型 船用主柴油机电气遥控系统说明书.md
ENT_000029,船舶_主推进系统_气控换向齿轮箱_液压离合器控制导阀,Component,齿轮箱本地手动换向执行部件；齿轮箱换向系统的核心气动控制阀件，决定齿轮箱运转方向；接受气信号或人工手柄操作推动液压离合器动作的控制导阀,电气::CDQY2A-PC2-6型 船用主柴油机电气遥控系统说明书,电气::CDQY2A-PC2-6型 船用主柴油机电气遥控系统说明书::chunk_1;电气::CDQY2A-PC2-6型 船用主柴油机电气遥控系统说明书::chunk_18;电气::CDQY2A-PC2-6型 船用主柴油机电气遥控系统说明书::chunk_8,,CDQY2A-PC2-6型 船用主柴油机电气遥控系统说明书.md
ENT_000030,船舶_主推进系统_气控换向齿轮箱_齿轮箱离合器,Component,受机旁控制阀操纵进行正倒车合排或脱排的机械部件,电气::CDQY2A-PC2-6型 船用主柴油机电气遥控系统说明书,电气::CDQY2A-PC2-6型 船用主柴油机电气遥控系统说明书::chunk_20,,CDQY2A-PC2-6型 船用主柴油机电气遥控系统说明书.md
ENT_000031,船舶_主推进系统_陕柴 PC2-6 型船用主机_主机飞轮,Component,主机制造厂提供的旋转部件，用于主机转速测量的磁感应目标,电气::CDQY2A-PC2-6型 船用主柴油机电气遥控系统说明书,电气::CDQY2A-PC2-6型 船用主柴油机电气遥控系统说明书::chunk_13,,CDQY2A-PC2-6型 船用主柴油机电气遥控系统说明书.md
ENT_000032,船舶_主推进系统_陕柴 PC2-6 型船用主机_主柴油机调速器_PG（WOODWORD）型调速器,Component,主柴油机的核心转速控制部件，接收遥控信号调节燃油供给；调速器输入端的气压信号转换模块，将气压信号转换为机械位移；一种特定型号的主机调速器，具备气压转速设定功能；主柴油机调速器上接受气动信号或人工调节旋钮控制的执行机构,电气::CDQY2A-PC2-6型 船用主柴油机电气遥控系统说明书,电气::CDQY2A-PC2-6型 船用主柴油机电气遥控系统说明书::chunk_18;电气::CDQY2A-PC2-6型 船用主柴油机电气遥控系统说明书::chunk_8,,CDQY2A-PC2-6型 船用主柴油机电气遥控系统说明书.md
ENT_000033,船舶电气控制设备_开关量输出模块,Component,负责开关量信号输出的功能模块,电气::柴油机智能延伸检测单元说明书,电气::柴油机智能延伸检测单元说明书::chunk_4,,柴油机智能延伸检测单元说明书.md
ENT_000034,船舶电气控制设备_通讯模块,Component,负责 485 总线通讯的功能模块,电气::柴油机智能延伸检测单元说明书,电气::柴油机智能延伸检测单元说明书::chunk_4,,柴油机智能延伸检测单元说明书.md
ENT_000035,船舶监测报警系统_主机_电子存储器,Component,主机内部用于自动存储报警检测参数的存储部件；主机内部数据存储模块,电气::机舱微机监测报警系统说明书,电气::机舱微机监测报警系统说明书::chunk_1;电气::机舱微机监测报警系统说明书::chunk_2,,机舱微机监测报警系统说明书.md
ENT_000036,船舶监测报警系统_主机_看门狗模块,Component,主机内部用于监控系统运行状态及限制误操作的功能模块；主机系统运行监控模块,电气::机舱微机监测报警系统说明书,电气::机舱微机监测报警系统说明书::chunk_1;电气::机舱微机监测报警系统说明书::chunk_2,,机舱微机监测报警系统说明书.md
ENT_000037,船舶监测报警系统_操作单元_轨迹球,Component,操作单元上的指针控制部件，辅助进行操作,电气::机舱微机监测报警系统说明书,电气::机舱微机监测报警系统说明书::chunk_5,,机舱微机监测报警系统说明书.md
ENT_000038,船舶监测报警系统_操作单元_键盘,Component,操作单元上的标准输入按键模块，用于发出指令,电气::机舱微机监测报警系统说明书,电气::机舱微机监测报警系统说明书::chunk_5,,机舱微机监测报警系统说明书.md
ENT_000039,船舶监测报警系统_数据采集模块_内部数据处理单元,Component,数据采集模块内部负责对模拟量和开关量信息进行处理的 core 单元,电气::机舱微机监测报警系统说明书,电气::机舱微机监测报警系统说明书::chunk_8,,机舱微机监测报警系统说明书.md
ENT_000040,驾驶台航行值班报警系统_电源单元_电源接线模块,Component,电源单元内部负责电源接线的子模块,电气::GC WAS-01 驾驶室船舶值班报警系统说明书,电气::GC WAS-01 驾驶室船舶值班报警系统说明书::chunk_3,,GC WAS-01 驾驶室船舶值班报警系统说明书.md
ENT_000041,CDQY2A-PC2-6 型 船用主柴油机电气遥控系统_调试_遥控操纵功能检查,DiagnosticMethod,安装后检测管路系统气体泄漏的诊断测试方法；调试阶段分段吹净控制管路杂物并检查接头的诊断方法；调试阶段按要求整定仪表和器件动作值的诊断方法；调试阶段手动检查可动件动作灵活性的诊断方法；调试阶段通过试灯按钮检查所有指示灯功能的诊断方法；调试阶段旋转调光旋钮检查指示灯亮度变化的诊断方法；调试阶段按动消音按钮检查报警声响消除功能的诊断方法；调试阶段操作转换开关实现机旁遥控转换的联络检查方法；调试阶段置遥控位置检查指示灯与声响信号的操纵检查方法；验证机旁操纵模式切换及指示灯声响反馈的调试程序；测试紧急停车按钮触发主机停车阀及声光报警的调试程序；调整齿轮箱换向逻辑及延时时间的调试程序；调节膜片执行器与调速手柄同步性及起始压力的调试程序；验证气源压力低于阈值时声光报警功能的调试程序；每月检查气源装置控制空气压力的维护诊断步骤；每半年检查阀箱内各阀件动作是否灵活的诊断方法；每次开机时检查遥控面板显示是否正常的诊断步骤,电气::CDQY2A-PC2-6型 船用主柴油机电气遥控系统说明书,电气::CDQY2A-PC2-6型 船用主柴油机电气遥控系统说明书::chunk_24;电气::CDQY2A-PC2-6型 船用主柴油机电气遥控系统说明书::chunk_25;电气::CDQY2A-PC2-6型 船用主柴油机电气遥控系统说明书::chunk_27;电气::CDQY2A-PC2-6型 船用主柴油机电气遥控系统说明书::chunk_4,,CDQY2A-PC2-6型 船用主柴油机电气遥控系统说明书.md
ENT_000042,机舱总线制监测报警系统_地址设置与主控短接调试,DiagnosticMethod,通过设置地址及短接主控跳线进行系统线路扫描的调试方法,电气::机舱总线制监测报警使用说明书,电气::机舱总线制监测报警使用说明书::chunk_5,,机舱总线制监测报警使用说明书.md
ENT_000043,机舱总线制监测报警系统_试验按钮全亮测试,DiagnosticMethod,通过按下试验按钮观察所有指示灯和蜂鸣器状态来诊断工作状态的方法,电气::机舱总线制监测报警使用说明书,电气::机舱总线制监测报警使用说明书::chunk_1,,机舱总线制监测报警使用说明书.md
ENT_000044,船舶监测报警系统_主机_报警历史查询,DiagnosticMethod,用于故障诊断的历史报警查询功能,电气::机舱微机监测报警系统说明书,电气::机舱微机监测报警系统说明书::chunk_2,,机舱微机监测报警系统说明书.md
ENT_000045,CDQY2A-PC2-6 型 船用主柴油机电气遥控系统_安全系统,Equipment,独立于遥控装置的安全保护设备，提供紧急停车和故障降速功能,电气::CDQY2A-PC2-6型 船用主柴油机电气遥控系统说明书,电气::CDQY2A-PC2-6型 船用主柴油机电气遥控系统说明书::chunk_18,,CDQY2A-PC2-6型 船用主柴油机电气遥控系统说明书.md
ENT_000046,CDQY2A-PC2-6 型 船用主柴油机电气遥控系统_机舱控制箱,Equipment,系统位于机舱的核心控制单元设备；系统内安装在机舱的控制箱设备；安装复位按钮、蜂鸣器及机旁控制单元的机舱设备箱；系统执行机构的气路控制单元设备；系统内安装在机舱的阀箱设备；包含失气自保阀及机旁控制阀的气动逻辑控制箱体；包含遥控部分气源逻辑的气动阀箱 LU；位于机旁的显示与控制箱体设备,电气::CDQY2A-PC2-6型 船用主柴油机电气遥控系统说明书,电气::CDQY2A-PC2-6型 船用主柴油机电气遥控系统说明书::chunk_19;电气::CDQY2A-PC2-6型 船用主柴油机电气遥控系统说明书::chunk_2;电气::CDQY2A-PC2-6型 船用主柴油机电气遥控系统说明书::chunk_20;电气::CDQY2A-PC2-6型 船用主柴油机电气遥控系统说明书::chunk_22;电气::CDQY2A-PC2-6型 船用主柴油机电气遥控系统说明书::chunk_3,,CDQY2A-PC2-6型 船用主柴油机电气遥控系统说明书.md
ENT_000047,CDQY2A-PC2-6 型 船用主柴油机电气遥控系统_独立车钟系统,Equipment,非遥控模式下独立于遥控装置的发令和应答车钟系统,电气::CDQY2A-PC2-6型 船用主柴油机电气遥控系统说明书,电气::CDQY2A-PC2-6型 船用主柴油机电气遥控系统说明书::chunk_18,,CDQY2A-PC2-6型 船用主柴油机电气遥控系统说明书.md
ENT_000048,CDQY2A-PC2-6 型 船用主柴油机电气遥控系统_转速测量显示单元,Equipment,系统组成中的主机转速测量与显示设备,电气::CDQY2A-PC2-6型 船用主柴油机电气遥控系统说明书,电气::CDQY2A-PC2-6型 船用主柴油机电气遥控系统说明书::chunk_9,,CDQY2A-PC2-6型 船用主柴油机电气遥控系统说明书.md
ENT_000049,CDQY2A-PC2-6 型 船用主柴油机电气遥控系统_辅车钟单元,Equipment,系统组成中的辅助车钟通信与控制设备；用于遥控控制站、中央集控站和机旁主推进装置附近联络的标准配套单元,电气::CDQY2A-PC2-6型 船用主柴油机电气遥控系统说明书,电气::CDQY2A-PC2-6型 船用主柴油机电气遥控系统说明书::chunk_12;电气::CDQY2A-PC2-6型 船用主柴油机电气遥控系统说明书::chunk_9,,CDQY2A-PC2-6型 船用主柴油机电气遥控系统说明书.md
ENT_000050,CDQY2A-PC2-6 型 船用主柴油机电气遥控系统_遥控台,Equipment,系统的人机交互操作终端设备；系统内布置在驾驶室的遥控台设备；主机遥控控制装置的核心单元，负责指令接收与逻辑运算；系统组成中的供电电源设备,电气::CDQY2A-PC2-6型 船用主柴油机电气遥控系统说明书,电气::CDQY2A-PC2-6型 船用主柴油机电气遥控系统说明书::chunk_2;电气::CDQY2A-PC2-6型 船用主柴油机电气遥控系统说明书::chunk_3;电气::CDQY2A-PC2-6型 船用主柴油机电气遥控系统说明书::chunk_9,,CDQY2A-PC2-6型 船用主柴油机电气遥控系统说明书.md
ENT_000051,主机_机旁控制箱,Equipment,安装于主机旁侧的本地控制设备,电气::柴油机智能延伸检测单元说明书,电气::柴油机智能延伸检测单元说明书::chunk_4,,柴油机智能延伸检测单元说明书.md
ENT_000052,机舱总线制监测报警系统_报警数据采集模块,Equipment,系统内负责采集报警数据信号的独立模块设备；系统内负责采集传感器数据的独立模块,电气::机舱总线制监测报警使用说明书,电气::机舱总线制监测报警使用说明书::chunk_3;电气::机舱总线制监测报警使用说明书::chunk_4,,机舱总线制监测报警使用说明书.md
ENT_000053,机舱总线制监测报警系统_报警显示单元,Equipment,系统内独立成套的报警控制与显示单元设备；系统内负责报警信息显示的设备单元；系统内用于指示报警状态的独立显示设备,电气::机舱总线制监测报警使用说明书,电气::机舱总线制监测报警使用说明书::chunk_1;电气::机舱总线制监测报警使用说明书::chunk_3;电气::机舱总线制监测报警使用说明书::chunk_4,,机舱总线制监测报警使用说明书.md
ENT_000054,机舱总线制监测报警系统_电源系统,Equipment,监测报警控制系统中的供电设备,电气::机舱总线制监测报警使用说明书,电气::机舱总线制监测报警使用说明书::chunk_3,,机舱总线制监测报警使用说明书.md
ENT_000055,机舱总线制监测报警系统_航行数据记录仪,Equipment,接收标准数据信号的 VDR 设备,电气::机舱总线制监测报警使用说明书,电气::机舱总线制监测报警使用说明书::chunk_3,,机舱总线制监测报警使用说明书.md
ENT_000056,机舱总线制监测报警系统_计算机监控系统,Equipment,与数据采集模块连接的上位机监控系统,电气::机舱总线制监测报警使用说明书,电气::机舱总线制监测报警使用说明书::chunk_3,,机舱总线制监测报警使用说明书.md
ENT_000057,船舶_主推进系统_气控换向齿轮箱,Equipment,主推进系统内的传动换向设备；接收遥控系统指令执行正倒车换向动作的执行设备；主推进系统中的气控换向齿轮箱设备,电气::CDQY2A-PC2-6型 船用主柴油机电气遥控系统说明书,电气::CDQY2A-PC2-6型 船用主柴油机电气遥控系统说明书::chunk_1;电气::CDQY2A-PC2-6型 船用主柴油机电气遥控系统说明书::chunk_10;电气::CDQY2A-PC2-6型 船用主柴油机电气遥控系统说明书::chunk_22,,CDQY2A-PC2-6型 船用主柴油机电气遥控系统说明书.md
ENT_000058,船舶_主推进系统_陕柴 PC2-6 型船用主机,Equipment,主推进系统内的核心动力设备；船舶主推进系统的核心主机设备,电气::CDQY2A-PC2-6型 船用主柴油机电气遥控系统说明书,电气::CDQY2A-PC2-6型 船用主柴油机电气遥控系统说明书::chunk_1;电气::CDQY2A-PC2-6型 船用主柴油机电气遥控系统说明书::chunk_22,,CDQY2A-PC2-6型 船用主柴油机电气遥控系统说明书.md
ENT_000059,船舶_机舱遥控专用低压气瓶,Equipment,为机舱遥控系统提供气源的专用低压气瓶,电气::CDQY2A-PC2-6型 船用主柴油机电气遥控系统说明书,电气::CDQY2A-PC2-6型 船用主柴油机电气遥控系统说明书::chunk_3,,CDQY2A-PC2-6型 船用主柴油机电气遥控系统说明书.md
ENT_000060,船舶电气控制设备,Equipment,文本所指的核心电气控制主体设备；船舶电气系统的核心控制单元,电气::柴油机智能延伸检测单元说明书,电气::柴油机智能延伸检测单元说明书::chunk_1;电气::柴油机智能延伸检测单元说明书::chunk_4,,柴油机智能延伸检测单元说明书.md
ENT_000061,船舶监测报警系统_UPS 电源单元,Equipment,系统内的不间断电源设备，用于主电源失电时提供备用电力,电气::机舱微机监测报警系统说明书,电气::机舱微机监测报警系统说明书::chunk_6,,机舱微机监测报警系统说明书.md
ENT_000062,船舶监测报警系统_VDR 数据记录设备,Equipment,接收系统数据的航行数据记录仪,电气::机舱微机监测报警系统说明书,电气::机舱微机监测报警系统说明书::chunk_2,,机舱微机监测报警系统说明书.md
ENT_000063,船舶监测报警系统_VDR 数据通讯模块,Equipment,实现工业控制计算机系统与 VDR 装置之间通讯转换的专用模块,电气::机舱微机监测报警系统说明书,电气::机舱微机监测报警系统说明书::chunk_8,,机舱微机监测报警系统说明书.md
ENT_000064,船舶监测报警系统_备用主机,Equipment,系统主运行控制设备，负责核心数据处理；系统核心控制主机设备；系统冗余备份控制设备，主机故障时自动投入；系统冗余备用控制主机,电气::机舱微机监测报警系统说明书,电气::机舱微机监测报警系统说明书::chunk_1;电气::机舱微机监测报警系统说明书::chunk_2,,机舱微机监测报警系统说明书.md
ENT_000065,船舶监测报警系统_延伸报警灯板,Equipment,用于在驾驶室或轮机长舱指示重要报警状况的可选硬件设备,电气::机舱微机监测报警系统说明书,电气::机舱微机监测报警系统说明书::chunk_7,,机舱微机监测报警系统说明书.md
ENT_000066,船舶监测报警系统_开关量传感器,Equipment,提供无源或有源触点信号的开关状态检测设备,电气::机舱微机监测报警系统说明书,电气::机舱微机监测报警系统说明书::chunk_4,,机舱微机监测报警系统说明书.md
ENT_000067,船舶监测报警系统_打印设备,Equipment,用于现场打印报警历史及系统数据的输出设备；系统报警记录打印设备,电气::机舱微机监测报警系统说明书,电气::机舱微机监测报警系统说明书::chunk_1;电气::机舱微机监测报警系统说明书::chunk_2,,机舱微机监测报警系统说明书.md
ENT_000068,船舶监测报警系统_数据输出模块,Equipment,负责将系统处理后的数据信号向外输出的独立功能模块,电气::机舱微机监测报警系统说明书,电气::机舱微机监测报警系统说明书::chunk_8,,机舱微机监测报警系统说明书.md
ENT_000069,船舶监测报警系统_数据采集通讯模块,Equipment,负责采集现场信号并发送给主机的功能模块；负责在 RS-232 与 RS-485 通讯方式之间进行转换的通讯模块,电气::机舱微机监测报警系统说明书,电气::机舱微机监测报警系统说明书::chunk_5;电气::机舱微机监测报警系统说明书::chunk_8,,机舱微机监测报警系统说明书.md
ENT_000070,船舶监测报警系统_显示单元,Equipment,提供彩色图形、模拟仪表及报警列表显示的人机界面；系统人机界面显示设备；用于人机交互的操作面板设备，布置有轨迹球和键盘,电气::机舱微机监测报警系统说明书,电气::机舱微机监测报警系统说明书::chunk_1;电气::机舱微机监测报警系统说明书::chunk_2;电气::机舱微机监测报警系统说明书::chunk_5,,机舱微机监测报警系统说明书.md
ENT_000071,船舶监测报警系统_测速传感器,Equipment,采用磁电式原理的转速测量外部设备,电气::机舱微机监测报警系统说明书,电气::机舱微机监测报警系统说明书::chunk_4,,机舱微机监测报警系统说明书.md
ENT_000072,船舶监测报警系统_热电偶传感器,Equipment,支持多种镍铬、铂铑等类型的温度测量外部设备,电气::机舱微机监测报警系统说明书,电气::机舱微机监测报警系统说明书::chunk_4,,机舱微机监测报警系统说明书.md
ENT_000073,船舶监测报警系统_热电阻传感器,Equipment,支持铂电阻和铜电阻类型的温度测量外部设备,电气::机舱微机监测报警系统说明书,电气::机舱微机监测报警系统说明书::chunk_4,,机舱微机监测报警系统说明书.md
ENT_000074,船舶监测报警系统_轮机长室报警延伸单元,Equipment,延伸至轮机长室的报警终端设备,电气::机舱微机监测报警系统说明书,电气::机舱微机监测报警系统说明书::chunk_2,,机舱微机监测报警系统说明书.md
ENT_000075,船舶监测报警系统_过程变送器,Equipment,用于压力、液位、电流、电压等物理量转换的外部变送设备,电气::机舱微机监测报警系统说明书,电气::机舱微机监测报警系统说明书::chunk_4,,机舱微机监测报警系统说明书.md
ENT_000076,船舶监测报警系统_驾控台报警延伸单元,Equipment,延伸至驾驶控制台的报警终端设备,电气::机舱微机监测报警系统说明书,电气::机舱微机监测报警系统说明书::chunk_2,,机舱微机监测报警系统说明书.md
ENT_000077,驾驶台航行值班报警系统_主控单元,Equipment,系统核心逻辑处理与控制设备；系统核心控制与逻辑处理设备,电气::GC WAS-01 驾驶室船舶值班报警系统说明书,电气::GC WAS-01 驾驶室船舶值班报警系统说明书::chunk_3;电气::GC WAS-01 驾驶室船舶值班报警系统说明书::chunk_4,,GC WAS-01 驾驶室船舶值班报警系统说明书.md
ENT_000078,驾驶台航行值班报警系统_值班官员延伸单元,Equipment,延伸至值班官员处的报警提示设备,电气::GC WAS-01 驾驶室船舶值班报警系统说明书,电气::GC WAS-01 驾驶室船舶值班报警系统说明书::chunk_3,,GC WAS-01 驾驶室船舶值班报警系统说明书.md
ENT_000079,驾驶台航行值班报警系统_左右翼复位单元,Equipment,安装在驾驶台左右翼的防水复位设备；系统左右翼位置的复位操作设备,电气::GC WAS-01 驾驶室船舶值班报警系统说明书,电气::GC WAS-01 驾驶室船舶值班报警系统说明书::chunk_3;电气::GC WAS-01 驾驶室船舶值班报警系统说明书::chunk_6,,GC WAS-01 驾驶室船舶值班报警系统说明书.md
ENT_000080,驾驶台航行值班报警系统_报警延伸选择单元,Equipment,用于选择报警信号延伸路径的设备,电气::GC WAS-01 驾驶室船舶值班报警系统说明书,电气::GC WAS-01 驾驶室船舶值班报警系统说明书::chunk_3,,GC WAS-01 驾驶室船舶值班报警系统说明书.md
ENT_000081,驾驶台航行值班报警系统_热释传感器自动复位单元,Equipment,基于热释传感器技术的自动复位设备,电气::GC WAS-01 驾驶室船舶值班报警系统说明书,电气::GC WAS-01 驾驶室船舶值班报警系统说明书::chunk_3,,GC WAS-01 驾驶室船舶值班报警系统说明书.md
ENT_000082,驾驶台航行值班报警系统_电源单元,Equipment,为系统提供电力供应的独立设备,电气::GC WAS-01 驾驶室船舶值班报警系统说明书,电气::GC WAS-01 驾驶室船舶值班报警系统说明书::chunk_3,,GC WAS-01 驾驶室船舶值班报警系统说明书.md
ENT_000083,驾驶台航行值班报警系统_输出接线单元,Equipment,负责系统信号输出与外部接线的设备；系统外部信号输入输出接线处理设备,电气::GC WAS-01 驾驶室船舶值班报警系统说明书,电气::GC WAS-01 驾驶室船舶值班报警系统说明书::chunk_3;电气::GC WAS-01 驾驶室船舶值班报警系统说明书::chunk_4,,GC WAS-01 驾驶室船舶值班报警系统说明书.md
ENT_000084,驾驶台航行值班报警系统_驾驶室复位单元,Equipment,安装在驾驶室用于复位报警的设备,电气::GC WAS-01 驾驶室船舶值班报警系统说明书,电气::GC WAS-01 驾驶室船舶值班报警系统说明书::chunk_3,,GC WAS-01 驾驶室船舶值班报警系统说明书.md
ENT_000085,驾驶室_主车钟,Equipment,驾驶室发出主机指令的输入设备,电气::CDQY2A-PC2-6型 船用主柴油机电气遥控系统说明书,电气::CDQY2A-PC2-6型 船用主柴油机电气遥控系统说明书::chunk_1,,CDQY2A-PC2-6型 船用主柴油机电气遥控系统说明书.md
ENT_000086,驾驶室_应急车钟,Equipment,应急情况下发出主机指令的输入设备；驾驶室用于紧急通讯的车钟设备,电气::CDQY2A-PC2-6型 船用主柴油机电气遥控系统说明书,电气::CDQY2A-PC2-6型 船用主柴油机电气遥控系统说明书::chunk_1;电气::CDQY2A-PC2-6型 船用主柴油机电气遥控系统说明书::chunk_22,,CDQY2A-PC2-6型 船用主柴油机电气遥控系统说明书.md
ENT_000087,CDQY2A-PC2-6 型 船用主柴油机电气遥控系统_操纵命令与齿轮箱转向不一致,FaultCause,操纵器命令与齿轮箱实际转向不一致导致错向故障的原因,电气::CDQY2A-PC2-6型 船用主柴油机电气遥控系统说明书,电气::CDQY2A-PC2-6型 船用主柴油机电气遥控系统说明书::chunk_21,,CDQY2A-PC2-6型 船用主柴油机电气遥控系统说明书.md
ENT_000088,CDQY2A-PC2-6 型 船用主柴油机电气遥控系统_重要参数故障,FaultCause,遥控系统电源供应中断导致系统无法电控的故障原因；根据船舶规范要求的重要参数超出设定极限；遥控装置气源压力低于整定值或完全失压的故障原因,电气::CDQY2A-PC2-6型 船用主柴油机电气遥控系统说明书,电气::CDQY2A-PC2-6型 船用主柴油机电气遥控系统说明书::chunk_18;电气::CDQY2A-PC2-6型 船用主柴油机电气遥控系统说明书::chunk_19;电气::CDQY2A-PC2-6型 船用主柴油机电气遥控系统说明书::chunk_20,,CDQY2A-PC2-6型 船用主柴油机电气遥控系统说明书.md
ENT_000089,机舱总线制监测报警系统_未收到主控单元信息,FaultCause,导致通讯灯不闪烁的通讯中断原因,电气::机舱总线制监测报警使用说明书,电气::机舱总线制监测报警使用说明书::chunk_3,,机舱总线制监测报警使用说明书.md
ENT_000090,水油气超温超压,FaultCause,导致系统报警的水油气温度或压力超过限定值的原因,电气::机舱总线制监测报警使用说明书,电气::机舱总线制监测报警使用说明书::chunk_1,,机舱总线制监测报警使用说明书.md
ENT_000091,水油液位超限,FaultCause,导致系统报警的水或油液位超过限定值的原因,电气::机舱总线制监测报警使用说明书,电气::机舱总线制监测报警使用说明书::chunk_1,,机舱总线制监测报警使用说明书.md
ENT_000092,电网绝缘故障,FaultCause,导致系统报警的电网绝缘性能异常原因,电气::机舱总线制监测报警使用说明书,电气::机舱总线制监测报警使用说明书::chunk_1,,机舱总线制监测报警使用说明书.md
ENT_000093,船舶监测报警系统_UPS 电源单元_未及时关闭,FaultCause,主电源正常断电时未执行 UPS 关闭操作导致故障的诱因,电气::机舱微机监测报警系统说明书,电气::机舱微机监测报警系统说明书::chunk_6,,机舱微机监测报警系统说明书.md
ENT_000094,船舶监测报警系统_主机_外界谐波干扰,FaultCause,可能影响系统的外界谐波干扰源,电气::机舱微机监测报警系统说明书,电气::机舱微机监测报警系统说明书::chunk_2,,机舱微机监测报警系统说明书.md
ENT_000095,船舶监测报警系统_主机_检测点参数越限,FaultCause,导致报警的检测点参数超限原因,电气::机舱微机监测报警系统说明书,电气::机舱微机监测报警系统说明书::chunk_2,,机舱微机监测报警系统说明书.md
ENT_000096,CDQY2A-PC2-6 型 船用主柴油机电气遥控系统_PLC 微机工作不正常,FaultPhenomenon,PLC 主控单元出现运行异常或功能失效的状态,电气::CDQY2A-PC2-6型 船用主柴油机电气遥控系统说明书,电气::CDQY2A-PC2-6型 船用主柴油机电气遥控系统说明书::chunk_27,,CDQY2A-PC2-6型 船用主柴油机电气遥控系统说明书.md
ENT_000097,CDQY2A-PC2-6 型 船用主柴油机电气遥控系统_管路堵塞,FaultPhenomenon,因管内杂物未清除导致的气路流通异常现象,电气::CDQY2A-PC2-6型 船用主柴油机电气遥控系统说明书,电气::CDQY2A-PC2-6型 船用主柴油机电气遥控系统说明书::chunk_4,,CDQY2A-PC2-6型 船用主柴油机电气遥控系统说明书.md
ENT_000098,CDQY2A-PC2-6 型 船用主柴油机电气遥控系统_遥控面板显示异常,FaultPhenomenon,因管路杂物冲击导致的阀门部件物理损坏现象；管路连接处或本体存在的气密性失效现象；因铁屑焊渣灰尘导致的设备外观及防护层损坏现象；遥控系统工作气源供应中断的异常状态；遥控系统气源和电源都中断时需要直接人工操纵的紧急状态；故障降速信号触发后主机自动降低转速的现象；故障停车信号触发后主机转速降为 0 的现象；主机转速高于超速设定值时触发的自动停车保护现象；螺旋桨转向与遥控指令不符且超过规定时间的故障状态；因失气自保阀动作导致遥控功能暂时丧失的状态；遥控操作面板显示内容错误或无显示的现象；系统面板出现故障报警指示的状态,电气::CDQY2A-PC2-6型 船用主柴油机电气遥控系统说明书,电气::CDQY2A-PC2-6型 船用主柴油机电气遥控系统说明书::chunk_18;电气::CDQY2A-PC2-6型 船用主柴油机电气遥控系统说明书::chunk_19;电气::CDQY2A-PC2-6型 船用主柴油机电气遥控系统说明书::chunk_20;电气::CDQY2A-PC2-6型 船用主柴油机电气遥控系统说明书::chunk_27;电气::CDQY2A-PC2-6型 船用主柴油机电气遥控系统说明书::chunk_4;电气::CDQY2A-PC2-6型 船用主柴油机电气遥控系统说明书::chunk_5,,CDQY2A-PC2-6型 船用主柴油机电气遥控系统说明书.md
ENT_000099,机舱总线制监测报警系统_参数越限报警,FaultPhenomenon,监测参数超过设定限值时触发的系统报警现象；报警发生时声响器发声且指示灯亮的综合现象,电气::机舱总线制监测报警使用说明书,电气::机舱总线制监测报警使用说明书::chunk_1,,机舱总线制监测报警使用说明书.md
ENT_000100,机舱总线制监测报警系统_通讯灯不闪烁,FaultPhenomenon,报警发生时对应指示灯闪烁的频率异常现象；采集或显示单元通讯指示灯异常不闪烁的故障现象,电气::机舱总线制监测报警使用说明书,电气::机舱总线制监测报警使用说明书::chunk_1;电气::机舱总线制监测报警使用说明书::chunk_3,,机舱总线制监测报警使用说明书.md
ENT_000101,船舶_主推进系统_气控换向齿轮箱_齿轮箱换向控制阀_三口气源同时失气,FaultPhenomenon,换向阀三个控制口的气源压力同时丧失的异常故障状态,电气::CDQY2A-PC2-6型 船用主柴油机电气遥控系统说明书,电气::CDQY2A-PC2-6型 船用主柴油机电气遥控系统说明书::chunk_8,,CDQY2A-PC2-6型 船用主柴油机电气遥控系统说明书.md
ENT_000102,船舶监测报警系统_UPS 电源单元_电池耗尽损坏,FaultPhenomenon,UPS 电池因过度放电导致的硬件永久性损坏现象,电气::机舱微机监测报警系统说明书,电气::机舱微机监测报警系统说明书::chunk_6,,机舱微机监测报警系统说明书.md
ENT_000103,船舶监测报警系统_主机_主机故障,FaultPhenomenon,主机运行异常导致备用主机需投入的故障状态；主机发生的通用故障现象,电气::机舱微机监测报警系统说明书,电气::机舱微机监测报警系统说明书::chunk_1;电气::机舱微机监测报警系统说明书::chunk_2,,机舱微机监测报警系统说明书.md
ENT_000104,船舶监测报警系统_主机_参数越限报警,FaultPhenomenon,监测参数超过设定阈值触发的报警,电气::机舱微机监测报警系统说明书,电气::机舱微机监测报警系统说明书::chunk_2,,机舱微机监测报警系统说明书.md
ENT_000105,驾驶台航行值班报警系统_航行值班故障,FaultPhenomenon,系统通过通信协议上报的航行值班功能 malfunction 故障现象,电气::GC WAS-01 驾驶室船舶值班报警系统说明书,电气::GC WAS-01 驾驶室船舶值班报警系统说明书::chunk_8,,GC WAS-01 驾驶室船舶值班报警系统说明书.md
ENT_000106,驾驶台航行值班报警系统_视觉报警,FaultPhenomenon,系统通过通信协议上报的视觉信号报警现象；系统通过通信协议上报的声音信号报警现象，涵盖多通道音频；系统通过通信协议上报的紧急呼叫报警现象,电气::GC WAS-01 驾驶室船舶值班报警系统说明书,电气::GC WAS-01 驾驶室船舶值班报警系统说明书::chunk_8,,GC WAS-01 驾驶室船舶值班报警系统说明书.md
ENT_000107,CDQY2A-PC2-6 型 船用主柴油机电气遥控系统_1.25 倍额定气压试验值,Parameter,气压密封性试验所需的压力参数标准,电气::CDQY2A-PC2-6型 船用主柴油机电气遥控系统说明书,电气::CDQY2A-PC2-6型 船用主柴油机电气遥控系统说明书::chunk_4,,CDQY2A-PC2-6型 船用主柴油机电气遥控系统说明书.md
ENT_000108,CDQY2A-PC2-6 型 船用主柴油机电气遥控系统_临界转速上限,Parameter,遥控控制单元自动避开临界转速的上限值；遥控控制单元自动避开临界转速的下限值,电气::CDQY2A-PC2-6型 船用主柴油机电气遥控系统说明书,电气::CDQY2A-PC2-6型 船用主柴油机电气遥控系统说明书::chunk_19,,CDQY2A-PC2-6型 船用主柴油机电气遥控系统说明书.md
ENT_000109,CDQY2A-PC2-6 型 船用主柴油机电气遥控系统_倾斜摇摆环境条件,Parameter,船舶各方向倾斜摇摆及垂直加速度的耐受参数,电气::CDQY2A-PC2-6型 船用主柴油机电气遥控系统说明书,电气::CDQY2A-PC2-6型 船用主柴油机电气遥控系统说明书::chunk_2,,CDQY2A-PC2-6型 船用主柴油机电气遥控系统说明书.md
ENT_000110,CDQY2A-PC2-6 型 船用主柴油机电气遥控系统_减震橡胶垫规格,Parameter,装置公用底座安装所需的减震材料厚度参数,电气::CDQY2A-PC2-6型 船用主柴油机电气遥控系统说明书,电气::CDQY2A-PC2-6型 船用主柴油机电气遥控系统说明书::chunk_4,,CDQY2A-PC2-6型 船用主柴油机电气遥控系统说明书.md
ENT_000111,CDQY2A-PC2-6 型 船用主柴油机电气遥控系统_双气源净化装置_输出气压 0.6MPa,Parameter,设备外壳防尘防水的 IP 防护等级指标；气源失气时调速器转速设定值保持不变的时间参数；可根据实船情况在现场调整的系统控制参数；系统控制的柴油机转速调节百分比范围；遥控手柄的前进、中位、倒退档位数量配置；系统正常工作所需的压缩空气压力范围；进入系统气源处理装置前的空气压力要求；系统主供电电源的电压及波动范围要求；系统备用供电电源的电压及波动范围要求；系统单台设备运行时的最大功率消耗；遥控操纵器输出的转速控制气压范围；遥控操纵器手柄的物理旋转角度范围；失气压力控制器触发保护动作的压力阈值；描述设备防尘防水能力的技术指标，文中明确为 IP22；描述操纵器的物理操作形态，文中明确为手柄式；各档位转速指令的具体数值，支持分别设定或修改；定义操纵器支持的调速控制逻辑，支持有级或无级方式；定义输出指令的档位数量及分布，通常分为 9 档；显示当前遥控系统的控制位置模式如驾控或机旁；显示主推进装置的实际运行状态如正车倒车或空车；机舱控制箱可指示驾驶室各种运行指令及操作状态的功能参数；电源设备主供电回路的标准输入电压参数；电源设备稳定输出的直流工作电压参数；电源设备在主备供电间自动切换的功能特性；双气源净化装置要求的船厂低压气瓶输入压缩空气压力值；双气源净化装置处理后输出至机舱阀箱的稳定压缩空气压力值；触发飞车保护功能的主机转速阈值参数；遥控显示控制板上用于指示尾轴正转向、倒转向或错向状态的参数；遥控显示控制板上用于指示应急停车、安全越控、故障停车、故障降速及超速状态的参数；正倒车控制阀的空车设定位置参数；控制方式选择阀的机旁控制设定位置参数；控制方式选择阀扳至遥控模式时的档位参数；遥控操纵器手柄在完车或备车前应放置的空车档位；操纵器内精密压力阀的起始输出压力设定值,电气::CDQY2A-PC2-6型 船用主柴油机电气遥控系统说明书,电气::CDQY2A-PC2-6型 船用主柴油机电气遥控系统说明书::chunk_10;电气::CDQY2A-PC2-6型 船用主柴油机电气遥控系统说明书::chunk_11;电气::CDQY2A-PC2-6型 船用主柴油机电气遥控系统说明书::chunk_14;电气::CDQY2A-PC2-6型 船用主柴油机电气遥控系统说明书::chunk_15;电气::CDQY2A-PC2-6型 船用主柴油机电气遥控系统说明书::chunk_16;电气::CDQY2A-PC2-6型 船用主柴油机电气遥控系统说明书::chunk_2;电气::CDQY2A-PC2-6型 船用主柴油机电气遥控系统说明书::chunk_20;电气::CDQY2A-PC2-6型 船用主柴油机电气遥控系统说明书::chunk_21;电气::CDQY2A-PC2-6型 船用主柴油机电气遥控系统说明书::chunk_22;电气::CDQY2A-PC2-6型 船用主柴油机电气遥控系统说明书::chunk_23;电气::CDQY2A-PC2-6型 船用主柴油机电气遥控系统说明书::chunk_25;电气::CDQY2A-PC2-6型 船用主柴油机电气遥控系统说明书::chunk_5;电气::CDQY2A-PC2-6型 船用主柴油机电气遥控系统说明书::chunk_6;电气::CDQY2A-PC2-6型 船用主柴油机电气遥控系统说明书::chunk_7,,CDQY2A-PC2-6型 船用主柴油机电气遥控系统说明书.md
ENT_000112,CDQY2A-PC2-6 型 船用主柴油机电气遥控系统_失气报警阈值 0.45MPa,Parameter,触发失气声光报警的气源压力下限值,电气::CDQY2A-PC2-6型 船用主柴油机电气遥控系统说明书,电气::CDQY2A-PC2-6型 船用主柴油机电气遥控系统说明书::chunk_25,,CDQY2A-PC2-6型 船用主柴油机电气遥控系统说明书.md
ENT_000113,CDQY2A-PC2-6 型 船用主柴油机电气遥控系统_振动环境条件_往复机械处所,Parameter,一般安装位置处的振动频率与振幅耐受参数；往复机械及其类似处所的振动频率与加速度耐受参数,电气::CDQY2A-PC2-6型 船用主柴油机电气遥控系统说明书,电气::CDQY2A-PC2-6型 船用主柴油机电气遥控系统说明书::chunk_2,,CDQY2A-PC2-6型 船用主柴油机电气遥控系统说明书.md
ENT_000114,CDQY2A-PC2-6 型 船用主柴油机电气遥控系统_最大合排时间 2 秒,Parameter,主机换向动作所需时间上限；PLC 微机设定的齿轮箱合排或脱排最大时间间隔；齿轮箱从顺车直接拉回倒车或反之的换向延时标准值,电气::CDQY2A-PC2-6型 船用主柴油机电气遥控系统说明书,电气::CDQY2A-PC2-6型 船用主柴油机电气遥控系统说明书::chunk_19;电气::CDQY2A-PC2-6型 船用主柴油机电气遥控系统说明书::chunk_25;电气::CDQY2A-PC2-6型 船用主柴油机电气遥控系统说明书::chunk_7,,CDQY2A-PC2-6型 船用主柴油机电气遥控系统说明书.md
ENT_000115,CDQY2A-PC2-6 型 船用主柴油机电气遥控系统_空气过滤精度,Parameter,空气过滤器对杂质颗粒的过滤能力指标,电气::CDQY2A-PC2-6型 船用主柴油机电气遥控系统说明书,电气::CDQY2A-PC2-6型 船用主柴油机电气遥控系统说明书::chunk_6,,CDQY2A-PC2-6型 船用主柴油机电气遥控系统说明书.md
ENT_000116,CDQY2A-PC2-6 型 船用主柴油机电气遥控系统_紫铜管规格,Parameter,遥控系统管路铺设所需的材料尺寸参数,电气::CDQY2A-PC2-6型 船用主柴油机电气遥控系统说明书,电气::CDQY2A-PC2-6型 船用主柴油机电气遥控系统说明书::chunk_4,,CDQY2A-PC2-6型 船用主柴油机电气遥控系统说明书.md
ENT_000117,CDQY2A-PC2-6 型 船用主柴油机电气遥控系统_绝缘电阻,Parameter,系统电气绝缘性能指标,电气::CDQY2A-PC2-6型 船用主柴油机电气遥控系统说明书,电气::CDQY2A-PC2-6型 船用主柴油机电气遥控系统说明书::chunk_7,,CDQY2A-PC2-6型 船用主柴油机电气遥控系统说明书.md
ENT_000118,CDQY2A-PC2-6 型 船用主柴油机电气遥控系统_脱排延时 2 秒,Parameter,操纵手柄拉回空车后齿轮箱脱排的延时时间,电气::CDQY2A-PC2-6型 船用主柴油机电气遥控系统说明书,电气::CDQY2A-PC2-6型 船用主柴油机电气遥控系统说明书::chunk_25,,CDQY2A-PC2-6型 船用主柴油机电气遥控系统说明书.md
ENT_000119,CDQY2A-PC2-6 型 船用主柴油机电气遥控系统_辅车钟单元_切换开关档位设置,Parameter,切换开关的驾控、机控、备车、完车四种位置配置,电气::CDQY2A-PC2-6型 船用主柴油机电气遥控系统说明书,电气::CDQY2A-PC2-6型 船用主柴油机电气遥控系统说明书::chunk_12,,CDQY2A-PC2-6型 船用主柴油机电气遥控系统说明书.md
ENT_000120,CDQY2A-PC2-6 型 船用主柴油机电气遥控系统_辅车钟单元_工作角色模式,Parameter,ATE 在不同操纵位置下的发令器、回令器或复示器角色,电气::CDQY2A-PC2-6型 船用主柴油机电气遥控系统说明书,电气::CDQY2A-PC2-6型 船用主柴油机电气遥控系统说明书::chunk_12,,CDQY2A-PC2-6型 船用主柴油机电气遥控系统说明书.md
ENT_000121,CDQY2A-PC2-6 型 船用主柴油机电气遥控系统_辅车钟单元_联络信号内容,Parameter,通过 ATE 联系的控制位置转换及备车完车请求应答信号,电气::CDQY2A-PC2-6型 船用主柴油机电气遥控系统说明书,电气::CDQY2A-PC2-6型 船用主柴油机电气遥控系统说明书::chunk_12,,CDQY2A-PC2-6型 船用主柴油机电气遥控系统说明书.md
ENT_000122,CDQY2A-PC2-6 型 船用主柴油机电气遥控系统_错向保护时间 15S,Parameter,判定错向故障所需的指令与实际转向不符的持续时间,电气::CDQY2A-PC2-6型 船用主柴油机电气遥控系统说明书,电气::CDQY2A-PC2-6型 船用主柴油机电气遥控系统说明书::chunk_20,,CDQY2A-PC2-6型 船用主柴油机电气遥控系统说明书.md
ENT_000123,CDQY2A-PC2-6 型 船用主柴油机电气遥控系统_阀箱_比例阀_输出压力,Parameter,比例阀输出的控制气压范围,电气::CDQY2A-PC2-6型 船用主柴油机电气遥控系统说明书,电气::CDQY2A-PC2-6型 船用主柴油机电气遥控系统说明书::chunk_7,,CDQY2A-PC2-6型 船用主柴油机电气遥控系统说明书.md
ENT_000124,CDQY2A-PC2-6 型 船用主柴油机电气遥控系统_阀箱_膜片执行器_输出位移量,Parameter,膜片执行器产生的机械位移范围；膜片执行器输出的力矩特性,电气::CDQY2A-PC2-6型 船用主柴油机电气遥控系统说明书,电气::CDQY2A-PC2-6型 船用主柴油机电气遥控系统说明书::chunk_7,,CDQY2A-PC2-6型 船用主柴油机电气遥控系统说明书.md
ENT_000125,CDQY2A-PC2-6 型 船用主柴油机电气遥控系统_高温高湿环境条件,Parameter,系统正常运行的环境温度范围；系统不失效的最高环境温度；系统正常运行的环境湿度条件；温度高达 45 摄氏度时相对湿度 95% 的运行极限参数；温度高于 45 摄氏度时相对湿度 70% 的运行极限参数,电气::CDQY2A-PC2-6型 船用主柴油机电气遥控系统说明书,电气::CDQY2A-PC2-6型 船用主柴油机电气遥控系统说明书::chunk_1;电气::CDQY2A-PC2-6型 船用主柴油机电气遥控系统说明书::chunk_2,,CDQY2A-PC2-6型 船用主柴油机电气遥控系统说明书.md
ENT_000126,CDQY2A-PC2-6 型 船用主柴油机电气遥控系统_齿轮箱油压检测板_配置类型,Parameter,该检测板在系统中的选配或标配属性,电气::CDQY2A-PC2-6型 船用主柴油机电气遥控系统说明书,电气::CDQY2A-PC2-6型 船用主柴油机电气遥控系统说明书::chunk_17,,CDQY2A-PC2-6型 船用主柴油机电气遥控系统说明书.md
ENT_000127,CDQY2A-PC2-6 型 船用主柴油机电气遥控系统_齿轮箱油压检测板_顺倒车合排信号,Parameter,检测板输出的齿轮箱顺车或倒车合排状态信号,电气::CDQY2A-PC2-6型 船用主柴油机电气遥控系统说明书,电气::CDQY2A-PC2-6型 船用主柴油机电气遥控系统说明书::chunk_17,,CDQY2A-PC2-6型 船用主柴油机电气遥控系统说明书.md
ENT_000128,CDQY2A-PC2-6 型 船用主柴油机电气遥控系统_齿轮箱脱排指令,Parameter,遥控装置发出的控制齿轮箱离合器脱离的命令参数；遥控装置发出的控制齿轮箱离合器结合的命令参数；遥控装置发出的控制齿轮箱正倒车换向的命令参数,电气::CDQY2A-PC2-6型 船用主柴油机电气遥控系统说明书,电气::CDQY2A-PC2-6型 船用主柴油机电气遥控系统说明书::chunk_23,,CDQY2A-PC2-6型 船用主柴油机电气遥控系统说明书.md
ENT_000129,机舱总线制监测报警系统_24 路系统标准配置,Parameter,系统由三块采集模块和四个 24 路显示单元组成的配置参数；系统由一块采集模块和两个 16 路显示单元组成的配置参数,电气::机舱总线制监测报警使用说明书,电气::机舱总线制监测报警使用说明书::chunk_4,,机舱总线制监测报警使用说明书.md
ENT_000130,机舱总线制监测报警系统_32 路开关量采集能力,Parameter,数据采集模块支持的开关量信号采集路数参数,电气::机舱总线制监测报警使用说明书,电气::机舱总线制监测报警使用说明书::chunk_3,,机舱总线制监测报警使用说明书.md
ENT_000131,机舱总线制监测报警系统_RS-485 通讯接口,Parameter,数据采集模块与外部设备进行数据通讯的物理接口标准,电气::机舱总线制监测报警使用说明书,电气::机舱总线制监测报警使用说明书::chunk_5,,机舱总线制监测报警使用说明书.md
ENT_000132,机舱总线制监测报警系统_工作环境温度,Parameter,设备可靠工作允许的环境温度范围,电气::机舱总线制监测报警使用说明书,电气::机舱总线制监测报警使用说明书::chunk_2,,机舱总线制监测报警使用说明书.md
ENT_000133,机舱总线制监测报警系统_工作环境湿度,Parameter,设备可靠工作允许的环境相对湿度上限,电气::机舱总线制监测报警使用说明书,电气::机舱总线制监测报警使用说明书::chunk_2,,机舱总线制监测报警使用说明书.md
ENT_000134,机舱总线制监测报警系统_工作电压,Parameter,系统正常工作所需的直流电源电压及容差范围,电气::机舱总线制监测报警使用说明书,电气::机舱总线制监测报警使用说明书::chunk_2,,机舱总线制监测报警使用说明书.md
ENT_000135,机舱总线制监测报警系统_报警延时 2-5 秒,Parameter,采集主控单元报警采集点的信号延时参数,电气::机舱总线制监测报警使用说明书,电气::机舱总线制监测报警使用说明书::chunk_3,,机舱总线制监测报警使用说明书.md
ENT_000136,机舱总线制监测报警系统_报警数据采集模块_外部接口功能说明,Parameter,定义模块上 J7 通讯口与 J8 电源接口的功能属性,电气::机舱总线制监测报警使用说明书,电气::机舱总线制监测报警使用说明书::chunk_7,,机舱总线制监测报警使用说明书.md
ENT_000137,机舱总线制监测报警系统_报警数据采集模块_输入公共端分组说明,Parameter,描述 32 路开关量输入分为 4 组公共端 COM1 至 COM4 的接线规格,电气::机舱总线制监测报警使用说明书,电气::机舱总线制监测报警使用说明书::chunk_7,,机舱总线制监测报警使用说明书.md
ENT_000138,机舱总线制监测报警系统_接收器最小灵敏度,Parameter,通讯接收器最小灵敏度电压参数,电气::机舱总线制监测报警使用说明书,电气::机舱总线制监测报警使用说明书::chunk_1,,机舱总线制监测报警使用说明书.md
ENT_000139,机舱总线制监测报警系统_显示单元推荐安装位置,Parameter,显示单元可安装的驾控台、监视台等位置参数,电气::机舱总线制监测报警使用说明书,电气::机舱总线制监测报警使用说明书::chunk_4,,机舱总线制监测报警使用说明书.md
ENT_000140,机舱总线制监测报警系统_显示路数配置,Parameter,报警显示单元支持的 16 路或 24 路显示配置参数,电气::机舱总线制监测报警使用说明书,电气::机舱总线制监测报警使用说明书::chunk_3,,机舱总线制监测报警使用说明书.md
ENT_000141,机舱总线制监测报警系统_最大传输速率,Parameter,通讯总线最大数据传输速率参数,电气::机舱总线制监测报警使用说明书,电气::机舱总线制监测报警使用说明书::chunk_1,,机舱总线制监测报警使用说明书.md
ENT_000142,机舱总线制监测报警系统_最大连接节点数,Parameter,总线最大可连接的驱动器和收发器数量参数,电气::机舱总线制监测报警使用说明书,电气::机舱总线制监测报警使用说明书::chunk_1,,机舱总线制监测报警使用说明书.md
ENT_000143,机舱总线制监测报警系统_最大采集点数,Parameter,数据采集模块最多可采集的开关量报警点数参数,电气::机舱总线制监测报警使用说明书,电气::机舱总线制监测报警使用说明书::chunk_1,,机舱总线制监测报警使用说明书.md
ENT_000144,机舱总线制监测报警系统_通讯传输距离,Parameter,RS-485 总线最大传输距离参数,电气::机舱总线制监测报警使用说明书,电气::机舱总线制监测报警使用说明书::chunk_1,,机舱总线制监测报警使用说明书.md
ENT_000145,机舱总线制监测报警系统_通讯电缆选型规格,Parameter,RS-485 总线建议使用的船用双芯通讯双绞屏蔽电缆及截面积要求；系统电源线最小截面积及 CEFP 型通讯电缆要求,电气::机舱总线制监测报警使用说明书,电气::机舱总线制监测报警使用说明书::chunk_6,,机舱总线制监测报警使用说明书.md
ENT_000146,机舱总线制监测报警系统_防护等级,Parameter,设备外壳对固体异物和水的防护级别,电气::机舱总线制监测报警使用说明书,电气::机舱总线制监测报警使用说明书::chunk_2,,机舱总线制监测报警使用说明书.md
ENT_000147,船舶_主推进系统_气控换向齿轮箱_齿轮箱换向控制阀_控制口配置,Parameter,换向控制阀具备正车、倒车和停车三个独立气压控制口的参数要求,电气::CDQY2A-PC2-6型 船用主柴油机电气遥控系统说明书,电气::CDQY2A-PC2-6型 船用主柴油机电气遥控系统说明书::chunk_8,,CDQY2A-PC2-6型 船用主柴油机电气遥控系统说明书.md
ENT_000148,船舶_主推进系统_陕柴 PC2-6 型船用主机_怠速,Parameter,主机起动后的怠速转速参数,电气::CDQY2A-PC2-6型 船用主柴油机电气遥控系统说明书,电气::CDQY2A-PC2-6型 船用主柴油机电气遥控系统说明书::chunk_22,,CDQY2A-PC2-6型 船用主柴油机电气遥控系统说明书.md
ENT_000149,船舶电气控制设备_工作电压,Parameter,设备正常运行所需的直流电源电压及电流规格,电气::柴油机智能延伸检测单元说明书,电气::柴油机智能延伸检测单元说明书::chunk_1,,柴油机智能延伸检测单元说明书.md
ENT_000150,船舶电气控制设备_环境温度,Parameter,设备允许工作的周围空气温度范围,电气::柴油机智能延伸检测单元说明书,电气::柴油机智能延伸检测单元说明书::chunk_1,,柴油机智能延伸检测单元说明书.md
ENT_000151,船舶电气控制设备_相对湿度,Parameter,设备允许工作的周围空气湿度上限,电气::柴油机智能延伸检测单元说明书,电气::柴油机智能延伸检测单元说明书::chunk_1,,柴油机智能延伸检测单元说明书.md
ENT_000152,船舶电气控制设备_防护等级,Parameter,设备外壳防止固体异物和水进入的等级,电气::柴油机智能延伸检测单元说明书,电气::柴油机智能延伸检测单元说明书::chunk_1,,柴油机智能延伸检测单元说明书.md
ENT_000153,船舶电气控制设备_额定工作电压_24V,Parameter,设备运行所需的 24 伏直流电源参数,电气::柴油机智能延伸检测单元说明书,电气::柴油机智能延伸检测单元说明书::chunk_4,,柴油机智能延伸检测单元说明书.md
ENT_000154,船舶监测报警系统_UPS 电源单元_输入电压,Parameter,UPS 单元正常工作所需的主电源交流输入电压标准,电气::机舱微机监测报警系统说明书,电气::机舱微机监测报警系统说明书::chunk_6,,机舱微机监测报警系统说明书.md
ENT_000155,船舶监测报警系统_UPS 电源单元_额定功率,Parameter,UPS 单元能够提供的最大输出功率容量,电气::机舱微机监测报警系统说明书,电气::机舱微机监测报警系统说明书::chunk_6,,机舱微机监测报警系统说明书.md
ENT_000156,船舶监测报警系统_VDR 数据通讯模块_电源输入电压,Parameter,数据采集模块正常工作所需的直流电源输入电压值；数据采集通讯模块正常工作所需的直流电源输入电压值；数据输出模块正常工作所需的直流电源输入电压值；VDR 数据通讯模块正常工作所需的直流电源输入电压值,电气::机舱微机监测报警系统说明书,电气::机舱微机监测报警系统说明书::chunk_8,,机舱微机监测报警系统说明书.md
ENT_000157,船舶监测报警系统_主机_存储器容量,Parameter,电子存储器可容纳检测参数的空间大小指标；电子存储器的容量参数,电气::机舱微机监测报警系统说明书,电气::机舱微机监测报警系统说明书::chunk_1;电气::机舱微机监测报警系统说明书::chunk_2,,机舱微机监测报警系统说明书.md
ENT_000158,船舶监测报警系统_主机_工作温度范围,Parameter,设备正常工作的环境温度区间,电气::机舱微机监测报警系统说明书,电气::机舱微机监测报警系统说明书::chunk_3,,机舱微机监测报警系统说明书.md
ENT_000159,船舶监测报警系统_主机_报警检测参数,Parameter,系统监测并存储的具体运行参数数据；主机监测的运行参数指标,电气::机舱微机监测报警系统说明书,电气::机舱微机监测报警系统说明书::chunk_1;电气::机舱微机监测报警系统说明书::chunk_2,,机舱微机监测报警系统说明书.md
ENT_000160,船舶监测报警系统_主机_接口标准,Parameter,主机电源及输入输出采用的标准接口形式规范,电气::机舱微机监测报警系统说明书,电气::机舱微机监测报警系统说明书::chunk_5,,机舱微机监测报警系统说明书.md
ENT_000161,船舶监测报警系统_主机_测量精度,Parameter,系统测量参数的精度范围不含传感器,电气::机舱微机监测报警系统说明书,电气::机舱微机监测报警系统说明书::chunk_3,,机舱微机监测报警系统说明书.md
ENT_000162,船舶监测报警系统_主机_电源纹波系数,Parameter,电源电压允许的纹波波动范围限制,电气::机舱微机监测报警系统说明书,电气::机舱微机监测报警系统说明书::chunk_3,,机舱微机监测报警系统说明书.md
ENT_000163,船舶监测报警系统_主机_电源自动切换功能,Parameter,两路电源之间的自动切换能力,电气::机舱微机监测报警系统说明书,电气::机舱微机监测报警系统说明书::chunk_3,,机舱微机监测报警系统说明书.md
ENT_000164,船舶监测报警系统_主机_电源输入电压,Parameter,主机支持的交流或直流输入电压标准值；电源电压允许的波动范围限制,电气::机舱微机监测报警系统说明书,电气::机舱微机监测报警系统说明书::chunk_3,,机舱微机监测报警系统说明书.md
ENT_000165,船舶监测报警系统_主机_额定功率,Parameter,主机运行时的额定功率消耗,电气::机舱微机监测报警系统说明书,电气::机舱微机监测报警系统说明书::chunk_3,,机舱微机监测报警系统说明书.md
ENT_000166,船舶监测报警系统_延伸报警灯板_尺寸规格,Parameter,延伸报警灯板物理外观的尺寸型号分类,电气::机舱微机监测报警系统说明书,电气::机舱微机监测报警系统说明书::chunk_7,,机舱微机监测报警系统说明书.md
ENT_000167,船舶监测报警系统_延伸报警灯板_报警点数,Parameter,单块报警灯板能够支持的最大报警信号输入数量,电气::机舱微机监测报警系统说明书,电气::机舱微机监测报警系统说明书::chunk_7,,机舱微机监测报警系统说明书.md
ENT_000168,船舶监测报警系统_延伸报警灯板_通讯标准,Parameter,延伸报警灯板与主机之间进行数据交换采用的通讯协议类型,电气::机舱微机监测报警系统说明书,电气::机舱微机监测报警系统说明书::chunk_7,,机舱微机监测报警系统说明书.md
ENT_000169,船舶监测报警系统_打印设备_产品系列,Parameter,打印机所属的品牌产品系列，如新荣达系列,电气::机舱微机监测报警系统说明书,电气::机舱微机监测报警系统说明书::chunk_9,,机舱微机监测报警系统说明书.md
ENT_000170,船舶监测报警系统_打印设备_纸张类型,Parameter,打印机使用的耗材纸张类型，如连续纸,电气::机舱微机监测报警系统说明书,电气::机舱微机监测报警系统说明书::chunk_9,,机舱微机监测报警系统说明书.md
ENT_000171,船舶监测报警系统_打印设备_额定功率,Parameter,打印设备运行时的额定功率消耗,电气::机舱微机监测报警系统说明书,电气::机舱微机监测报警系统说明书::chunk_3,,机舱微机监测报警系统说明书.md
ENT_000172,船舶监测报警系统_数据采集通讯模块_通讯转换标准,Parameter,数据采集模块发送数据所采用的通讯协议标准；数据采集模块所采用的硬件产品系列型号；数据采集通讯模块支持的通讯协议转换类型,电气::机舱微机监测报警系统说明书,电气::机舱微机监测报警系统说明书::chunk_8,,机舱微机监测报警系统说明书.md
ENT_000173,船舶监测报警系统_显示单元_屏幕尺寸规格,Parameter,显示器物理尺寸规格参数，如 17 英寸或 15 英寸,电气::机舱微机监测报警系统说明书,电气::机舱微机监测报警系统说明书::chunk_9,,机舱微机监测报警系统说明书.md
ENT_000174,船舶监测报警系统_显示单元_显示技术类型,Parameter,显示器采用的技术类型，如 LCD 液晶或 CRT 显像管,电气::机舱微机监测报警系统说明书,电气::机舱微机监测报警系统说明书::chunk_9,,机舱微机监测报警系统说明书.md
ENT_000175,船舶监测报警系统_显示单元_额定功率,Parameter,显示单元运行时的额定功率消耗,电气::机舱微机监测报警系统说明书,电气::机舱微机监测报警系统说明书::chunk_3,,机舱微机监测报警系统说明书.md
ENT_000176,船舶监测报警系统_过程变送器_电流信号标准,Parameter,变送器支持的 4-20mA 等标准电流信号范围参数；变送器支持的 0-5V 等标准电压信号范围参数,电气::机舱微机监测报警系统说明书,电气::机舱微机监测报警系统说明书::chunk_4,,机舱微机监测报警系统说明书.md
ENT_000177,船舶监测报警系统_过程变送器_电阻信号类型,Parameter,变送器支持的电阻信号输入类型参数,电气::机舱微机监测报警系统说明书,电气::机舱微机监测报警系统说明书::chunk_4,,机舱微机监测报警系统说明书.md
ENT_000178,驾驶台航行值班报警系统_VDR 输出接口类型,Parameter,系统向航行数据记录仪输出信号的接口通信标准,电气::GC WAS-01 驾驶室船舶值班报警系统说明书,电气::GC WAS-01 驾驶室船舶值班报警系统说明书::chunk_6,,GC WAS-01 驾驶室船舶值班报警系统说明书.md
ENT_000179,驾驶台航行值班报警系统_导航自动复位信号输入通道数,Parameter,导航自动复位信号输入的无源触点通道数量,电气::GC WAS-01 驾驶室船舶值班报警系统说明书,电气::GC WAS-01 驾驶室船舶值班报警系统说明书::chunk_4,,GC WAS-01 驾驶室船舶值班报警系统说明书.md
ENT_000180,驾驶台航行值班报警系统_工作环境温度,Parameter,系统允许正常运行的环境温度范围,电气::GC WAS-01 驾驶室船舶值班报警系统说明书,电气::GC WAS-01 驾驶室船舶值班报警系统说明书::chunk_4,,GC WAS-01 驾驶室船舶值班报警系统说明书.md
ENT_000181,驾驶台航行值班报警系统_工作电压,Parameter,系统正常工作所需的直流电源电压及电流规格,电气::GC WAS-01 驾驶室船舶值班报警系统说明书,电气::GC WAS-01 驾驶室船舶值班报警系统说明书::chunk_4,,GC WAS-01 驾驶室船舶值班报警系统说明书.md
ENT_000182,驾驶台航行值班报警系统_左右翼复位单元_防护等级,Parameter,左右翼复位单元设备的外壳防护等级标准,电气::GC WAS-01 驾驶室船舶值班报警系统说明书,电气::GC WAS-01 驾驶室船舶值班报警系统说明书::chunk_6,,GC WAS-01 驾驶室船舶值班报警系统说明书.md
ENT_000183,驾驶台航行值班报警系统_延伸输出到公共区域报警通道数,Parameter,定义系统延伸输出到公共区域的报警信号通道数量限制,电气::GC WAS-01 驾驶室船舶值班报警系统说明书,电气::GC WAS-01 驾驶室船舶值班报警系统说明书::chunk_5,,GC WAS-01 驾驶室船舶值班报警系统说明书.md
ENT_000184,驾驶台航行值班报警系统_延伸输出到官员舱室报警通道数,Parameter,定义系统延伸输出到官员舱室的报警信号通道数量限制,电气::GC WAS-01 驾驶室船舶值班报警系统说明书,电气::GC WAS-01 驾驶室船舶值班报警系统说明书::chunk_5,,GC WAS-01 驾驶室船舶值班报警系统说明书.md
ENT_000185,驾驶台航行值班报警系统_无源触点最大容量,Parameter,系统无源触点输出的最大电压电流承载能力,电气::GC WAS-01 驾驶室船舶值班报警系统说明书,电气::GC WAS-01 驾驶室船舶值班报警系统说明书::chunk_6,,GC WAS-01 驾驶室船舶值班报警系统说明书.md
ENT_000186,驾驶台航行值班报警系统_环境防护性能,Parameter,系统防振防潮湿防盐雾防霉菌的防护措施等级,电气::GC WAS-01 驾驶室船舶值班报警系统说明书,电气::GC WAS-01 驾驶室船舶值班报警系统说明书::chunk_4,,GC WAS-01 驾驶室船舶值班报警系统说明书.md
ENT_000187,驾驶台航行值班报警系统_电磁兼容性能,Parameter,系统抗干扰能力及符合的电磁兼容规范,电气::GC WAS-01 驾驶室船舶值班报警系统说明书,电气::GC WAS-01 驾驶室船舶值班报警系统说明书::chunk_4,,GC WAS-01 驾驶室船舶值班报警系统说明书.md
ENT_000188,驾驶台航行值班报警系统_相对湿度,Parameter,系统允许正常运行的环境相对湿度上限,电气::GC WAS-01 驾驶室船舶值班报警系统说明书,电气::GC WAS-01 驾驶室船舶值班报警系统说明书::chunk_4,,GC WAS-01 驾驶室船舶值班报警系统说明书.md
ENT_000189,驾驶台航行值班报警系统_自动舵遥控启动输入信号,Parameter,自动舵远程启动功能的输入信号类型及触点要求,电气::GC WAS-01 驾驶室船舶值班报警系统说明书,电气::GC WAS-01 驾驶室船舶值班报警系统说明书::chunk_4,,GC WAS-01 驾驶室船舶值班报警系统说明书.md
ENT_000190,驾驶台航行值班报警系统_通信协议 ASC 码,Parameter,通信协议中用于数据编码的 ASCII 码格式参数,电气::GC WAS-01 驾驶室船舶值班报警系统说明书,电气::GC WAS-01 驾驶室船舶值班报警系统说明书::chunk_8,,GC WAS-01 驾驶室船舶值班报警系统说明书.md
ENT_000191,驾驶台航行值班报警系统_通信协议异或校验和,Parameter,通信协议数据帧末尾用于数据完整性验证的异或校验参数,电气::GC WAS-01 驾驶室船舶值班报警系统说明书,电气::GC WAS-01 驾驶室船舶值班报警系统说明书::chunk_8,,GC WAS-01 驾驶室船舶值班报警系统说明书.md
ENT_000192,驾驶台航行值班报警系统_通信协议报警状态指示位,Parameter,通信协议中用于标识具体报警类型的名称字段；通信协议中定义报警触发状态的逻辑位，1 为报警 0 为正常,电气::GC WAS-01 驾驶室船舶值班报警系统说明书,电气::GC WAS-01 驾驶室船舶值班报警系统说明书::chunk_7,,GC WAS-01 驾驶室船舶值班报警系统说明书.md
ENT_000193,驾驶台航行值班报警系统_通信协议数据头格式,Parameter,系统通信协议中的数据帧头文件标识格式,电气::GC WAS-01 驾驶室船舶值班报警系统说明书,电气::GC WAS-01 驾驶室船舶值班报警系统说明书::chunk_6,,GC WAS-01 驾驶室船舶值班报警系统说明书.md
ENT_000194,驾驶台航行值班报警系统_通信协议运行模式参数,Parameter,通信协议中指示系统当前运行状态的模式参数，含激活、待机、手动及自动模式,电气::GC WAS-01 驾驶室船舶值班报警系统说明书,电气::GC WAS-01 驾驶室船舶值班报警系统说明书::chunk_8,,GC WAS-01 驾驶室船舶值班报警系统说明书.md
ENT_000195,驾驶台航行值班报警系统_通用报警输出接口类型,Parameter,定义系统延伸到通用报警系统的输出接口电气特性,电气::GC WAS-01 驾驶室船舶值班报警系统说明书,电气::GC WAS-01 驾驶室船舶值班报警系统说明书::chunk_5,,GC WAS-01 驾驶室船舶值班报警系统说明书.md
ENT_000196,驾驶台航行值班报警系统_防护等级,Parameter,系统整机的外壳防护等级标准,电气::GC WAS-01 驾驶室船舶值班报警系统说明书,电气::GC WAS-01 驾驶室船舶值班报警系统说明书::chunk_6,,GC WAS-01 驾驶室船舶值班报警系统说明书.md
ENT_000197,驾驶台航行值班报警系统_驾驶室复位输入输出通道数,Parameter,驾驶室复位功能的输入输出通道数量规格,电气::GC WAS-01 驾驶室船舶值班报警系统说明书,电气::GC WAS-01 驾驶室船舶值班报警系统说明书::chunk_4,,GC WAS-01 驾驶室船舶值班报警系统说明书.md
ENT_000198,CDQY2A-PC2-6 型 船用主柴油机电气遥控系统_联系厂家维修 PLC,RepairMethod,管路连接前使用高压气体清除杂物的预防性维护方法；放掉过滤器、气瓶和气容内杂质和水份的保养操作；阀件出现问题后及时更换的维修处理措施；PLC 工作不正常时联系厂家或代理商的维修途径,电气::CDQY2A-PC2-6型 船用主柴油机电气遥控系统说明书,电气::CDQY2A-PC2-6型 船用主柴油机电气遥控系统说明书::chunk_27;电气::CDQY2A-PC2-6型 船用主柴油机电气遥控系统说明书::chunk_4,,CDQY2A-PC2-6型 船用主柴油机电气遥控系统说明书.md
ENT_000199,机舱总线制监测报警系统_消音键复位操作,RepairMethod,通过按消音键停止声响并复位外控继电器的处理操作,电气::机舱总线制监测报警使用说明书,电气::机舱总线制监测报警使用说明书::chunk_1,,机舱总线制监测报警使用说明书.md
ENT_000200,CDQY2A-PC2-6 型 船用主柴油机电气遥控系统_减速停车预报警,SafetyNote,驾驶室遥控时向值班驾驶员提供推进系统减速停车预报警的安全要求,电气::CDQY2A-PC2-6型 船用主柴油机电气遥控系统说明书,电气::CDQY2A-PC2-6型 船用主柴油机电气遥控系统说明书::chunk_5,,CDQY2A-PC2-6型 船用主柴油机电气遥控系统说明书.md
ENT_000201,CDQY2A-PC2-6 型 船用主柴油机电气遥控系统_机旁合排转速差限制,SafetyNote,机旁控制合排时主机与螺旋桨尾轴之间转速差不能太大的安全禁忌,电气::CDQY2A-PC2-6型 船用主柴油机电气遥控系统说明书,电气::CDQY2A-PC2-6型 船用主柴油机电气遥控系统说明书::chunk_20,,CDQY2A-PC2-6型 船用主柴油机电气遥控系统说明书.md
ENT_000202,CDQY2A-PC2-6 型 船用主柴油机电气遥控系统_机舱设备便于观察与单人操车要求,SafetyNote,机舱控制箱与阀箱安装需靠近主机便于观察且不影响主机操作，支持机旁单人操车,电气::CDQY2A-PC2-6型 船用主柴油机电气遥控系统说明书,电气::CDQY2A-PC2-6型 船用主柴油机电气遥控系统说明书::chunk_3,,CDQY2A-PC2-6型 船用主柴油机电气遥控系统说明书.md
ENT_000203,CDQY2A-PC2-6 型 船用主柴油机电气遥控系统_遥控控制单元_PLC 微机_防异物进入要求,SafetyNote,系统符合钢质海船舶入级与建造规范及船级社规定；系统各部件位置力求集中以便于操作和维修；遥控台必须布置在驾驶室内；气源处理装置布置在离低压气瓶较近的舱壁上并便于操作；针对系统装置安装时的防震措施规范；安装完成后防止异物损坏装置表面的防护规范；安全、控制、测量报警电源需独立配置以防干扰；主电源失压后备用电源必须自动切换的安全要求；防止铁屑、水、油污、杂质掉入 PLC 微机内部的安全维护要求；应急停车与安全越控按钮仅允许安装在遥控控制站和中央集控站；机舱控制箱应安装在距离主机调速手柄较近且便于操作处的安全规范；电源设备防止接线极性错误损坏的安全保护机制；操纵部位转换必须通过辅车钟联系并得到应答确认的安全要求；操纵部位转换优先原则中机旁可解除遥控操纵的安全规定；紧急状况下人工操纵调速器执行器和直接扳动离合器导阀手柄的要求；备车前必须对应急车钟进行操作试验的安全要求；完车前需将阀门扳至空车及机旁位置的复位要求；备车前必须对应急车钟进行操纵试验的安全操作规定；完车工作结束后必须关闭遥控电源的安全操作规定；系统安装完毕后必须进行一般性检查的安全要求；检查管路接头是否松动漏气及管路有无接错的安全要求；未经同意不准擅自打开或修改 PLC 微机软件程序的安全禁忌,电气::CDQY2A-PC2-6型 船用主柴油机电气遥控系统说明书,电气::CDQY2A-PC2-6型 船用主柴油机电气遥控系统说明书::chunk_11;电气::CDQY2A-PC2-6型 船用主柴油机电气遥控系统说明书::chunk_14;电气::CDQY2A-PC2-6型 船用主柴油机电气遥控系统说明书::chunk_15;电气::CDQY2A-PC2-6型 船用主柴油机电气遥控系统说明书::chunk_18;电气::CDQY2A-PC2-6型 船用主柴油机电气遥控系统说明书::chunk_22;电气::CDQY2A-PC2-6型 船用主柴油机电气遥控系统说明书::chunk_23;电气::CDQY2A-PC2-6型 船用主柴油机电气遥控系统说明书::chunk_24;电气::CDQY2A-PC2-6型 船用主柴油机电气遥控系统说明书::chunk_27;电气::CDQY2A-PC2-6型 船用主柴油机电气遥控系统说明书::chunk_3;电气::CDQY2A-PC2-6型 船用主柴油机电气遥控系统说明书::chunk_4;电气::CDQY2A-PC2-6型 船用主柴油机电气遥控系统说明书::chunk_6;电气::CDQY2A-PC2-6型 船用主柴油机电气遥控系统说明书::chunk_9,,CDQY2A-PC2-6型 船用主柴油机电气遥控系统说明书.md
ENT_000204,机舱总线制监测报警系统_三防保护要求,SafetyNote,设备具备的防振、防潮湿、防盐雾、防霉菌措施,电气::机舱总线制监测报警使用说明书,电气::机舱总线制监测报警使用说明书::chunk_2,,机舱总线制监测报警使用说明书.md
ENT_000205,机舱总线制监测报警系统_地址设置通电短接要求,SafetyNote,设置地址码时必须在通电情况下短接开关的安全操作要求,电气::机舱总线制监测报警使用说明书,电气::机舱总线制监测报警使用说明书::chunk_3,,机舱总线制监测报警使用说明书.md
ENT_000206,机舱总线制监测报警系统_屏蔽层可靠接壳要求,SafetyNote,通讯电缆屏蔽层必须可靠接壳的接地安全规范,电气::机舱总线制监测报警使用说明书,电气::机舱总线制监测报警使用说明书::chunk_6,,机舱总线制监测报警使用说明书.md
ENT_000207,机舱总线制监测报警系统_电磁兼容性措施,SafetyNote,微机技术中采用的抗干扰措施以保证电磁兼容性,电气::机舱总线制监测报警使用说明书,电气::机舱总线制监测报警使用说明书::chunk_2,,机舱总线制监测报警使用说明书.md
ENT_000208,机舱总线制监测报警系统_符合造船规范标准,SafetyNote,产品符合的 IEC 标准及钢质海船入级建造规范,电气::机舱总线制监测报警使用说明书,电气::机舱总线制监测报警使用说明书::chunk_2,,机舱总线制监测报警使用说明书.md
ENT_000209,机舱总线制监测报警系统_线路极性禁止接反要求,SafetyNote,电源线及数据线极性不能接反或混接的安全禁忌,电气::机舱总线制监测报警使用说明书,电气::机舱总线制监测报警使用说明书::chunk_6,,机舱总线制监测报警使用说明书.md
ENT_000210,船舶_主推进系统_气控换向齿轮箱_齿轮箱换向控制阀_失气保位特性,SafetyNote,控制阀在气源丧失时保持当前位置不变的安全设计特性,电气::CDQY2A-PC2-6型 船用主柴油机电气遥控系统说明书,电气::CDQY2A-PC2-6型 船用主柴油机电气遥控系统说明书::chunk_8,,CDQY2A-PC2-6型 船用主柴油机电气遥控系统说明书.md
ENT_000211,船舶电气控制设备_合规标准,SafetyNote,设备符合的 IEC 标准及 SOLAS 公约要求,电气::柴油机智能延伸检测单元说明书,电气::柴油机智能延伸检测单元说明书::chunk_1,,柴油机智能延伸检测单元说明书.md
ENT_000212,船舶电气控制设备_环境防护措施,SafetyNote,设备防振防潮湿防盐雾防霉菌的防护措施,电气::柴油机智能延伸检测单元说明书,电气::柴油机智能延伸检测单元说明书::chunk_1,,柴油机智能延伸检测单元说明书.md
ENT_000213,船舶电气控制设备_电磁兼容措施,SafetyNote,设备抗干扰性能及符合的规范措施,电气::柴油机智能延伸检测单元说明书,电气::柴油机智能延伸检测单元说明书::chunk_1,,柴油机智能延伸检测单元说明书.md
ENT_000214,船舶监测报警系统_UPS 电源单元_断电关闭要求,SafetyNote,主电源计划性断电时必须手动关闭 UPS 以防止电池过放的安全禁忌,电气::机舱微机监测报警系统说明书,电气::机舱微机监测报警系统说明书::chunk_6,,机舱微机监测报警系统说明书.md
ENT_000215,船舶监测报警系统_主机_操作权限安全限制,SafetyNote,通过看门狗功能防止非专业人员任意操作的安全禁忌；主机操作权限的安全禁忌,电气::机舱微机监测报警系统说明书,电气::机舱微机监测报警系统说明书::chunk_1;电气::机舱微机监测报警系统说明书::chunk_2,,机舱微机监测报警系统说明书.md
ENT_000216,船舶监测报警系统_环境适应性要求,SafetyNote,设备需满足的船用倾斜摇摆振动等环境条件,电气::机舱微机监测报警系统说明书,电气::机舱微机监测报警系统说明书::chunk_3,,机舱微机监测报警系统说明书.md
ENT_000217,CDQY2A-PC2-6 型 船用主柴油机电气遥控系统,System,船舶主机电气遥控核心系统；船用主柴油机电气遥控系统整体,电气::CDQY2A-PC2-6型 船用主柴油机电气遥控系统说明书,电气::CDQY2A-PC2-6型 船用主柴油机电气遥控系统说明书::chunk_1;电气::CDQY2A-PC2-6型 船用主柴油机电气遥控系统说明书::chunk_22;电气::CDQY2A-PC2-6型 船用主柴油机电气遥控系统说明书::chunk_3,,CDQY2A-PC2-6型 船用主柴油机电气遥控系统说明书.md
ENT_000218,机舱总线制监测报警系统,System,用于探测主机等设备阀置开关量报警的整体监测系统；船舶机舱总线制监测报警整体系统；船舶机舱整体监测报警核心系统,电气::机舱总线制监测报警使用说明书,电气::机舱总线制监测报警使用说明书::chunk_1;电气::机舱总线制监测报警使用说明书::chunk_3;电气::机舱总线制监测报警使用说明书::chunk_4,,机舱总线制监测报警使用说明书.md
ENT_000219,船舶_主推进系统,System,由主机及齿轮箱组成的船舶动力推进整体系统,电气::CDQY2A-PC2-6型 船用主柴油机电气遥控系统说明书,电气::CDQY2A-PC2-6型 船用主柴油机电气遥控系统说明书::chunk_1,,CDQY2A-PC2-6型 船用主柴油机电气遥控系统说明书.md
ENT_000220,船舶监测报警系统,System,具备双机冗余及报警存储功能的整体监测系统；船舶机舱监测报警整体系统；船舶机舱及全船监测报警的整体系统架构；船舶机舱及驾驶台的整体监测与报警控制大系统,电气::机舱微机监测报警系统说明书,电气::机舱微机监测报警系统说明书::chunk_1;电气::机舱微机监测报警系统说明书::chunk_2;电气::机舱微机监测报警系统说明书::chunk_4;电气::机舱微机监测报警系统说明书::chunk_6,,机舱微机监测报警系统说明书.md
ENT_000221,驾驶台航行值班报警系统,System,船舶驾驶台核心安全报警监控整体架构；船舶驾驶台航行值班报警整体系统；负责驾驶台航行值班监控与报警的整体系统,电气::GC WAS-01 驾驶室船舶值班报警系统说明书,电气::GC WAS-01 驾驶室船舶值班报警系统说明书::chunk_3;电气::GC WAS-01 驾驶室船舶值班报警系统说明书::chunk_4;电气::GC WAS-01 驾驶室船舶值班报警系统说明书::chunk_6;电气::GC WAS-01 驾驶室船舶值班报警系统说明书::chunk_7,,GC WAS-01 驾驶室船舶值班报警系统说明书.md
ENT_000222,Marine Engine System_Active Corrosion Protection,Component,主动防腐蚀保护系统，显示有关船只安装的信息,发动机::D8操作手册,发动机::D8操作手册::chunk_13,,D8操作手册.md
ENT_000223,Marine Engine System_Alarm Monitor,Component,针对激活警报发出目视警告的监测组件,发动机::D8操作手册,发动机::D8操作手册::chunk_12,,D8操作手册.md
ENT_000224,Marine Engine System_Alternator,Component,交流发电机，发动机运行时提供电力并受主开关保护；发动机配套的交流发电组件,发动机::D8操作手册,发动机::D8操作手册::chunk_1;发动机::D8操作手册::chunk_2;发动机::D8操作手册::chunk_28;发动机::D8操作手册::chunk_3;发动机::D8操作手册::chunk_4,,D8操作手册.md
ENT_000225,Marine Engine System_Auxiliary Stop Device,Component,安装在发动机背部的紧急停机硬件装置,发动机::D8操作手册,发动机::D8操作手册::chunk_22,,D8操作手册.md
ENT_000226,Marine Engine System_Battery,Component,发动机启动及供电核心模块，存在氢气爆炸风险；为发动机电气系统供电的独立电池组,发动机::D8操作手册,发动机::D8操作手册::chunk_0;发动机::D8操作手册::chunk_28,Component;Equipment,D8操作手册.md
ENT_000227,Marine Engine System_Battery Management Display,Component,电池管理系统的本地显示与设置界面模块,发动机::D8操作手册,发动机::D8操作手册::chunk_18,,D8操作手册.md
ENT_000228,Marine Engine System_Battery Management Unit,Component,执行电池管理逻辑与断路器控制的核心单元,发动机::D8操作手册,发动机::D8操作手册::chunk_18,,D8操作手册.md
ENT_000229,Marine Engine System_Battery Sensor,Component,电池传感器，用于监测电池状态并提供数据给电池视图,发动机::D8操作手册,发动机::D8操作手册::chunk_14,,D8操作手册.md
ENT_000230,Marine Engine System_Compass Unit,Component,自动操舵仪内的核心罗盘传感器模块，提供航向数据,发动机::D8操作手册,发动机::D8操作手册::chunk_15,,D8操作手册.md
ENT_000231,Marine Engine System_Component_Engine Type Plate,Component,发动机上的信息铭牌组件,发动机::D8操作手册,发动机::D8操作手册::chunk_31,,D8操作手册.md
ENT_000232,Marine Engine System_Component_Fuel Heater,Component,低温环境下使用高 FAME 燃料所需的加热模块,发动机::D8操作手册,发动机::D8操作手册::chunk_31,,D8操作手册.md
ENT_000233,Marine Engine System_Control Software,Component,控制发动机功能并可进行更新维护的软件模块,发动机::D8操作手册,发动机::D8操作手册::chunk_7,,D8操作手册.md
ENT_000234,Marine Engine System_Coolant Temperature Gauge,Component,显示发动机冷却剂温度的仪表组件,发动机::D8操作手册,发动机::D8操作手册::chunk_12,,D8操作手册.md
ENT_000235,Marine Engine System_Cooling System,Component,发动机冷却循环系统，包含海水龙头和安全阀等关键部件；发动机冷却系统，涉及冷却剂混合与循环；负责发动机温度控制与冷却液循环的整体系统；船舶发动机冷却系统整体,发动机::D8操作手册,发动机::D8操作手册::chunk_1;发动机::D8操作手册::chunk_10;发动机::D8操作手册::chunk_11;发动机::D8操作手册::chunk_2;发动机::D8操作手册::chunk_25;发动机::D8操作手册::chunk_3;发动机::D8操作手册::chunk_30;发动机::D8操作手册::chunk_4;发动机::D8操作手册::chunk_8;发动机::D8操作手册::chunk_9,Component;System,D8操作手册.md
ENT_000236,Marine Engine System_Cruise Control,Component,巡航控制模块，用于锁定和微调发动机转速,发动机::D8操作手册,发动机::D8操作手册::chunk_14,,D8操作手册.md
ENT_000237,Marine Engine System_Docking Mode,Component,操纵杆内的停靠模式软件组件，限制发动机转数并控制船方向；操纵杆系统内的入坞模式功能模块,发动机::D8操作手册,发动机::D8操作手册::chunk_15;发动机::D8操作手册::chunk_30,,D8操作手册.md
ENT_000238,Marine Engine System_Drive Belt,Component,发动机传动皮带，配有自动张紧装置，需定期检查状况,发动机::D8操作手册,发动机::D8操作手册::chunk_24,,D8操作手册.md
ENT_000239,Marine Engine System_Drive Belt Guard,Component,覆盖传动皮带的安全防护罩,发动机::D8操作手册,发动机::D8操作手册::chunk_25,,D8操作手册.md
ENT_000240,Marine Engine System_Drive Device,Component,驱动装置，受动力升降系统控制以调整船舶纵倾,发动机::D8操作手册,发动机::D8操作手册::chunk_14,,D8操作手册.md
ENT_000241,Marine Engine System_Easy Connect,Component,蓝牙连接模块，用于船只与移动设备数据交互的核心组件,发动机::D8操作手册,发动机::D8操作手册::chunk_19,,D8操作手册.md
ENT_000242,Marine Engine System_Echo Sounder,Component,回声探测器，用于设置深度警报和显示船下深度；用于探测水深并提供深度警报的核心传感器模块,发动机::D8操作手册,发动机::D8操作手册::chunk_13;发动机::D8操作手册::chunk_29,,D8操作手册.md
ENT_000243,Marine Engine System_Electrical System,Component,发动机电气控制子系统，需使用原厂备件以防火灾；电气系统，包含电池传感器等电气组件,发动机::D8操作手册,发动机::D8操作手册::chunk_0;发动机::D8操作手册::chunk_14,,D8操作手册.md
ENT_000244,Marine Engine System_Engine Control Module,Component,发动机核心控制单元，负责监测和控制发动机运行参数；发动机控制模块计算机，记录发动机数据与位置信息；负责监控发动机参数并执行安全逻辑的核心控制模块,发动机::D8操作手册,发动机::D8操作手册::chunk_1;发动机::D8操作手册::chunk_10;发动机::D8操作手册::chunk_11;发动机::D8操作手册::chunk_2;发动机::D8操作手册::chunk_21;发动机::D8操作手册::chunk_3;发动机::D8操作手册::chunk_4;发动机::D8操作手册::chunk_8;发动机::D8操作手册::chunk_9,,D8操作手册.md
ENT_000245,Marine Engine System_Engine Heater,Component,发动机加热器，低温环境下减少冷启动烟雾的辅助组件,发动机::D8操作手册,发动机::D8操作手册::chunk_19,,D8操作手册.md
ENT_000246,Marine Engine System_Exhaust System,Component,发动机排气及涡轮增压组件，包含高温表面风险,发动机::D8操作手册,发动机::D8操作手册::chunk_0,,D8操作手册.md
ENT_000247,Marine Engine System_Fresh Water Level Sensor,Component,显示淡水箱中淡水水位的传感器组件,发动机::D8操作手册,发动机::D8操作手册::chunk_12,,D8操作手册.md
ENT_000248,Marine Engine System_Fuel Filter,Component,燃油系统中的核心过滤组件，用于拦截杂质,发动机::D8操作手册,发动机::D8操作手册::chunk_25,,D8操作手册.md
ENT_000249,Marine Engine System_Fuel Level Gauge,Component,显示剩余燃油液位的仪表组件,发动机::D8操作手册,发动机::D8操作手册::chunk_12,,D8操作手册.md
ENT_000250,Marine Engine System_Fuel Level Sensor,Component,安装在燃油箱内用于检测燃油液位的传感组件,发动机::D8操作手册,发动机::D8操作手册::chunk_29,,D8操作手册.md
ENT_000251,Marine Engine System_Fuel Pressure Gauge,Component,安装在过滤器上用于指示压降的压力表,发动机::D8操作手册,发动机::D8操作手册::chunk_25,,D8操作手册.md
ENT_000252,Marine Engine System_Fuel System,Component,发动机燃油供给子系统，涉及易燃液体泄漏风险；发动机燃油供给系统，包含喷射泵与喷油器等核心模块；负责燃油供给、过滤与喷射的整体系统,发动机::D8操作手册,发动机::D8操作手册::chunk_0;发动机::D8操作手册::chunk_10;发动机::D8操作手册::chunk_11;发动机::D8操作手册::chunk_25;发动机::D8操作手册::chunk_8;发动机::D8操作手册::chunk_9,Component;System,D8操作手册.md
ENT_000253,Marine Engine System_GPS Receiver,Component,为动态定位系统提供位置信号的 GPS 接收模块,发动机::D8操作手册,发动机::D8操作手册::chunk_17,,D8操作手册.md
ENT_000254,Marine Engine System_Impeller,Component,海水泵内的核心旋转叶轮部件,发动机::D8操作手册,发动机::D8操作手册::chunk_28,,D8操作手册.md
ENT_000255,Marine Engine System_Injection Pump,Component,燃油喷射泵，燃油系统核心高压供给模块,发动机::D8操作手册,发动机::D8操作手册::chunk_10;发动机::D8操作手册::chunk_11;发动机::D8操作手册::chunk_8;发动机::D8操作手册::chunk_9,,D8操作手册.md
ENT_000256,Marine Engine System_Injector,Component,喷油器，燃油系统核心喷射执行部件,发动机::D8操作手册,发动机::D8操作手册::chunk_10;发动机::D8操作手册::chunk_11;发动机::D8操作手册::chunk_8;发动机::D8操作手册::chunk_9,,D8操作手册.md
ENT_000257,Marine Engine System_Joystick Driving Module,Component,操纵杆驾驶控制逻辑模块，集成转向、节气门和换档控制,发动机::D8操作手册,发动机::D8操作手册::chunk_16,,D8操作手册.md
ENT_000258,Marine Engine System_Joystick Steering Module,Component,操纵杆转向控制逻辑模块，处理航向调整和转向指令,发动机::D8操作手册,发动机::D8操作手册::chunk_16,,D8操作手册.md
ENT_000259,Marine Engine System_Low Speed Module,Component,低速功能控制模块，用于液压传动装置发动机的转速与螺旋桨转速解耦,发动机::D8操作手册,发动机::D8操作手册::chunk_15,,D8操作手册.md
ENT_000260,Marine Engine System_Lubrication System,Component,发动机润滑系统，涉及热油压力管理和加油口盖操作；发动机润滑系统，涉及机油粘度与油位监控；负责发动机机油循环与润滑的整体系统；船舶发动机润滑系统整体,发动机::D8操作手册,发动机::D8操作手册::chunk_1;发动机::D8操作手册::chunk_10;发动机::D8操作手册::chunk_11;发动机::D8操作手册::chunk_2;发动机::D8操作手册::chunk_25;发动机::D8操作手册::chunk_3;发动机::D8操作手册::chunk_30;发动机::D8操作手册::chunk_4;发动机::D8操作手册::chunk_8;发动机::D8操作手册::chunk_9,Component;System,D8操作手册.md
ENT_000261,Marine Engine System_Oil Level Sensor,Component,监测润滑系统机油液位的电子传感器,发动机::D8操作手册,发动机::D8操作手册::chunk_25,,D8操作手册.md
ENT_000262,Marine Engine System_Oil Pressure Gauge,Component,显示发动机机油压力的仪表组件,发动机::D8操作手册,发动机::D8操作手册::chunk_12,,D8操作手册.md
ENT_000263,Marine Engine System_Power Take-Off,Component,功率输出端模块，用于将发动机动力从推进装置断开的功能单元,发动机::D8操作手册,发动机::D8操作手册::chunk_19,,D8操作手册.md
ENT_000264,Marine Engine System_Power Trim Assist,Component,动力升降辅助装置，根据发动机转速自动调整纵倾角,发动机::D8操作手册,发动机::D8操作手册::chunk_14,,D8操作手册.md
ENT_000265,Marine Engine System_Propeller Shaft Brake,Component,推进轴制动器，用于发动机停止时锁止螺旋桨轴的核心模块,发动机::D8操作手册,发动机::D8操作手册::chunk_19,,D8操作手册.md
ENT_000266,Marine Engine System_Rudder Position Indicator,Component,显示舵位置的仪表组件,发动机::D8操作手册,发动机::D8操作手册::chunk_12,,D8操作手册.md
ENT_000267,Marine Engine System_Safety Lanyard,Component,用于在船长失去控制时停止发动机的安全装置,发动机::D8操作手册,发动机::D8操作手册::chunk_7,,D8操作手册.md
ENT_000268,Marine Engine System_Starter Motor,Component,发动机起动马达，负责驱动发动机曲轴旋转,发动机::D8操作手册,发动机::D8操作手册::chunk_20,,D8操作手册.md
ENT_000269,Marine Engine System_Swimming Platform Interface,Component,游泳跳台接口模块，防止跳台与驱动装置碰撞的控制单元,发动机::D8操作手册,发动机::D8操作手册::chunk_19,,D8操作手册.md
ENT_000270,Marine Engine System_Tachometer,Component,显示发动机转速和发动机时数的仪表组件,发动机::D8操作手册,发动机::D8操作手册::chunk_12,,D8操作手册.md
ENT_000271,Marine Engine System_Trip Computer,Component,集成在显示器内计算燃油经济性和行程数据的逻辑模块；行程计算机，显示船只的行程计算机数据和燃油经济性,发动机::D8操作手册,发动机::D8操作手册::chunk_12;发动机::D8操作手册::chunk_13,,D8操作手册.md
ENT_000272,Marine Engine System_Turbocharger,Component,涡轮增压器组件，包含高速旋转的压缩机涡轮,发动机::D8操作手册,发动机::D8操作手册::chunk_1;发动机::D8操作手册::chunk_2;发动机::D8操作手册::chunk_3;发动机::D8操作手册::chunk_4,,D8操作手册.md
ENT_000273,Marine Engine System_Voltmeter,Component,显示交流发电机充电电流和电池电压的仪表组件,发动机::D8操作手册,发动机::D8操作手册::chunk_12,,D8操作手册.md
ENT_000274,Marine Engine System_Warning Management Program,Component,存储故障消息并建议校正措施的软件模块；警告管理程序，存储故障并显示受影响的传动系统和建议操作；警告管理程序，存储故障信息并建议操作,发动机::D8操作手册,发动机::D8操作手册::chunk_12;发动机::D8操作手册::chunk_13;发动机::D8操作手册::chunk_14,,D8操作手册.md
ENT_000275,Marine Engine System_Water Separator,Component,燃油系统中用于分离水分的独立模块,发动机::D8操作手册,发动机::D8操作手册::chunk_25,,D8操作手册.md
ENT_000276,Volvo Penta Engine_Cooling System_Charge Air Cooler,Component,增压空气冷却器，需检查冷却液泄漏,发动机::D8维护保养手册,发动机::D8维护保养手册::chunk_10;发动机::D8维护保养手册::chunk_11,,D8维护保养手册.md
ENT_000277,Volvo Penta Engine_Cooling System_Coolant Pump,Component,冷却系统核心模块，负责发动机内部冷却液循环,发动机::D8维护保养手册,发动机::D8维护保养手册::chunk_4;发动机::D8维护保养手册::chunk_5,,D8维护保养手册.md
ENT_000278,Volvo Penta Engine_Cooling System_Cooling Water Inlet,Component,冷却水入口组件，包含旋塞和外部格栅,发动机::D8维护保养手册,发动机::D8维护保养手册::chunk_14,,D8维护保养手册.md
ENT_000279,Volvo Penta Engine_Cooling System_Expansion Tank,Component,冷却液膨胀箱，需检查泄漏,发动机::D8维护保养手册,发动机::D8维护保养手册::chunk_10;发动机::D8维护保养手册::chunk_11,,D8维护保养手册.md
ENT_000280,Volvo Penta Engine_Cooling System_Heat Exchanger,Component,热交换器冷却组件,发动机::D8维护保养手册,发动机::D8维护保养手册::chunk_25;发动机::D8维护保养手册::chunk_26;发动机::D8维护保养手册::chunk_27;发动机::D8维护保养手册::chunk_28,,D8维护保养手册.md
ENT_000281,Volvo Penta Engine_Cooling System_Sacrificial Anode,Component,位于热交换器和增压空气冷却器上的牺牲阳极,发动机::D8维护保养手册,发动机::D8维护保养手册::chunk_14,,D8维护保养手册.md
ENT_000282,Volvo Penta Engine_Cooling System_Sea Water Pump,Component,冷却系统核心模块，负责海水循环冷却,发动机::D8维护保养手册,发动机::D8维护保养手册::chunk_4;发动机::D8维护保养手册::chunk_5,,D8维护保养手册.md
ENT_000283,Volvo Penta Engine_Cooling System_Seawater Pump Impeller,Component,海水泵核心叶轮部件，长期存储时需取出以防变形,发动机::D8维护保养手册,发动机::D8维护保养手册::chunk_29;发动机::D8维护保养手册::chunk_30,,D8维护保养手册.md
ENT_000284,Volvo Penta Engine_Electrical System_Alternator,Component,发动机电气系统内的交流发电机部件；交流发电机核心发电部件,发动机::D8维护保养手册,发动机::D8维护保养手册::chunk_0;发动机::D8维护保养手册::chunk_1;发动机::D8维护保养手册::chunk_2;发动机::D8维护保养手册::chunk_25;发动机::D8维护保养手册::chunk_26;发动机::D8维护保养手册::chunk_27;发动机::D8维护保养手册::chunk_28;发动机::D8维护保养手册::chunk_3,,D8维护保养手册.md
ENT_000285,Volvo Penta Engine_Electrical System_Battery,Component,电气系统核心储能部件，存在爆炸与腐蚀风险；船舶电气系统核心储能设备，需定期维护以防冻结和腐蚀,发动机::D8维护保养手册,发动机::D8维护保养手册::chunk_29;发动机::D8维护保养手册::chunk_30;发动机::D8维护保养手册::chunk_4;发动机::D8维护保养手册::chunk_5,,D8维护保养手册.md
ENT_000286,Volvo Penta Engine_Electrical System_Battery Cable,Component,连接电池正负极的高电流电缆，拆装需遵循严格顺序,发动机::D8维护保养手册,发动机::D8维护保养手册::chunk_29;发动机::D8维护保养手册::chunk_30,,D8维护保养手册.md
ENT_000287,Volvo Penta Engine_Electrical System_Battery Management System,Component,发动机电气系统内的电池管理模块,发动机::D8维护保养手册,发动机::D8维护保养手册::chunk_0;发动机::D8维护保养手册::chunk_1;发动机::D8维护保养手册::chunk_2;发动机::D8维护保养手册::chunk_3,,D8维护保养手册.md
ENT_000288,Volvo Penta Engine_Electrical System_Engine Control Module,Component,发动机电气系统内的核心控制模块,发动机::D8维护保养手册,发动机::D8维护保养手册::chunk_0;发动机::D8维护保养手册::chunk_1;发动机::D8维护保养手册::chunk_2;发动机::D8维护保养手册::chunk_3,,D8维护保养手册.md
ENT_000289,Volvo Penta Engine_Electrical System_Wiring Harness,Component,发动机线束及电缆组件,发动机::D8维护保养手册,发动机::D8维护保养手册::chunk_25;发动机::D8维护保养手册::chunk_26;发动机::D8维护保养手册::chunk_27;发动机::D8维护保养手册::chunk_28,,D8维护保养手册.md
ENT_000290,Volvo Penta Engine_Exhaust System_AdBlue Tank,Component,用于储存 AdBlue/DEF 溶液的排气系统处理罐，存储前需清空清洁,发动机::D8维护保养手册,发动机::D8维护保养手册::chunk_24,,D8维护保养手册.md
ENT_000291,Volvo Penta Engine_Exhaust System_Diesel Particulate Filter,Component,排气系统核心模块，用于过滤柴油颗粒,发动机::D8维护保养手册,发动机::D8维护保养手册::chunk_4;发动机::D8维护保养手册::chunk_5,,D8维护保养手册.md
ENT_000292,Volvo Penta Engine_Exhaust System_Silencer,Component,排气系统消音器，可能因机油过多导致堵塞,发动机::D8维护保养手册,发动机::D8维护保养手册::chunk_12,,D8维护保养手册.md
ENT_000293,Volvo Penta Engine_Fuel System_Common Rail,Component,燃油共轨系统核心部件，需检查泄漏,发动机::D8维护保养手册,发动机::D8维护保养手册::chunk_10;发动机::D8维护保养手册::chunk_11,,D8维护保养手册.md
ENT_000294,Volvo Penta Engine_Fuel System_Fuel Filter,Component,燃油过滤器，一般检查项目之一,发动机::D8维护保养手册,发动机::D8维护保养手册::chunk_10;发动机::D8维护保养手册::chunk_11,,D8维护保养手册.md
ENT_000295,Volvo Penta Engine_Fuel System_Fuel Injector,Component,喷油器组件，连接处需检查泄漏,发动机::D8维护保养手册,发动机::D8维护保养手册::chunk_10;发动机::D8维护保养手册::chunk_11,,D8维护保养手册.md
ENT_000296,Volvo Penta Engine_Fuel System_Fuel Pump,Component,燃油系统核心模块，负责燃油供给加压,发动机::D8维护保养手册,发动机::D8维护保养手册::chunk_4;发动机::D8维护保养手册::chunk_5,,D8维护保养手册.md
ENT_000297,Volvo Penta Engine_Fuel System_Fuel Tank,Component,存储燃油的核心容器，需防止冷凝和氧化,发动机::D8维护保养手册,发动机::D8维护保养手册::chunk_22;发动机::D8维护保养手册::chunk_23,,D8维护保养手册.md
ENT_000298,Volvo Penta Engine_Fuel System_High Pressure Fuel Pipe,Component,燃油系统高压管路组件，严禁弯曲或拉直,发动机::D8维护保养手册,发动机::D8维护保养手册::chunk_4;发动机::D8维护保养手册::chunk_5,,D8维护保养手册.md
ENT_000299,Volvo Penta Engine_Intake System_Air Filter,Component,发动机进气系统内的空气过滤器组件,发动机::D8维护保养手册,发动机::D8维护保养手册::chunk_0;发动机::D8维护保养手册::chunk_1;发动机::D8维护保养手册::chunk_2;发动机::D8维护保养手册::chunk_3,,D8维护保养手册.md
ENT_000300,Volvo Penta Engine_Lubrication System_Dipstick,Component,润滑系统油尺，用于测量发动机机油液位,发动机::D8维护保养手册,发动机::D8维护保养手册::chunk_12,,D8维护保养手册.md
ENT_000301,Volvo Penta Engine_Lubrication System_Oil Filter,Component,润滑系统机油过滤器，用于过滤机油杂质,发动机::D8维护保养手册,发动机::D8维护保养手册::chunk_12,,D8维护保养手册.md
ENT_000302,Volvo Penta Engine_Mechanical System_Air Compressor,Component,空气压缩机，需检查油位,发动机::D8维护保养手册,发动机::D8维护保养手册::chunk_10;发动机::D8维护保养手册::chunk_11,,D8维护保养手册.md
ENT_000303,Volvo Penta Engine_Mechanical System_Belt Tensioner,Component,皮带张紧器机械组件,发动机::D8维护保养手册,发动机::D8维护保养手册::chunk_25;发动机::D8维护保养手册::chunk_26;发动机::D8维护保养手册::chunk_27;发动机::D8维护保养手册::chunk_28,,D8维护保养手册.md
ENT_000304,Volvo Penta Engine_Mechanical System_Crankshaft,Component,机械系统曲轴，发动机核心旋转部件,发动机::D8维护保养手册,发动机::D8维护保养手册::chunk_12,,D8维护保养手册.md
ENT_000305,Volvo Penta Engine_Mechanical System_Cylinder Head,Component,发动机顶部核心组件，包含气门机构及燃烧室顶部结构,发动机::D8维护保养手册,发动机::D8维护保养手册::chunk_6,,D8维护保养手册.md
ENT_000306,Volvo Penta Engine_Mechanical System_Cylinder Head Overhaul Kit,Component,专用于缸盖维修的备件封装套件，包含衬垫等消耗件,发动机::D8维护保养手册,发动机::D8维护保养手册::chunk_6,,D8维护保养手册.md
ENT_000307,Volvo Penta Engine_Mechanical System_Cylinder Liner,Component,发动机气缸内壁套筒，部分设计不可更换需整体评估,发动机::D8维护保养手册,发动机::D8维护保养手册::chunk_6,,D8维护保养手册.md
ENT_000308,Volvo Penta Engine_Mechanical System_Drive Belt,Component,发动机附件传动带，存储后需检查状况,发动机::D8维护保养手册,发动机::D8维护保养手册::chunk_22;发动机::D8维护保养手册::chunk_23,,D8维护保养手册.md
ENT_000309,Volvo Penta Engine_Mechanical System_Engine Block,Component,发动机主体骨架，包含气缸体及曲轴箱结构,发动机::D8维护保养手册,发动机::D8维护保养手册::chunk_6,,D8维护保养手册.md
ENT_000310,Volvo Penta Engine_Mechanical System_Idler,Component,惰轮机械组件,发动机::D8维护保养手册,发动机::D8维护保养手册::chunk_25;发动机::D8维护保养手册::chunk_26;发动机::D8维护保养手册::chunk_27;发动机::D8维护保养手册::chunk_28,,D8维护保养手册.md
ENT_000311,Volvo Penta Engine_Mechanical System_Oil Pan,Component,油底壳，需检查机油泄漏,发动机::D8维护保养手册,发动机::D8维护保养手册::chunk_10;发动机::D8维护保养手册::chunk_11,,D8维护保养手册.md
ENT_000312,Volvo Penta Engine_Mechanical System_Overhaul Kit,Component,发动机全面大修所需的备件封装套件,发动机::D8维护保养手册,发动机::D8维护保养手册::chunk_6,,D8维护保养手册.md
ENT_000313,Volvo Penta Engine_Mechanical System_Piston,Component,发动机气缸内核心运动部件，承受燃烧压力并传递动力,发动机::D8维护保养手册,发动机::D8维护保养手册::chunk_6,,D8维护保养手册.md
ENT_000314,Volvo Penta Engine_Mechanical System_Rubber Hose,Component,发动机各类橡胶软管，需检查老化与密封性,发动机::D8维护保养手册,发动机::D8维护保养手册::chunk_22;发动机::D8维护保养手册::chunk_23,,D8维护保养手册.md
ENT_000315,Volvo Penta Engine_Mechanical System_Sound Insulation Material,Component,发动机舱吸声隔音材料,发动机::D8维护保养手册,发动机::D8维护保养手册::chunk_25;发动机::D8维护保养手册::chunk_26;发动机::D8维护保养手册::chunk_27;发动机::D8维护保养手册::chunk_28,,D8维护保养手册.md
ENT_000316,Volvo Penta Engine_Mechanical System_Starter Motor,Component,发动机起动系统的核心执行部件，负责驱动发动机旋转,发动机::D8维护保养手册,发动机::D8维护保养手册::chunk_6,,D8维护保养手册.md
ENT_000317,Volvo Penta Engine_Mechanical System_Turbocharger,Component,发动机机械系统内的涡轮增压器部件,发动机::D8维护保养手册,发动机::D8维护保养手册::chunk_0;发动机::D8维护保养手册::chunk_1;发动机::D8维护保养手册::chunk_2;发动机::D8维护保养手册::chunk_3,,D8维护保养手册.md
ENT_000318,Volvo Penta Engine_Steering System_Dipstick,Component,电动操舵器专用的油位检查量油尺；用于检查油位及作为换油抽油孔位的油尺组件,发动机::D8维护保养手册,发动机::D8维护保养手册::chunk_17;发动机::D8维护保养手册::chunk_18;发动机::D8维护保养手册::chunk_19;发动机::D8维护保养手册::chunk_20;发动机::D8维护保养手册::chunk_21,,D8维护保养手册.md
ENT_000319,Volvo Penta Engine_Steering System_Electric Steering Unit,Component,电动操舵器，用于船舶转向控制的核心模块；电动操舵器核心控制部件，需定期更换机油并检查机械连杆,发动机::D8维护保养手册,发动机::D8维护保养手册::chunk_21;发动机::D8维护保养手册::chunk_9,,D8维护保养手册.md
ENT_000320,Volvo Penta Engine_Transmission System_Aquamatic Unit,Component,沃尔沃遍达舷内外机传动装置的具体型号组件,发动机::D8维护保养手册,发动机::D8维护保养手册::chunk_7;发动机::D8维护保养手册::chunk_8,,D8维护保养手册.md
ENT_000321,Volvo Penta Engine_Transmission System_Clamping Ring,Component,用于固定密封的夹紧环组件,发动机::D8维护保养手册,发动机::D8维护保养手册::chunk_15,,D8维护保养手册.md
ENT_000322,Volvo Penta Engine_Transmission System_Control Display,Component,用于显示校准状态和系统信息的控制显示单元,发动机::D8维护保养手册,发动机::D8维护保养手册::chunk_16,,D8维护保养手册.md
ENT_000323,Volvo Penta Engine_Transmission System_Dipstick,Component,变速箱系统专用的油位量油尺,发动机::D8维护保养手册,发动机::D8维护保养手册::chunk_15,,D8维护保养手册.md
ENT_000324,Volvo Penta Engine_Transmission System_Drive Unit Output Shaft,Component,驱动装置或换向器的输出轴，存储期间需手动旋转防锈,发动机::D8维护保养手册,发动机::D8维护保养手册::chunk_29;发动机::D8维护保养手册::chunk_30,,D8维护保养手册.md
ENT_000325,Volvo Penta Engine_Transmission System_Exhaust Gasket,Component,排气板处的可更换密封衬垫,发动机::D8维护保养手册,发动机::D8维护保养手册::chunk_15,,D8维护保养手册.md
ENT_000326,Volvo Penta Engine_Transmission System_Exhaust Plate,Component,IPS 装置上的排气板组件，含白色塑料部分,发动机::D8维护保养手册,发动机::D8维护保养手册::chunk_15,,D8维护保养手册.md
ENT_000327,Volvo Penta Engine_Transmission System_IPS Drive Unit,Component,沃尔沃遍达 IPS 驱动装置的核心传动组件,发动机::D8维护保养手册,发动机::D8维护保养手册::chunk_7;发动机::D8维护保养手册::chunk_8,,D8维护保养手册.md
ENT_000328,Volvo Penta Engine_Transmission System_Lower Gear Kit,Component,传动装置下部齿轮的维修更换套件模块,发动机::D8维护保养手册,发动机::D8维护保养手册::chunk_7;发动机::D8维护保养手册::chunk_8,,D8维护保养手册.md
ENT_000329,Volvo Penta Engine_Transmission System_Oil Cooler,Component,变速箱液压润滑系统中的机油冷却模块,发动机::D8维护保养手册,发动机::D8维护保养手册::chunk_17;发动机::D8维护保养手册::chunk_18;发动机::D8维护保养手册::chunk_19;发动机::D8维护保养手册::chunk_20,,D8维护保养手册.md
ENT_000330,Volvo Penta Engine_Transmission System_Oil Filter,Component,变速箱系统内的机油过滤组件,发动机::D8维护保养手册,发动机::D8维护保养手册::chunk_15,,D8维护保养手册.md
ENT_000331,Volvo Penta Engine_Transmission System_Oil Quality Sensor,Component,IPS 装置用于监测油液质量的传感器模块,发动机::D8维护保养手册,发动机::D8维护保养手册::chunk_15,,D8维护保养手册.md
ENT_000332,Volvo Penta Engine_Transmission System_Propeller Shaft,Component,连接传动装置与螺旋桨的关键机械部件；传动系统中的螺旋桨轴部件,发动机::D8维护保养手册,发动机::D8维护保养手册::chunk_7;发动机::D8维护保养手册::chunk_8;发动机::D8维护保养手册::chunk_9,,D8维护保养手册.md
ENT_000333,Volvo Penta Engine_Transmission System_Propeller Shaft Seal,Component,螺旋桨轴处的关键密封件模块,发动机::D8维护保养手册,发动机::D8维护保养手册::chunk_15,,D8维护保养手册.md
ENT_000334,Volvo Penta Engine_Transmission System_Sacrificial Anode,Component,IPS 传动装置上用于防止电偶腐蚀的牺牲阳极部件,发动机::D8维护保养手册,发动机::D8维护保养手册::chunk_16,,D8维护保养手册.md
ENT_000335,Volvo Penta Engine_Transmission System_Steering Seal,Component,转向机构处的关键密封件模块,发动机::D8维护保养手册,发动机::D8维护保养手册::chunk_15,,D8维护保养手册.md
ENT_000336,Volvo Penta Engine_Transmission System_Transmission Device,Component,沃尔沃遍达发动机系统中的传动装置核心组件,发动机::D8维护保养手册,发动机::D8维护保养手册::chunk_7;发动机::D8维护保养手册::chunk_8,,D8维护保养手册.md
ENT_000337,Volvo Penta Engine_Transmission System_Upper Gear Kit,Component,传动装置上部齿轮的维修更换套件模块,发动机::D8维护保养手册,发动机::D8维护保养手册::chunk_7;发动机::D8维护保养手册::chunk_8,,D8维护保养手册.md
ENT_000338,发动机安全管理系统_SCR 系统_泵装置过滤器,Component,SCR 系统泵装置过滤组件,发动机::D16维护保养手册,发动机::D16维护保养手册::chunk_11,,D16维护保养手册.md
ENT_000339,发动机安全管理系统_SCR 系统_空气过滤器,Component,SCR 系统 AdBlue 罐空气过滤组件,发动机::D16维护保养手册,发动机::D16维护保养手册::chunk_11,,D16维护保养手册.md
ENT_000340,发动机安全管理系统_传动装置_倒档齿轮箱,Component,传动装置中负责反向推进的液压润滑核心组件,发动机::D16维护保养手册,发动机::D16维护保养手册::chunk_20;发动机::D16维护保养手册::chunk_21;发动机::D16维护保养手册::chunk_22;发动机::D16维护保养手册::chunk_23,,D16维护保养手册.md
ENT_000341,发动机安全管理系统_传动装置_橡胶套筒,Component,水润滑轴上的橡胶保护套，需检查破裂或泄漏,发动机::D16维护保养手册,发动机::D16维护保养手册::chunk_20;发动机::D16维护保养手册::chunk_21;发动机::D16维护保养手册::chunk_22;发动机::D16维护保养手册::chunk_23,,D16维护保养手册.md
ENT_000342,发动机安全管理系统_传动装置_真空泵,Component,传动装置中用于辅助运行或测试的真空泵组件，需定期清洁组装,发动机::D16维护保养手册,发动机::D16维护保养手册::chunk_8,,D16维护保养手册.md
ENT_000343,发动机安全管理系统_传动装置_螺旋桨轴,Component,连接传动装置与螺旋桨的旋转轴系部件,发动机::D16维护保养手册,发动机::D16维护保养手册::chunk_20;发动机::D16维护保养手册::chunk_21;发动机::D16维护保养手册::chunk_22;发动机::D16维护保养手册::chunk_23,,D16维护保养手册.md
ENT_000344,发动机安全管理系统_传动装置_轴密封件,Component,螺旋桨轴填料函处的关键防水密封组件,发动机::D16维护保养手册,发动机::D16维护保养手册::chunk_20;发动机::D16维护保养手册::chunk_21;发动机::D16维护保养手册::chunk_22;发动机::D16维护保养手册::chunk_23,,D16维护保养手册.md
ENT_000345,发动机安全管理系统_冷却系统_加热元件,Component,可选配置的连接至发动机冷却系统的船配加热部件,发动机::D16维护保养手册,发动机::D16维护保养手册::chunk_12;发动机::D16维护保养手册::chunk_13;发动机::D16维护保养手册::chunk_14;发动机::D16维护保养手册::chunk_15,,D16维护保养手册.md
ENT_000346,发动机安全管理系统_冷却系统_叶轮泵,Component,海水冷却系统叶轮泵，驱动海水循环冷却；冷却系统中海水循环的核心泵体组件,发动机::D16维护保养手册,发动机::D16维护保养手册::chunk_16;发动机::D16维护保养手册::chunk_17;发动机::D16维护保养手册::chunk_18;发动机::D16维护保养手册::chunk_19;发动机::D16维护保养手册::chunk_5,,D16维护保养手册.md
ENT_000347,发动机安全管理系统_冷却系统_散热器,Component,冷却系统内的散热器核心组件，影响冷却液容量,发动机::D16维护保养手册,发动机::D16维护保养手册::chunk_4,,D16维护保养手册.md
ENT_000348,发动机安全管理系统_冷却系统_海水塞,Component,冷却系统海水进水管路的关键隔离阀门,发动机::D16维护保养手册,发动机::D16维护保养手册::chunk_16;发动机::D16维护保养手册::chunk_17;发动机::D16维护保养手册::chunk_18;发动机::D16维护保养手册::chunk_19,,D16维护保养手册.md
ENT_000349,发动机安全管理系统_冷却系统_海水过滤器,Component,冷却系统进水口的关键过滤部件，需定期清洁以防堵塞,发动机::D16维护保养手册,发动机::D16维护保养手册::chunk_20;发动机::D16维护保养手册::chunk_21;发动机::D16维护保养手册::chunk_22;发动机::D16维护保养手册::chunk_23,,D16维护保养手册.md
ENT_000350,发动机安全管理系统_冷却系统_热交换器,Component,冷却系统内的热交换器核心组件，影响冷却液容量,发动机::D16维护保养手册,发动机::D16维护保养手册::chunk_4,,D16维护保养手册.md
ENT_000351,发动机安全管理系统_冷却系统_热控制阀,Component,连接加热单元时加注冷却剂需打开的系统热控制阀门,发动机::D16维护保养手册,发动机::D16维护保养手册::chunk_16;发动机::D16维护保养手册::chunk_17;发动机::D16维护保养手册::chunk_18;发动机::D16维护保养手册::chunk_19,,D16维护保养手册.md
ENT_000352,发动机安全管理系统_冷却系统_膨胀箱,Component,冷却系统膨胀水箱，用于容纳冷却液热膨胀及补液；冷却系统用于观察液位和膨胀的容器组件,发动机::D16维护保养手册,发动机::D16维护保养手册::chunk_16;发动机::D16维护保养手册::chunk_17;发动机::D16维护保养手册::chunk_18;发动机::D16维护保养手册::chunk_19;发动机::D16维护保养手册::chunk_5,,D16维护保养手册.md
ENT_000353,发动机安全管理系统_冷却系统_阳极,Component,用于海水冷却系统的电防腐牺牲阳极部件,发动机::D16维护保养手册,发动机::D16维护保养手册::chunk_20;发动机::D16维护保养手册::chunk_21;发动机::D16维护保养手册::chunk_22;发动机::D16维护保养手册::chunk_23,,D16维护保养手册.md
ENT_000354,发动机安全管理系统_发动机_交流发电机,Component,发动机配套的核心发电模块,发动机::D16维护保养手册,发动机::D16维护保养手册::chunk_1,,D16维护保养手册.md
ENT_000355,发动机安全管理系统_发动机_传动皮带,Component,发动机附件驱动皮带，需检查张紧度与磨损情况；发动机驱动附件的传动皮带组件,发动机::D16维护保养手册,发动机::D16维护保养手册::chunk_16;发动机::D16维护保养手册::chunk_17;发动机::D16维护保养手册::chunk_18;发动机::D16维护保养手册::chunk_19;发动机::D16维护保养手册::chunk_5,,D16维护保养手册.md
ENT_000356,发动机安全管理系统_发动机_发动机控制模块,Component,发动机核心电子控制单元单板,发动机::D16维护保养手册,发动机::D16维护保养手册::chunk_1,,D16维护保养手册.md
ENT_000357,发动机安全管理系统_发动机_增压空气冷却器,Component,发动机增压空气冷却装置，降低进气温度提高效率,发动机::D16维护保养手册,发动机::D16维护保养手册::chunk_5,,D16维护保养手册.md
ENT_000358,发动机安全管理系统_发动机_涡轮增压器,Component,发动机进气增压核心部件，运行时产生高温和高速旋转；发动机进气增压核心模块,发动机::D16维护保养手册,发动机::D16维护保养手册::chunk_0;发动机::D16维护保养手册::chunk_11,,D16维护保养手册.md
ENT_000359,发动机安全管理系统_发动机_皮带张紧器,Component,发动机传动皮带的自动张紧模块，无需手动调整,发动机::D16维护保养手册,发动机::D16维护保养手册::chunk_16;发动机::D16维护保养手册::chunk_17;发动机::D16维护保养手册::chunk_18;发动机::D16维护保养手册::chunk_19,,D16维护保养手册.md
ENT_000360,发动机安全管理系统_发动机_空气过滤器,Component,防止异物进入发动机入口的关键防护组件,发动机::D16维护保养手册,发动机::D16维护保养手册::chunk_0,,D16维护保养手册.md
ENT_000361,发动机安全管理系统_增压空气系统_增压空气管,Component,增压空气输送管路组件,发动机::D16维护保养手册,发动机::D16维护保养手册::chunk_11,,D16维护保养手册.md
ENT_000362,发动机安全管理系统_排气系统_排气弯管,Component,涡轮增压器连接的排气部件,发动机::D16维护保养手册,发动机::D16维护保养手册::chunk_11,,D16维护保养手册.md
ENT_000363,发动机安全管理系统_操舵器_电动操舵器,Component,操舵系统内的电动执行机构，需检查油位及连杆,发动机::D16维护保养手册,发动机::D16维护保养手册::chunk_20;发动机::D16维护保养手册::chunk_21;发动机::D16维护保养手册::chunk_22;发动机::D16维护保养手册::chunk_23,,D16维护保养手册.md
ENT_000364,发动机安全管理系统_润滑系统_机油过滤器,Component,润滑系统核心过滤部件，需定期更换以保机油清洁,发动机::D16维护保养手册,发动机::D16维护保养手册::chunk_5,,D16维护保养手册.md
ENT_000365,发动机安全管理系统_燃油系统_压力表,Component,双联过滤器装配的压力监测仪表,发动机::D16维护保养手册,发动机::D16维护保养手册::chunk_11,,D16维护保养手册.md
ENT_000366,发动机安全管理系统_燃油系统_手泵,Component,燃油系统手动输油泵，用于排除空气或预供燃油；燃油系统手动排气泵组件,发动机::D16维护保养手册,发动机::D16维护保养手册::chunk_11;发动机::D16维护保养手册::chunk_5,,D16维护保养手册.md
ENT_000367,发动机安全管理系统_燃油系统_燃油过滤器,Component,燃油系统核心过滤部件，防止杂质进入发动机；燃油系统中的核心过滤组件,发动机::D16维护保养手册,发动机::D16维护保养手册::chunk_11;发动机::D16维护保养手册::chunk_5,,D16维护保养手册.md
ENT_000368,发动机安全管理系统_燃油系统_细过滤器,Component,发动机标配安装的燃油精细过滤组件,发动机::D16维护保养手册,发动机::D16维护保养手册::chunk_10,,D16维护保养手册.md
ENT_000369,发动机安全管理系统_燃油系统_预过滤器,Component,船用装置可选安装的燃油预处理过滤组件,发动机::D16维护保养手册,发动机::D16维护保养手册::chunk_10,,D16维护保养手册.md
ENT_000370,DiagnosticMethod_Check Fault Code,DiagnosticMethod,通过显示屏查看故障号码及内容的诊断方法；读取并检查系统存储故障代码的诊断方法,发动机::D8操作手册,发动机::D8操作手册::chunk_12;发动机::D8操作手册::chunk_21,,D8操作手册.md
ENT_000371,DiagnosticMethod_Check GPS Antenna,DiagnosticMethod,检查 GPS 天线是否被遮挡或自由移动的诊断方法,发动机::D8操作手册,发动机::D8操作手册::chunk_18,,D8操作手册.md
ENT_000372,DiagnosticMethod_Check Joystick Center Position,DiagnosticMethod,检查操纵杆是否处于中心位置以确认停靠模式激活条件,发动机::D8操作手册,发动机::D8操作手册::chunk_15,,D8操作手册.md
ENT_000373,DiagnosticMethod_Fuel Consumption Check,DiagnosticMethod,航行前计算距离和燃油消耗量的检查方法,发动机::D8操作手册,发动机::D8操作手册::chunk_7,,D8操作手册.md
ENT_000374,DiagnosticMethod_Read Engine Data,DiagnosticMethod,授权车间读取计算机记录的发动机数据,发动机::D8操作手册,发动机::D8操作手册::chunk_10;发动机::D8操作手册::chunk_11;发动机::D8操作手册::chunk_8;发动机::D8操作手册::chunk_9,,D8操作手册.md
ENT_000375,DiagnosticMethod_Visual Inspection Before Start,DiagnosticMethod,启动前及停机后对发动机舱进行目视检查的方法,发动机::D8操作手册,发动机::D8操作手册::chunk_0,,D8操作手册.md
ENT_000376,Marine Engine System_DiagnosticMethod_Check Key ID,DiagnosticMethod,通过面板检查电子钥匙 ID 是否与系统注册一致的诊断方法,发动机::D8操作手册,发动机::D8操作手册::chunk_29,,D8操作手册.md
ENT_000377,Marine Engine System_DiagnosticMethod_View EVC Info,DiagnosticMethod,通过菜单查看已安装配件、部件和软件版本的诊断方法,发动机::D8操作手册,发动机::D8操作手册::chunk_29,,D8操作手册.md
ENT_000378,Marine Engine System_DiagnosticMethod_Visual Inspection,DiagnosticMethod,起动前和停止后对发动机及舱室进行目视检查,发动机::D8操作手册,发动机::D8操作手册::chunk_24,,D8操作手册.md
ENT_000379,Volvo Penta Engine_Cooling System_Cooling Water Inlet Check,DiagnosticMethod,每次保养时检查冷却水旋塞操作及进水口格栅,发动机::D8维护保养手册,发动机::D8维护保养手册::chunk_14,,D8维护保养手册.md
ENT_000380,Volvo Penta Engine_Diagnostic_Battery Voltage Check,DiagnosticMethod,使用电压表检查电池充电状态和寿命的诊断方法,发动机::D8维护保养手册,发动机::D8维护保养手册::chunk_29;发动机::D8维护保养手册::chunk_30,,D8维护保养手册.md
ENT_000381,Volvo Penta Engine_Diagnostic_Cylinder Measurement,DiagnosticMethod,通过测量气缸尺寸来确定活塞安装可行性或缸体更换必要性的检测手段,发动机::D8维护保养手册,发动机::D8维护保养手册::chunk_6,,D8维护保养手册.md
ENT_000382,Volvo Penta Engine_Diagnostic_Engine Room Condensation Check,DiagnosticMethod,检查发动机舱有无冷凝情况以确保通风良好的诊断步骤,发动机::D8维护保养手册,发动机::D8维护保养手册::chunk_29;发动机::D8维护保养手册::chunk_30,,D8维护保养手册.md
ENT_000383,Volvo Penta Engine_Diagnostic_VODIA Software Check,DiagnosticMethod,使用 VODIA 工具读取重置参数及故障码,发动机::D8维护保养手册,发动机::D8维护保养手册::chunk_10;发动机::D8维护保养手册::chunk_11,,D8维护保养手册.md
ENT_000384,Volvo Penta Engine_Lubrication System_Oil Analysis,DiagnosticMethod,沃尔沃遍达机油分析，检测磨损颗粒及污染物,发动机::D8维护保养手册,发动机::D8维护保养手册::chunk_12,,D8维护保养手册.md
ENT_000385,Volvo Penta Engine_Maintenance_Compressor Oil Check,DiagnosticMethod,压缩机油位检查及加注方法,发动机::D8维护保养手册,发动机::D8维护保养手册::chunk_10;发动机::D8维护保养手册::chunk_11,,D8维护保养手册.md
ENT_000386,Volvo Penta Engine_Maintenance_General Visual Inspection,DiagnosticMethod,发动机起动前后目视检查通用方法,发动机::D8维护保养手册,发动机::D8维护保养手册::chunk_10;发动机::D8维护保养手册::chunk_11,,D8维护保养手册.md
ENT_000387,Volvo Penta Engine_Steering System_Electric Steering Unit_Linkage Inspection,DiagnosticMethod,检查操舵器螺栓接头固定情况及执行器与舵之间连杆是否受束缚,发动机::D8维护保养手册,发动机::D8维护保养手册::chunk_21,,D8维护保养手册.md
ENT_000388,Volvo Penta Engine_Steering System_Steering Oil Level Check,DiagnosticMethod,通过油尺检查机油液位的诊断方法；通过量油尺检查变速箱油位的诊断方法；检查电动操舵器油位的诊断方法,发动机::D8维护保养手册,发动机::D8维护保养手册::chunk_12;发动机::D8维护保养手册::chunk_17;发动机::D8维护保养手册::chunk_18;发动机::D8维护保养手册::chunk_19;发动机::D8维护保养手册::chunk_20,,D8维护保养手册.md
ENT_000389,Volvo Penta Engine_Transmission System_Exhaust Plate Inspection,DiagnosticMethod,检查排气板白色部分及密封件磨损情况的诊断方法,发动机::D8维护保养手册,发动机::D8维护保养手册::chunk_15,,D8维护保养手册.md
ENT_000390,Volvo Penta Engine_Transmission System_Shaft Seal Inspection,DiagnosticMethod,检查轴填料函泄漏与裂纹的诊断步骤,发动机::D8维护保养手册,发动机::D8维护保养手册::chunk_17;发动机::D8维护保养手册::chunk_18;发动机::D8维护保养手册::chunk_19;发动机::D8维护保养手册::chunk_20,,D8维护保养手册.md
ENT_000391,发动机安全管理系统_传动装置_升船后测试,DiagnosticMethod,升船后尽快进行的驱动装置测试，包含 DPH 倾斜及运行器情况检查,发动机::D16维护保养手册,发动机::D16维护保养手册::chunk_8,,D16维护保养手册.md
ENT_000392,发动机安全管理系统_冷却系统_检查冷却剂液位,DiagnosticMethod,在发动机冷却状态下检查膨胀箱液位的诊断步骤,发动机::D16维护保养手册,发动机::D16维护保养手册::chunk_12;发动机::D16维护保养手册::chunk_13;发动机::D16维护保养手册::chunk_14;发动机::D16维护保养手册::chunk_15,,D16维护保养手册.md
ENT_000393,发动机安全管理系统_机油分析,DiagnosticMethod,通过机油样本检测系统状态的诊断方法,发动机::D16维护保养手册,发动机::D16维护保养手册::chunk_7,,D16维护保养手册.md
ENT_000394,发动机安全管理系统_润滑系统_油位检查,DiagnosticMethod,停止发动机几分钟后检查机油油位是否在标准范围内,发动机::D16维护保养手册,发动机::D16维护保养手册::chunk_6,,D16维护保养手册.md
ENT_000395,发动机安全管理系统_润滑系统_泄漏检查,DiagnosticMethod,起动发动机后检查过滤器及周边管路是否出现泄漏,发动机::D16维护保养手册,发动机::D16维护保养手册::chunk_6,,D16维护保养手册.md
ENT_000396,Marine Engine System_4 Inch Screen,Equipment,沃尔沃遍达控制系统可选补充的 4 英寸显示器,发动机::D8操作手册,发动机::D8操作手册::chunk_12,,D8操作手册.md
ENT_000397,Marine Engine System_7 Inch Screen,Equipment,7 英寸显示器，用于查看和控制沃尔沃遍达控制系统中所有已安装的功能,发动机::D8操作手册,发动机::D8操作手册::chunk_13,,D8操作手册.md
ENT_000398,Marine Engine System_Autopilot,Equipment,自动操舵仪系统，包含罗盘单元和显示器，用于保持直线航线；自动操舵仪设备，用于自动保持或调整航向,发动机::D8操作手册,发动机::D8操作手册::chunk_15;发动机::D8操作手册::chunk_16,,D8操作手册.md
ENT_000399,Marine Engine System_Battery Management System,Equipment,负责管理船只电源分配和电池状态的核心设备,发动机::D8操作手册,发动机::D8操作手册::chunk_18,,D8操作手册.md
ENT_000400,Marine Engine System_Control Device,Equipment,控制装置，包含单杆或双杆控制单元用于换档和油门,发动机::D8操作手册,发动机::D8操作手册::chunk_14,,D8操作手册.md
ENT_000401,Marine Engine System_Dynamic Positioning System,Equipment,通过 GPS 和罗盘信号帮助固定船只位置和航向的动态定位系统,发动机::D8操作手册,发动机::D8操作手册::chunk_17,,D8操作手册.md
ENT_000402,Marine Engine System_EVC System,Equipment,电子船舶控制系统，用于发动机齿轮及操舵控制的整套系统,发动机::D8操作手册,发动机::D8操作手册::chunk_10;发动机::D8操作手册::chunk_11;发动机::D8操作手册::chunk_8;发动机::D8操作手册::chunk_9,,D8操作手册.md
ENT_000403,Marine Engine System_Electronic Key Panel,Equipment,电子钥匙面板，用于解锁 EVC 系统及激活主站,发动机::D8操作手册,发动机::D8操作手册::chunk_20,,D8操作手册.md
ENT_000404,Marine Engine System_Engine,Equipment,船舶动力核心设备，需进行起动前目视检查,发动机::D8操作手册,发动机::D8操作手册::chunk_24,,D8操作手册.md
ENT_000405,Marine Engine System_External Steering,Equipment,沃尔沃遍达外部舵设备，可连接第三方控制系统；外部转向系统，与动力升降系统协同工作；外部转向设备，包括方向盘等机械转向机构,发动机::D8操作手册,发动机::D8操作手册::chunk_10;发动机::D8操作手册::chunk_11;发动机::D8操作手册::chunk_14;发动机::D8操作手册::chunk_16;发动机::D8操作手册::chunk_8;发动机::D8操作手册::chunk_9,,D8操作手册.md
ENT_000406,Marine Engine System_Fuel Tank,Equipment,存储燃油并提供油位监测数据的独立容器设备,发动机::D8操作手册,发动机::D8操作手册::chunk_29,,D8操作手册.md
ENT_000407,Marine Engine System_Glass Cockpit Display,Equipment,玻璃驾驶舱显示器，可开启和关闭的显示设备；玻璃驾驶舱显示器，显示警告信息和仪表数据；玻璃驾驶舱显示屏，用于显示系统状态和参数；玻璃驾驶舱显示设备,发动机::D8操作手册,发动机::D8操作手册::chunk_13;发动机::D8操作手册::chunk_14;发动机::D8操作手册::chunk_16;发动机::D8操作手册::chunk_30,,D8操作手册.md
ENT_000408,Marine Engine System_Helm Station,Equipment,船舶舵台控制站，负责激活系统与控制指令输入,发动机::D8操作手册,发动机::D8操作手册::chunk_20,,D8操作手册.md
ENT_000409,Marine Engine System_Information Display,Equipment,显示发动机操作信息、消息及警报的集中显示屏；用于显示消息、警告和故障代码的信息显示设备,发动机::D8操作手册,发动机::D8操作手册::chunk_12;发动机::D8操作手册::chunk_21,,D8操作手册.md
ENT_000410,Marine Engine System_Instrumentation System,Equipment,包含各类发动机仪表的选装设备集合,发动机::D8操作手册,发动机::D8操作手册::chunk_12,,D8操作手册.md
ENT_000411,Marine Engine System_Interceptor Trim System,Equipment,扼流式压浪板系统，用于调整船只纵倾和横滚角的独立设备,发动机::D8操作手册,发动机::D8操作手册::chunk_19,,D8操作手册.md
ENT_000412,Marine Engine System_Joystick,Equipment,用于停靠和操纵的核心控制设备，支持多方向移动控制；用于船舶操纵的核心控制设备，支持转向和驱动功能；船舶操纵杆控制设备,发动机::D8操作手册,发动机::D8操作手册::chunk_15;发动机::D8操作手册::chunk_16;发动机::D8操作手册::chunk_30,,D8操作手册.md
ENT_000413,Marine Engine System_Local Helm Station,Equipment,本地舵站，具有最高控制优先级的独立操纵设备,发动机::D8操作手册,发动机::D8操作手册::chunk_21,,D8操作手册.md
ENT_000414,Marine Engine System_Main Helm Station,Equipment,主舵站，优先级低于本地站但高于远程站的操纵设备,发动机::D8操作手册,发动机::D8操作手册::chunk_21,,D8操作手册.md
ENT_000415,Marine Engine System_Power Trim System,Equipment,动力升降系统，包含控制面板用于调节驱动装置角度,发动机::D8操作手册,发动机::D8操作手册::chunk_14,,D8操作手册.md
ENT_000416,Marine Engine System_Remote Helm Station,Equipment,远程舵站，受本地和主舵站控制的操纵设备,发动机::D8操作手册,发动机::D8操作手册::chunk_21,,D8操作手册.md
ENT_000417,Marine Engine System_Reverse Gear,Equipment,发动机传动系统的倒档齿轮箱设备,发动机::D8操作手册,发动机::D8操作手册::chunk_28,,D8操作手册.md
ENT_000418,Marine Engine System_SDM Cabinet,Equipment,包含断路器和保险丝的配电控制柜,发动机::D8操作手册,发动机::D8操作手册::chunk_28,,D8操作手册.md
ENT_000419,Marine Engine System_Sea Water Filter,Equipment,用于过滤海水杂质的独立过滤设备,发动机::D8操作手册,发动机::D8操作手册::chunk_28,,D8操作手册.md
ENT_000420,Marine Engine System_Sea Water Pump,Equipment,海水系统中的核心泵送设备,发动机::D8操作手册,发动机::D8操作手册::chunk_28,,D8操作手册.md
ENT_000421,Marine Engine System_Start Stop Panel,Equipment,起动停止面板，包含发动机起动与停止控制按钮,发动机::D8操作手册,发动机::D8操作手册::chunk_20,,D8操作手册.md
ENT_000422,Marine Engine System_Stern Drive,Equipment,船尾驱动装置，受防腐系统保护的核心推进部件；船舶尾部驱动装置设备,发动机::D8操作手册,发动机::D8操作手册::chunk_19;发动机::D8操作手册::chunk_30,,D8操作手册.md
ENT_000423,Volvo Penta Engine,Equipment,沃尔沃遍达发动机主体成套设备；沃尔沃遍达发动机主体设备；沃尔沃遍达发动机整体设备,发动机::D8维护保养手册,发动机::D8维护保养手册::chunk_0;发动机::D8维护保养手册::chunk_1;发动机::D8维护保养手册::chunk_2;发动机::D8维护保养手册::chunk_25;发动机::D8维护保养手册::chunk_26;发动机::D8维护保养手册::chunk_27;发动机::D8维护保养手册::chunk_28;发动机::D8维护保养手册::chunk_3;发动机::D8维护保养手册::chunk_9,,D8维护保养手册.md
ENT_000424,Volvo Penta Engine_Diagnostic System_VODIA Tool,Equipment,VODIA 诊断工具，用于读取参数和故障码,发动机::D8维护保养手册,发动机::D8维护保养手册::chunk_10;发动机::D8维护保养手册::chunk_11,,D8维护保养手册.md
ENT_000425,Volvo Penta Engine_Lubrication System_Oil Sampling Kit,Equipment,润滑油取样套件，包含真空泵及取样瓶等工具,发动机::D8维护保养手册,发动机::D8维护保养手册::chunk_12,,D8维护保养手册.md
ENT_000426,Volvo Penta Engine_Transmission System_Oil Change Adapter,Equipment,配合油泵使用的专用适配器工具,发动机::D8维护保养手册,发动机::D8维护保养手册::chunk_15,,D8维护保养手册.md
ENT_000427,Volvo Penta Engine_Transmission System_Oil Extraction Pump,Equipment,用于更换变速器油的抽油泵设备,发动机::D8维护保养手册,发动机::D8维护保养手册::chunk_15,,D8维护保养手册.md
ENT_000428,发动机安全管理系统_SCR 系统,Equipment,选择性催化还原处理成套设备,发动机::D16维护保养手册,发动机::D16维护保养手册::chunk_11,,D16维护保养手册.md
ENT_000429,发动机安全管理系统_传动装置,Equipment,与发动机配套的传动及驱动装置设备,发动机::D16维护保养手册,发动机::D16维护保养手册::chunk_7,,D16维护保养手册.md
ENT_000430,发动机安全管理系统_冷却系统,Equipment,负责发动机温度控制的独立子系统；发动机安全管理系统下的冷却循环设备,发动机::D16维护保养手册,发动机::D16维护保养手册::chunk_1;发动机::D16维护保养手册::chunk_16;发动机::D16维护保养手册::chunk_17;发动机::D16维护保养手册::chunk_18;发动机::D16维护保养手册::chunk_19,,D16维护保养手册.md
ENT_000431,发动机安全管理系统_发动机,Equipment,系统内的核心动力设备，涉及机械运转与电气控制；系统内的核心动力主体设备；系统内的核心发动机主体设备；发动机主体成套设备；发动机安全管理系统下的核心动力设备,发动机::D16维护保养手册,发动机::D16维护保养手册::chunk_0;发动机::D16维护保养手册::chunk_1;发动机::D16维护保养手册::chunk_11;发动机::D16维护保养手册::chunk_16;发动机::D16维护保养手册::chunk_17;发动机::D16维护保养手册::chunk_18;发动机::D16维护保养手册::chunk_19;发动机::D16维护保养手册::chunk_7,,D16维护保养手册.md
ENT_000432,发动机安全管理系统_增压空气系统,Equipment,发动机增压进气成套设备,发动机::D16维护保养手册,发动机::D16维护保养手册::chunk_11,,D16维护保养手册.md
ENT_000433,发动机安全管理系统_排气系统,Equipment,发动机废气排放成套设备,发动机::D16维护保养手册,发动机::D16维护保养手册::chunk_11,,D16维护保养手册.md
ENT_000434,发动机安全管理系统_操舵器,Equipment,船舶操舵装置设备，需特定 ATF 油维护,发动机::D16维护保养手册,发动机::D16维护保养手册::chunk_4,,D16维护保养手册.md
ENT_000435,发动机安全管理系统_润滑系统,Equipment,负责发动机机械润滑的独立子系统；负责发动机润滑管理的子系统设备,发动机::D16维护保养手册,发动机::D16维护保养手册::chunk_1;发动机::D16维护保养手册::chunk_7,,D16维护保养手册.md
ENT_000436,发动机安全管理系统_燃油系统,Equipment,负责发动机燃料供给的独立子系统；发动机燃油供给与管理成套设备,发动机::D16维护保养手册,发动机::D16维护保养手册::chunk_1;发动机::D16维护保养手册::chunk_11,,D16维护保养手册.md
ENT_000437,发动机安全管理系统_电气系统,Equipment,负责全船电气控制与配电的子系统,发动机::D16维护保养手册,发动机::D16维护保养手册::chunk_1,,D16维护保养手册.md
ENT_000438,发动机安全管理系统_电池,Equipment,为发动机起动和控制电路提供电能的储能设备；系统内的电力存储与启动设备,发动机::D16维护保养手册,发动机::D16维护保养手册::chunk_0;发动机::D16维护保养手册::chunk_1,,D16维护保养手册.md
ENT_000439,FaultCause_Bending Fuel Pipes,FaultCause,违规弯曲燃油高压管路导致物理开裂,发动机::D8操作手册,发动机::D8操作手册::chunk_5;发动机::D8操作手册::chunk_6,,D8操作手册.md
ENT_000440,FaultCause_Chemical Contact,FaultCause,皮肤直接接触有害化学品或油污的原因,发动机::D8操作手册,发动机::D8操作手册::chunk_0,,D8操作手册.md
ENT_000441,FaultCause_Cold Idling,FaultCause,冷态发动机长时间空转导致的潜在故障诱因,发动机::D8操作手册,发动机::D8操作手册::chunk_21,,D8操作手册.md
ENT_000442,FaultCause_Cold Weather,FaultCause,气温寒冷导致发动机启动困难,发动机::D8操作手册,发动机::D8操作手册::chunk_20,,D8操作手册.md
ENT_000443,FaultCause_Component Contamination,FaultCause,系统组件清洁度不足含有污物导致故障的原因,发动机::D8操作手册,发动机::D8操作手册::chunk_7,,D8操作手册.md
ENT_000444,FaultCause_DPS Antenna Fault,FaultCause,DPS 天线硬件故障导致系统无法激活的原因,发动机::D8操作手册,发动机::D8操作手册::chunk_18,,D8操作手册.md
ENT_000445,FaultCause_Disconnecting Switch While Running,FaultCause,发动机运行时断开主开关电流导致电气系统冲击,发动机::D8操作手册,发动机::D8操作手册::chunk_1;发动机::D8操作手册::chunk_2;发动机::D8操作手册::chunk_3;发动机::D8操作手册::chunk_4,,D8操作手册.md
ENT_000446,FaultCause_Electromagnetic Interference,FaultCause,无线电发射机产生的强电磁信号干扰系统运行,发动机::D8操作手册,发动机::D8操作手册::chunk_17,,D8操作手册.md
ENT_000447,FaultCause_Engine Stop During Maneuver,FaultCause,在倒档操纵期间发动机停止运转的故障诱因,发动机::D8操作手册,发动机::D8操作手册::chunk_21,,D8操作手册.md
ENT_000448,FaultCause_Environmental Conditions,FaultCause,风浪水流等环境条件导致定位精度下降,发动机::D8操作手册,发动机::D8操作手册::chunk_17,,D8操作手册.md
ENT_000449,FaultCause_Excessive Trim Angle,FaultCause,过度纵倾角，导致气蚀和螺旋桨松动,发动机::D8操作手册,发动机::D8操作手册::chunk_14,,D8操作手册.md
ENT_000450,FaultCause_Exhaust Wake Inhalation,FaultCause,船尾低压区将废气吸入驾驶舱导致中毒的原因,发动机::D8操作手册,发动机::D8操作手册::chunk_7,,D8操作手册.md
ENT_000451,FaultCause_Foreign Objects In Inlet,FaultCause,空气入口管中含有异物或工具遗留导致机械损伤,发动机::D8操作手册,发动机::D8操作手册::chunk_1;发动机::D8操作手册::chunk_2;发动机::D8操作手册::chunk_3;发动机::D8操作手册::chunk_4,,D8操作手册.md
ENT_000452,FaultCause_Fuel Penetration Into Tissue,FaultCause,高压燃油渗入人体组织导致感染败血病,发动机::D8操作手册,发动机::D8操作手册::chunk_5;发动机::D8操作手册::chunk_6,,D8操作手册.md
ENT_000453,FaultCause_GPS Signal Weakness,FaultCause,GPS 信号强度不足导致定位功能受限的原因,发动机::D8操作手册,发动机::D8操作手册::chunk_18,,D8操作手册.md
ENT_000454,FaultCause_High Corrosion Environment,FaultCause,高腐蚀环境导致保护系统报警或需要调整模式的原因,发动机::D8操作手册,发动机::D8操作手册::chunk_18,,D8操作手册.md
ENT_000455,FaultCause_High Pressure Water Cleaning,FaultCause,使用高压水清洗发动机导致的部件损伤,发动机::D8操作手册,发动机::D8操作手册::chunk_5;发动机::D8操作手册::chunk_6,,D8操作手册.md
ENT_000456,FaultCause_High Speed Shifting,FaultCause,在高发动机转速下进行换档操作的故障诱因,发动机::D8操作手册,发动机::D8操作手册::chunk_21,,D8操作手册.md
ENT_000457,FaultCause_Hot Fluid Or Surface,FaultCause,冷却液或润滑油在高温高压状态下接触人体,发动机::D8操作手册,发动机::D8操作手册::chunk_1;发动机::D8操作手册::chunk_2;发动机::D8操作手册::chunk_3;发动机::D8操作手册::chunk_4,,D8操作手册.md
ENT_000458,FaultCause_Joystick Not Neutral,FaultCause,操纵杆未处于空档位置导致系统无法接合的原因,发动机::D8操作手册,发动机::D8操作手册::chunk_18,,D8操作手册.md
ENT_000459,FaultCause_Overload Stress,FaultCause,产品或部件承受过度负载或应力导致损坏,发动机::D8操作手册,发动机::D8操作手册::chunk_10;发动机::D8操作手册::chunk_11;发动机::D8操作手册::chunk_8;发动机::D8操作手册::chunk_9,,D8操作手册.md
ENT_000460,FaultCause_Prolonged Cranking,FaultCause,起动马达接合时间超过最大激活时限,发动机::D8操作手册,发动机::D8操作手册::chunk_20,,D8操作手册.md
ENT_000461,FaultCause_Sliding Function Unavailable,FaultCause,滑动功能未校准或故障导致 DPS 无法接合的原因,发动机::D8操作手册,发动机::D8操作手册::chunk_18,,D8操作手册.md
ENT_000462,FaultCause_Spark Or Open Flame,FaultCause,意外火花、明火或吸烟引发的点火源,发动机::D8操作手册,发动机::D8操作手册::chunk_0,,D8操作手册.md
ENT_000463,FaultCause_Speed Factor Mismatch,FaultCause,速度系数设置错误导致速度计显示异常的原因；速度因子不匹配原因，导致转速表显示错误值,发动机::D8操作手册,发动机::D8操作手册::chunk_12;发动机::D8操作手册::chunk_13,,D8操作手册.md
ENT_000464,FaultCause_Sunlight Exposure,FaultCause,长期暴露于强烈阳光下导致设备损坏的原因,发动机::D8操作手册,发动机::D8操作手册::chunk_12,,D8操作手册.md
ENT_000465,FaultCause_Third Party System Fault,FaultCause,使用第三方系统导致的功能损坏或人身伤害,发动机::D8操作手册,发动机::D8操作手册::chunk_10;发动机::D8操作手册::chunk_11;发动机::D8操作手册::chunk_8;发动机::D8操作手册::chunk_9,,D8操作手册.md
ENT_000466,FaultCause_Unauthorized Modification,FaultCause,未经授权改装发动机、EVC 系统或管路安装,发动机::D8操作手册,发动机::D8操作手册::chunk_10;发动机::D8操作手册::chunk_11;发动机::D8操作手册::chunk_8;发动机::D8操作手册::chunk_9,,D8操作手册.md
ENT_000467,FaultCause_Vessel Speed Too High,FaultCause,船速超过系统允许的最大激活速度限制的原因,发动机::D8操作手册,发动机::D8操作手册::chunk_18,,D8操作手册.md
ENT_000468,FaultCause_Wrong Battery Polarity,FaultCause,电池正负极接线错误引发电气设备损坏,发动机::D8操作手册,发动机::D8操作手册::chunk_5;发动机::D8操作手册::chunk_6,,D8操作手册.md
ENT_000469,FaultCause_Wrong Fuel Quality,FaultCause,使用非推荐燃油导致燃料控制机构结合或排放超标,发动机::D8操作手册,发动机::D8操作手册::chunk_1;发动机::D8操作手册::chunk_2;发动机::D8操作手册::chunk_3;发动机::D8操作手册::chunk_4,,D8操作手册.md
ENT_000470,FaultCause_Wrong Oil Coolant Quality,FaultCause,使用错误粘度机油或不正确混合冷却剂,发动机::D8操作手册,发动机::D8操作手册::chunk_10;发动机::D8操作手册::chunk_11;发动机::D8操作手册::chunk_8;发动机::D8操作手册::chunk_9,,D8操作手册.md
ENT_000471,Marine Engine System_FaultCause_Air In Fuel System,FaultCause,燃油系统中混入空气导致运行异常的故障原因；燃油中混入水分导致发动机故障的原因,发动机::D8操作手册,发动机::D8操作手册::chunk_25,,D8操作手册.md
ENT_000472,Marine Engine System_FaultCause_Depth Sensor Failure,FaultCause,因传感器不工作或损坏导致信号丢失的根本原因,发动机::D8操作手册,发动机::D8操作手册::chunk_29,,D8操作手册.md
ENT_000473,Marine Engine System_FaultCause_Disconnect While Running,FaultCause,发动机运行时断开电路导致的故障,发动机::D8操作手册,发动机::D8操作手册::chunk_28,,D8操作手册.md
ENT_000474,Marine Engine System_FaultCause_Filter Blockage,FaultCause,海水过滤器被颗粒污泥堵塞,发动机::D8操作手册,发动机::D8操作手册::chunk_28,,D8操作手册.md
ENT_000475,Marine Engine System_FaultCause_Fuel Corrosion,FaultCause,生物柴油对燃油系统密封件材料的腐蚀,发动机::D8操作手册,发动机::D8操作手册::chunk_31,,D8操作手册.md
ENT_000476,Marine Engine System_FaultCause_High FAME Content,FaultCause,高含量生物柴油导致的真菌细菌滋生原因,发动机::D8操作手册,发动机::D8操作手册::chunk_31,,D8操作手册.md
ENT_000477,Marine Engine System_FaultCause_Terminal Oxidation,FaultCause,电池电极氧化物导致接触不良,发动机::D8操作手册,发动机::D8操作手册::chunk_28,,D8操作手册.md
ENT_000478,Volvo Penta Engine_Fault_Battery Connection Loose,FaultCause,电池连接松动可能导致电气系统损坏的原因,发动机::D8维护保养手册,发动机::D8维护保养手册::chunk_29;发动机::D8维护保养手册::chunk_30,,D8维护保养手册.md
ENT_000479,Volvo Penta Engine_Fault_Battery Terminal Oxidation,FaultCause,电池电极和终端上的污染物和氧化物积累,发动机::D8维护保养手册,发动机::D8维护保养手册::chunk_29;发动机::D8维护保养手册::chunk_30,,D8维护保养手册.md
ENT_000480,Volvo Penta Engine_Fault_Component Contamination,FaultCause,组件表面或内部存在污物导致的故障诱因,发动机::D8维护保养手册,发动机::D8维护保养手册::chunk_4;发动机::D8维护保养手册::chunk_5,,D8维护保养手册.md
ENT_000481,Volvo Penta Engine_Fault_Fuel Pipe Bending,FaultCause,违规弯曲或拉直燃油高压管导致的故障诱因,发动机::D8维护保养手册,发动机::D8维护保养手册::chunk_4;发动机::D8维护保养手册::chunk_5,,D8维护保养手册.md
ENT_000482,Volvo Penta Engine_Fault_Wrong Battery Polarity,FaultCause,电池正负极连接错误导致的故障诱因,发动机::D8维护保养手册,发动机::D8维护保养手册::chunk_4;发动机::D8维护保养手册::chunk_5,,D8维护保养手册.md
ENT_000483,Volvo Penta Engine_Lubrication System_High Oil Level,FaultCause,机油液位过高，可能导致油耗增加或部件损坏,发动机::D8维护保养手册,发动机::D8维护保养手册::chunk_12,,D8维护保养手册.md
ENT_000484,Volvo Penta Engine_Lubrication System_Low Oil Level,FaultCause,机油液位过低，可能导致润滑不足及发动机过热,发动机::D8维护保养手册,发动机::D8维护保养手册::chunk_12,,D8维护保养手册.md
ENT_000485,Volvo Penta Engine_Lubrication System_Wrong Oil Filter Type,FaultCause,使用错误类型的机油过滤器，导致磨损增加,发动机::D8维护保养手册,发动机::D8维护保养手册::chunk_12,,D8维护保养手册.md
ENT_000486,Volvo Penta Engine_Transmission System_Wrong Oil Usage,FaultCause,因使用非指定油品导致的故障诱因,发动机::D8维护保养手册,发动机::D8维护保养手册::chunk_7;发动机::D8维护保养手册::chunk_8,,D8维护保养手册.md
ENT_000487,发动机安全管理系统_发动机_叶轮损坏,FaultCause,涡轮增压器压缩机或涡轮叶轮损坏原因,发动机::D16维护保养手册,发动机::D16维护保养手册::chunk_11,,D16维护保养手册.md
ENT_000488,发动机安全管理系统_发动机_污物污染,FaultCause,系统组件清洁度不足导致的污物污染原因,发动机::D16维护保养手册,发动机::D16维护保养手册::chunk_1,,D16维护保养手册.md
ENT_000489,发动机安全管理系统_增压空气系统_泄漏,FaultCause,增压空气管路连接泄漏导致故障的原因,发动机::D16维护保养手册,发动机::D16维护保养手册::chunk_11,,D16维护保养手册.md
ENT_000490,发动机安全管理系统_意外火花,FaultCause,点燃燃油蒸汽或电池氢气导致爆炸的直接诱因,发动机::D16维护保养手册,发动机::D16维护保养手册::chunk_0,,D16维护保养手册.md
ENT_000491,发动机安全管理系统_润滑系统_部件磨损,FaultCause,导致机油中出现金属颗粒物的故障原因,发动机::D16维护保养手册,发动机::D16维护保养手册::chunk_7,,D16维护保养手册.md
ENT_000492,发动机安全管理系统_燃油或气体泄漏,FaultCause,导致火灾爆炸风险的主要诱发原因,发动机::D16维护保养手册,发动机::D16维护保养手册::chunk_0,,D16维护保养手册.md
ENT_000493,发动机安全管理系统_燃油系统_微生物滋生,FaultCause,因 FAME 生物柴油含量过高导致燃油系统细菌堵塞,发动机::D16维护保养手册,发动机::D16维护保养手册::chunk_20;发动机::D16维护保养手册::chunk_21;发动机::D16维护保养手册::chunk_22;发动机::D16维护保养手册::chunk_23,,D16维护保养手册.md
ENT_000494,发动机安全管理系统_燃油系统_空气残留,FaultCause,燃油系统中残留空气导致故障的原因,发动机::D16维护保养手册,发动机::D16维护保养手册::chunk_11,,D16维护保养手册.md
ENT_000495,发动机安全管理系统_燃油系统_高压燃油泄漏,FaultCause,燃油系统高压回路发生泄漏的故障原因,发动机::D16维护保养手册,发动机::D16维护保养手册::chunk_1,,D16维护保养手册.md
ENT_000496,发动机安全管理系统_电池_长期放电损坏,FaultCause,电池长期处于放电状态会导致损坏及寒冷天气冻结爆裂,发动机::D16维护保养手册,发动机::D16维护保养手册::chunk_24;发动机::D16维护保养手册::chunk_25;发动机::D16维护保养手册::chunk_26;发动机::D16维护保养手册::chunk_27,,D16维护保养手册.md
ENT_000497,无气门室盖起动,FaultCause,在气门室盖拆下情况下起动发动机造成人身伤害,发动机::D8维护保养手册,发动机::D8维护保养手册::chunk_0;发动机::D8维护保养手册::chunk_1;发动机::D8维护保养手册::chunk_2;发动机::D8维护保养手册::chunk_3,,D8维护保养手册.md
ENT_000498,运行中断开主开关,FaultCause,发动机正在运行时断开主开关电流导致设备损坏,发动机::D8维护保养手册,发动机::D8维护保养手册::chunk_0;发动机::D8维护保养手册::chunk_1;发动机::D8维护保养手册::chunk_2;发动机::D8维护保养手册::chunk_3,,D8维护保养手册.md
ENT_000499,FaultPhenomenon_Burns,FaultPhenomenon,人员因接触热流体、热表面或蒸汽导致的灼伤,发动机::D8操作手册,发动机::D8操作手册::chunk_1;发动机::D8操作手册::chunk_2;发动机::D8操作手册::chunk_3;发动机::D8操作手册::chunk_4,,D8操作手册.md
ENT_000500,FaultPhenomenon_Carbon Monoxide Poisoning,FaultPhenomenon,因船尾湍流吸入废气导致的人员中毒现象,发动机::D8操作手册,发动机::D8操作手册::chunk_7,,D8操作手册.md
ENT_000501,FaultPhenomenon_Cold Start Smoke,FaultPhenomenon,冷启动烟雾，低温环境下发动机启动时产生的异常排放现象,发动机::D8操作手册,发动机::D8操作手册::chunk_19,,D8操作手册.md
ENT_000502,FaultPhenomenon_Component Failure,FaultPhenomenon,因污物或清洁不当引起的系统组件功能异常,发动机::D8操作手册,发动机::D8操作手册::chunk_7,,D8操作手册.md
ENT_000503,FaultPhenomenon_Cooling Inlet Exposure,FaultPhenomenon,冷却剂入口暴露，导致发动机过热,发动机::D8操作手册,发动机::D8操作手册::chunk_14,,D8操作手册.md
ENT_000504,FaultPhenomenon_Corrosion Danger,FaultPhenomenon,主动防腐蚀保护系统检测到腐蚀风险或无保护状态,发动机::D8操作手册,发动机::D8操作手册::chunk_18,,D8操作手册.md
ENT_000505,FaultPhenomenon_DPS Activation Failure,FaultPhenomenon,动态定位系统因条件不满足或故障无法激活的现象,发动机::D8操作手册,发动机::D8操作手册::chunk_18,,D8操作手册.md
ENT_000506,FaultPhenomenon_Electronic Device Damage,FaultPhenomenon,控制单元或电子装置因电气操作不当而损坏,发动机::D8操作手册,发动机::D8操作手册::chunk_1;发动机::D8操作手册::chunk_2;发动机::D8操作手册::chunk_3;发动机::D8操作手册::chunk_4,,D8操作手册.md
ENT_000507,FaultPhenomenon_Emission Certificate Void,FaultPhenomenon,因维护不当导致发动机排放认证证书无效,发动机::D8操作手册,发动机::D8操作手册::chunk_10;发动机::D8操作手册::chunk_11;发动机::D8操作手册::chunk_8;发动机::D8操作手册::chunk_9,,D8操作手册.md
ENT_000508,FaultPhenomenon_Engine Overspeed,FaultPhenomenon,发动机转速异常升高，可能导致机械损坏或人身伤害；发动机超速故障，可能导致机械损坏,发动机::D8操作手册,发动机::D8操作手册::chunk_1;发动机::D8操作手册::chunk_14;发动机::D8操作手册::chunk_2;发动机::D8操作手册::chunk_3;发动机::D8操作手册::chunk_4,,D8操作手册.md
ENT_000509,FaultPhenomenon_Engine Start Failure,FaultPhenomenon,发动机无法正常启动的故障现象,发动机::D8操作手册,发动机::D8操作手册::chunk_20,,D8操作手册.md
ENT_000510,FaultPhenomenon_Fire Or Explosion,FaultPhenomenon,因易燃物遇火花导致的火灾或爆炸事故,发动机::D8操作手册,发动机::D8操作手册::chunk_0,,D8操作手册.md
ENT_000511,FaultPhenomenon_Fuel Or Oil Leak,FaultPhenomenon,燃油、冷却剂或润滑油出现的泄漏异常症状,发动机::D8操作手册,发动机::D8操作手册::chunk_0,,D8操作手册.md
ENT_000512,FaultPhenomenon_Fuel Pipe Cracking,FaultPhenomenon,燃油高压管路因外力弯曲产生的裂纹故障,发动机::D8操作手册,发动机::D8操作手册::chunk_5;发动机::D8操作手册::chunk_6,,D8操作手册.md
ENT_000513,FaultPhenomenon_High Fuel Consumption,FaultPhenomenon,磨合期或故障导致的油耗异常增加,发动机::D8操作手册,发动机::D8操作手册::chunk_10;发动机::D8操作手册::chunk_11;发动机::D8操作手册::chunk_8;发动机::D8操作手册::chunk_9,,D8操作手册.md
ENT_000514,FaultPhenomenon_Mechanical Damage,FaultPhenomenon,发动机内部机械结构因异物进入或操作失误导致的损坏；机械损坏故障，由不当操作或维护引起；因操作不当或碰撞导致的机械损坏现象；发动机部件发生的机械性损坏现象,发动机::D8操作手册,发动机::D8操作手册::chunk_1;发动机::D8操作手册::chunk_14;发动机::D8操作手册::chunk_16;发动机::D8操作手册::chunk_2;发动机::D8操作手册::chunk_21;发动机::D8操作手册::chunk_3;发动机::D8操作手册::chunk_4,,D8操作手册.md
ENT_000515,FaultPhenomenon_Missed Alarm,FaultPhenomenon,错过警报现象，因暗站模式启用导致无法显示或听到错误消息,发动机::D8操作手册,发动机::D8操作手册::chunk_13,,D8操作手册.md
ENT_000516,FaultPhenomenon_Propeller Cavitation,FaultPhenomenon,螺旋桨气蚀现象，导致螺旋桨固定松动和效率下降,发动机::D8操作手册,发动机::D8操作手册::chunk_14,,D8操作手册.md
ENT_000517,FaultPhenomenon_Propeller Loosening,FaultPhenomenon,螺旋桨固定松动，由过度纵倾或气蚀引起,发动机::D8操作手册,发动机::D8操作手册::chunk_14,,D8操作手册.md
ENT_000518,FaultPhenomenon_Propeller Shaft Rotation Damage,FaultPhenomenon,螺旋桨轴被动转动损坏，发动机停止时轴转动导致的倒档润滑不足故障,发动机::D8操作手册,发动机::D8操作手册::chunk_19,,D8操作手册.md
ENT_000519,FaultPhenomenon_Screen Damage,FaultPhenomenon,屏幕因环境因素导致的损坏或功能故障,发动机::D8操作手册,发动机::D8操作手册::chunk_12,,D8操作手册.md
ENT_000520,FaultPhenomenon_Sepsis Infection,FaultPhenomenon,因燃油泄漏接触皮肤引发的败血病感染风险,发动机::D8操作手册,发动机::D8操作手册::chunk_5;发动机::D8操作手册::chunk_6,,D8操作手册.md
ENT_000521,FaultPhenomenon_Shortened Engine Life,FaultPhenomenon,因油品或操作不当导致发动机使用寿命缩短；发动机使用寿命因不当操作而缩短的现象,发动机::D8操作手册,发动机::D8操作手册::chunk_10;发动机::D8操作手册::chunk_11;发动机::D8操作手册::chunk_21;发动机::D8操作手册::chunk_8;发动机::D8操作手册::chunk_9,,D8操作手册.md
ENT_000522,FaultPhenomenon_Skin Damage,FaultPhenomenon,因长期接触油污导致的皮肤发炎或干燥问题,发动机::D8操作手册,发动机::D8操作手册::chunk_0,,D8操作手册.md
ENT_000523,FaultPhenomenon_Speedometer Error,FaultPhenomenon,速度计显示值与实际值不符的故障现象；转速表错误现象，显示的错误值无法通过调整速度校正进行校正,发动机::D8操作手册,发动机::D8操作手册::chunk_12;发动机::D8操作手册::chunk_13,,D8操作手册.md
ENT_000524,FaultPhenomenon_Starter Motor Overheat,FaultPhenomenon,起动马达因长时间接合导致的过热故障,发动机::D8操作手册,发动机::D8操作手册::chunk_20,,D8操作手册.md
ENT_000525,FaultPhenomenon_Swimming Platform Collision,FaultPhenomenon,游泳跳台碰撞，跳台与驱动装置接触造成的重大机械损坏,发动机::D8操作手册,发动机::D8操作手册::chunk_19,,D8操作手册.md
ENT_000526,FaultPhenomenon_System Performance Fault,FaultPhenomenon,因改装或第三方系统导致的系统性能与安全故障,发动机::D8操作手册,发动机::D8操作手册::chunk_10;发动机::D8操作手册::chunk_11;发动机::D8操作手册::chunk_8;发动机::D8操作手册::chunk_9,,D8操作手册.md
ENT_000527,FaultPhenomenon_Transmission Stress,FaultPhenomenon,传动装置因不当换档承受不必要应力的现象,发动机::D8操作手册,发动机::D8操作手册::chunk_21,,D8操作手册.md
ENT_000528,FaultPhenomenon_Unintended Vessel Movement,FaultPhenomenon,DPS 使用时船只可能发生的意外移动风险,发动机::D8操作手册,发动机::D8操作手册::chunk_17,,D8操作手册.md
ENT_000529,FaultPhenomenon_Warranty Void,FaultPhenomenon,因违规操作或改装导致保修索赔被拒绝或失效,发动机::D8操作手册,发动机::D8操作手册::chunk_10;发动机::D8操作手册::chunk_11;发动机::D8操作手册::chunk_8;发动机::D8操作手册::chunk_9,,D8操作手册.md
ENT_000530,FaultPhenomenon_Water Ingestion,FaultPhenomenon,水通过排气管进入静止发动机导致的故障现象,发动机::D8操作手册,发动机::D8操作手册::chunk_21,,D8操作手册.md
ENT_000531,Marine Engine System_FaultPhenomenon_Alternator Damage,FaultPhenomenon,交流发电机因不当操作导致的损坏,发动机::D8操作手册,发动机::D8操作手册::chunk_28,,D8操作手册.md
ENT_000532,Marine Engine System_FaultPhenomenon_Battery Discharge,FaultPhenomenon,电池因漏电或老化导致的电量耗尽,发动机::D8操作手册,发动机::D8操作手册::chunk_28,,D8操作手册.md
ENT_000533,Marine Engine System_FaultPhenomenon_Depth Signal Loss,FaultPhenomenon,深度探测器信号丢失导致无法显示水深或触发警报的异常现象,发动机::D8操作手册,发动机::D8操作手册::chunk_29,,D8操作手册.md
ENT_000534,Marine Engine System_FaultPhenomenon_Drive Belt Wear,FaultPhenomenon,传动皮带磨损或破裂，需立即更换,发动机::D8操作手册,发动机::D8操作手册::chunk_24,,D8操作手册.md
ENT_000535,Marine Engine System_FaultPhenomenon_Electrical Cable Damage,FaultPhenomenon,电气电缆损坏，高压清洗可能导致此故障,发动机::D8操作手册,发动机::D8操作手册::chunk_24,,D8操作手册.md
ENT_000536,Marine Engine System_FaultPhenomenon_Engine Corrosion,FaultPhenomenon,因冷却剂不当导致发动机内部腐蚀的异常现象,发动机::D8操作手册,发动机::D8操作手册::chunk_25,,D8操作手册.md
ENT_000537,Marine Engine System_FaultPhenomenon_Engine Overheat,FaultPhenomenon,因冷却不足导致的发动机过热异常,发动机::D8操作手册,发动机::D8操作手册::chunk_28,,D8操作手册.md
ENT_000538,Marine Engine System_FaultPhenomenon_Engine Unexpected Stop,FaultPhenomenon,因燃油系统问题导致的发动机意外停止,发动机::D8操作手册,发动机::D8操作手册::chunk_31,,D8操作手册.md
ENT_000539,Marine Engine System_FaultPhenomenon_Fluid Leak,FaultPhenomenon,机油、燃油或冷却剂泄漏现象，起动前必须调查,发动机::D8操作手册,发动机::D8操作手册::chunk_24,,D8操作手册.md
ENT_000540,Marine Engine System_FaultPhenomenon_Fuel Filter Blockage,FaultPhenomenon,因燃油质量问题导致的过滤器堵塞现象,发动机::D8操作手册,发动机::D8操作手册::chunk_31,,D8操作手册.md
ENT_000541,Marine Engine System_FaultPhenomenon_Incorrect Oil Level Reading,FaultPhenomenon,因发动机未水平或停机时间不足导致的油位读数错误,发动机::D8操作手册,发动机::D8操作手册::chunk_25,,D8操作手册.md
ENT_000542,Volvo Penta Engine_Cooling System_Coolant Mixing Damage,FaultPhenomenon,因冷却剂混合不当导致的冷却系统损坏现象,发动机::D8维护保养手册,发动机::D8维护保养手册::chunk_9,,D8维护保养手册.md
ENT_000543,Volvo Penta Engine_Fault_Alternator Water Ingress,FaultPhenomenon,交流发电机进水故障,发动机::D8维护保养手册,发动机::D8维护保养手册::chunk_25;发动机::D8维护保养手册::chunk_26;发动机::D8维护保养手册::chunk_27;发动机::D8维护保养手册::chunk_28,,D8维护保养手册.md
ENT_000544,Volvo Penta Engine_Fault_Battery Fire And Explosion Risk,FaultPhenomenon,电池附近明火或火花引发的火灾和爆炸危险,发动机::D8维护保养手册,发动机::D8维护保养手册::chunk_29;发动机::D8维护保养手册::chunk_30,,D8维护保养手册.md
ENT_000545,Volvo Penta Engine_Fault_Battery Freezing,FaultPhenomenon,低温下充电不足的电池冻结破裂现象,发动机::D8维护保养手册,发动机::D8维护保养手册::chunk_22;发动机::D8维护保养手册::chunk_23,,D8维护保养手册.md
ENT_000546,Volvo Penta Engine_Fault_Battery Stray Current And Discharge,FaultPhenomenon,因端子氧化物或连接松动导致的杂散电流及异常放电现象,发动机::D8维护保养手册,发动机::D8维护保养手册::chunk_29;发动机::D8维护保养手册::chunk_30,,D8维护保养手册.md
ENT_000547,Volvo Penta Engine_Fault_Component Malfunction,FaultPhenomenon,因污物导致的组件功能异常或失效现象,发动机::D8维护保养手册,发动机::D8维护保养手册::chunk_4;发动机::D8维护保养手册::chunk_5,,D8维护保养手册.md
ENT_000548,Volvo Penta Engine_Fault_Coolant Leak,FaultPhenomenon,燃油泄漏现象，存在火灾风险；冷却液泄漏现象，需修复后起动；机油泄漏现象，需检查涡轮及油底壳,发动机::D8维护保养手册,发动机::D8维护保养手册::chunk_10;发动机::D8维护保养手册::chunk_11,,D8维护保养手册.md
ENT_000549,Volvo Penta Engine_Fault_Electrical Equipment Damage,FaultPhenomenon,因极性错误导致的电气设备严重损坏现象,发动机::D8维护保养手册,发动机::D8维护保养手册::chunk_4;发动机::D8维护保养手册::chunk_5,,D8维护保养手册.md
ENT_000550,Volvo Penta Engine_Fault_Engine Corrosion And Mold,FaultPhenomenon,存储期间因通风不良导致的霉菌与腐蚀,发动机::D8维护保养手册,发动机::D8维护保养手册::chunk_22;发动机::D8维护保养手册::chunk_23,,D8维护保养手册.md
ENT_000551,Volvo Penta Engine_Fault_Frost Weathering,FaultPhenomenon,残留水导致的冰冻风化现象,发动机::D8维护保养手册,发动机::D8维护保养手册::chunk_25;发动机::D8维护保养手册::chunk_26;发动机::D8维护保养手册::chunk_27;发动机::D8维护保养手册::chunk_28,,D8维护保养手册.md
ENT_000552,Volvo Penta Engine_Fault_Fuel Pipe Cracking,FaultPhenomenon,燃油高压管开裂导致的泄漏现象,发动机::D8维护保养手册,发动机::D8维护保养手册::chunk_4;发动机::D8维护保养手册::chunk_5,,D8维护保养手册.md
ENT_000553,Volvo Penta Engine_Fault_Fuel System Microbial Growth,FaultPhenomenon,燃油中因 FAME 或水分导致的微生物滋生阻塞,发动机::D8维护保养手册,发动机::D8维护保养手册::chunk_22;发动机::D8维护保养手册::chunk_23,,D8维护保养手册.md
ENT_000554,Volvo Penta Engine_Fault_Wiring Damage,FaultPhenomenon,电线损坏或松动，一般检查项目,发动机::D8维护保养手册,发动机::D8维护保养手册::chunk_10;发动机::D8维护保养手册::chunk_11,,D8维护保养手册.md
ENT_000555,Volvo Penta Engine_Lubrication System_Bearing And Crankshaft Wear,FaultPhenomenon,轴承和曲轴磨损，可能由错误过滤器引起,发动机::D8维护保养手册,发动机::D8维护保养手册::chunk_12,,D8维护保养手册.md
ENT_000556,Volvo Penta Engine_Lubrication System_Engine Overheating,FaultPhenomenon,发动机过热，可能由低油位引起,发动机::D8维护保养手册,发动机::D8维护保养手册::chunk_12,,D8维护保养手册.md
ENT_000557,Volvo Penta Engine_Lubrication System_Increased Oil Consumption,FaultPhenomenon,机油消耗量异常增加的故障现象,发动机::D8维护保养手册,发动机::D8维护保养手册::chunk_12,,D8维护保养手册.md
ENT_000558,Volvo Penta Engine_Lubrication System_Piston Seizure,FaultPhenomenon,活塞卡死，严重润滑不足导致的故障,发动机::D8维护保养手册,发动机::D8维护保养手册::chunk_12,,D8维护保养手册.md
ENT_000559,Volvo Penta Engine_Lubrication System_Silencer Clogging,FaultPhenomenon,消音器堵塞，可能由高油位引起,发动机::D8维护保养手册,发动机::D8维护保养手册::chunk_12,,D8维护保养手册.md
ENT_000560,Volvo Penta Engine_Transmission System_Exhaust Plate Wear,FaultPhenomenon,排气板白色塑料部分出现的磨损现象,发动机::D8维护保养手册,发动机::D8维护保养手册::chunk_15,,D8维护保养手册.md
ENT_000561,Volvo Penta Engine_Transmission System_Exhaust Seal Damage,FaultPhenomenon,排气密封件出现的损坏现象,发动机::D8维护保养手册,发动机::D8维护保养手册::chunk_15,,D8维护保养手册.md
ENT_000562,Volvo Penta Engine_Transmission System_Galvanic Corrosion,FaultPhenomenon,IPS 装置因电偶腐蚀导致的损坏现象,发动机::D8维护保养手册,发动机::D8维护保养手册::chunk_16,,D8维护保养手册.md
ENT_000563,Volvo Penta Engine_Transmission System_Hull Fouling,FaultPhenomenon,传动装置表面污垢附着导致油耗增加或速度降低,发动机::D8维护保养手册,发动机::D8维护保养手册::chunk_16,,D8维护保养手册.md
ENT_000564,Volvo Penta Engine_Transmission System_Oil Contamination,FaultPhenomenon,机油受到水或金属颗粒污染导致的故障现象,发动机::D8维护保养手册,发动机::D8维护保养手册::chunk_16,,D8维护保养手册.md
ENT_000565,Volvo Penta Engine_Transmission System_Seal Damage,FaultPhenomenon,螺旋桨轴或转向密封件因高压清洗导致的损坏,发动机::D8维护保养手册,发动机::D8维护保养手册::chunk_15,,D8维护保养手册.md
ENT_000566,Volvo Penta Engine_Transmission System_Transmission Malfunction,FaultPhenomenon,传动装置因润滑或维护不当引发的异常现象；传动系统发生的故障现象,发动机::D8维护保养手册,发动机::D8维护保养手册::chunk_7;发动机::D8维护保养手册::chunk_8;发动机::D8维护保养手册::chunk_9,,D8维护保养手册.md
ENT_000567,交流发电机与电子装置损坏,FaultPhenomenon,交流发电机和电子装置因不当操作导致的损坏现象,发动机::D8维护保养手册,发动机::D8维护保养手册::chunk_0;发动机::D8维护保养手册::chunk_1;发动机::D8维护保养手册::chunk_2;发动机::D8维护保养手册::chunk_3,,D8维护保养手册.md
ENT_000568,发动机安全管理系统_人身伤害风险,FaultPhenomenon,因操作不当或防护缺失导致的人员受伤潜在现象；可能导致人员身体伤害的故障现象,发动机::D16维护保养手册,发动机::D16维护保养手册::chunk_0;发动机::D16维护保养手册::chunk_11,,D16维护保养手册.md
ENT_000569,发动机安全管理系统_传动装置_泄漏,FaultPhenomenon,倒档齿轮箱或轴密封件处出现油液或水液渗漏,发动机::D16维护保养手册,发动机::D16维护保养手册::chunk_20;发动机::D16维护保养手册::chunk_21;发动机::D16维护保养手册::chunk_22;发动机::D16维护保养手册::chunk_23,,D16维护保养手册.md
ENT_000570,发动机安全管理系统_冷却系统_冷却性能下降,FaultPhenomenon,因冷却系统内沉积物和碎屑导致的散热效率降低现象,发动机::D16维护保养手册,发动机::D16维护保养手册::chunk_12;发动机::D16维护保养手册::chunk_13;发动机::D16维护保养手册::chunk_14;发动机::D16维护保养手册::chunk_15,,D16维护保养手册.md
ENT_000571,发动机安全管理系统_冷却系统_灼伤风险,FaultPhenomenon,接触热流体或热表面导致的人身灼伤风险,发动机::D16维护保养手册,发动机::D16维护保养手册::chunk_1,,D16维护保养手册.md
ENT_000572,发动机安全管理系统_冷却系统_过滤器堵塞,FaultPhenomenon,因污染物或水藻导致海水过滤器流通受阻的异常状态,发动机::D16维护保养手册,发动机::D16维护保养手册::chunk_20;发动机::D16维护保养手册::chunk_21;发动机::D16维护保养手册::chunk_22;发动机::D16维护保养手册::chunk_23,,D16维护保养手册.md
ENT_000573,发动机安全管理系统_发动机_增压压力过低,FaultPhenomenon,增压系统压力不足的故障症状,发动机::D16维护保养手册,发动机::D16维护保养手册::chunk_11,,D16维护保养手册.md
ENT_000574,发动机安全管理系统_发动机_污物引起故障,FaultPhenomenon,因最少量的污物进入系统引起的发动机故障现象,发动机::D16维护保养手册,发动机::D16维护保养手册::chunk_1,,D16维护保养手册.md
ENT_000575,发动机安全管理系统_发动机_电子元件损坏,FaultPhenomenon,交流发电机和电子装置因错误操作导致的损坏现象,发动机::D16维护保养手册,发动机::D16维护保养手册::chunk_1,,D16维护保养手册.md
ENT_000576,发动机安全管理系统_发动机_过热,FaultPhenomenon,因冷却系统堵塞或故障导致的发动机温度过高现象,发动机::D16维护保养手册,发动机::D16维护保养手册::chunk_20;发动机::D16维护保养手册::chunk_21;发动机::D16维护保养手册::chunk_22;发动机::D16维护保养手册::chunk_23,,D16维护保养手册.md
ENT_000577,发动机安全管理系统_发动机_运转不平稳,FaultPhenomenon,发动机运行状态不平顺的故障症状,发动机::D16维护保养手册,发动机::D16维护保养手册::chunk_11,,D16维护保养手册.md
ENT_000578,发动机安全管理系统_润滑系统_机油泄漏,FaultPhenomenon,润滑系统过滤器安装或运行后出现的机油渗漏现象,发动机::D16维护保养手册,发动机::D16维护保养手册::chunk_6,,D16维护保养手册.md
ENT_000579,发动机安全管理系统_火灾爆炸风险,FaultPhenomenon,因燃油泄漏、火花或易燃物引发的火灾或爆炸潜在现象；可能导致火灾或爆炸的故障现象,发动机::D16维护保养手册,发动机::D16维护保养手册::chunk_0;发动机::D16维护保养手册::chunk_11,,D16维护保养手册.md
ENT_000580,发动机安全管理系统_燃油系统_败血病风险,FaultPhenomenon,高压燃油渗入组织导致感染败血病的严重风险,发动机::D16维护保养手册,发动机::D16维护保养手册::chunk_1,,D16维护保养手册.md
ENT_000581,发动机安全管理系统_电池_冷冻破裂,FaultPhenomenon,存储期间因电池充电不足在低温下冻结损坏的现象,发动机::D16维护保养手册,发动机::D16维护保养手册::chunk_20;发动机::D16维护保养手册::chunk_21;发动机::D16维护保养手册::chunk_22;发动机::D16维护保养手册::chunk_23,,D16维护保养手册.md
ENT_000582,发动机安全管理系统_非计划停机,FaultPhenomenon,因未预见的故障导致的系统停机现象,发动机::D16维护保养手册,发动机::D16维护保养手册::chunk_7,,D16维护保养手册.md
ENT_000583,爆炸与火灾危险,FaultPhenomenon,燃油蒸汽被意外火花点燃引发的爆炸和火灾风险,发动机::D8维护保养手册,发动机::D8维护保养手册::chunk_0;发动机::D8维护保养手册::chunk_1;发动机::D8维护保养手册::chunk_2;发动机::D8维护保养手册::chunk_3,,D8维护保养手册.md
ENT_000584,Marine Engine System_Parameter_Coolant Capacity,Parameter,冷却系统淡水容量规格,发动机::D8操作手册,发动机::D8操作手册::chunk_31,,D8操作手册.md
ENT_000585,Marine Engine System_Parameter_Depth Alarm Level,Parameter,设定触发深度警报的水深阈值参数,发动机::D8操作手册,发动机::D8操作手册::chunk_29,,D8操作手册.md
ENT_000586,Marine Engine System_Parameter_Depth Compensation,Parameter,用于校正回声探测器安装位置与吃水线偏差的补偿值,发动机::D8操作手册,发动机::D8操作手册::chunk_29,,D8操作手册.md
ENT_000587,Marine Engine System_Parameter_Display Contrast,Parameter,控制显示屏对比度和背光强度的视觉参数,发动机::D8操作手册,发动机::D8操作手册::chunk_29,,D8操作手册.md
ENT_000588,Marine Engine System_Parameter_Electrolyte Density,Parameter,电池电解液密度，指示充电状态,发动机::D8操作手册,发动机::D8操作手册::chunk_31,,D8操作手册.md
ENT_000589,Marine Engine System_Parameter_Engine Serial Number,Parameter,发动机类型铭牌上的唯一标识号,发动机::D8操作手册,发动机::D8操作手册::chunk_31,,D8操作手册.md
ENT_000590,Marine Engine System_Parameter_FAME Content,Parameter,生物柴油 FAME 含量百分比限制,发动机::D8操作手册,发动机::D8操作手册::chunk_31,,D8操作手册.md
ENT_000591,Marine Engine System_Parameter_Fuel Density,Parameter,燃油密度参数，影响功率和油耗,发动机::D8操作手册,发动机::D8操作手册::chunk_31,,D8操作手册.md
ENT_000592,Marine Engine System_Parameter_Fuel Sulfur Content,Parameter,燃油含硫量限制，影响排放合规,发动机::D8操作手册,发动机::D8操作手册::chunk_31,,D8操作手册.md
ENT_000593,Marine Engine System_Parameter_Fuel Tank Volume,Parameter,定义燃油箱总容量以计算剩余燃油百分比的基础参数,发动机::D8操作手册,发动机::D8操作手册::chunk_29,,D8操作手册.md
ENT_000594,Marine Engine System_Parameter_Fuel Viscosity,Parameter,根据环境温度选择的机油粘度等级参数；燃油粘度参数，影响喷射设备持久性,发动机::D8操作手册,发动机::D8操作手册::chunk_30;发动机::D8操作手册::chunk_31,,D8操作手册.md
ENT_000595,Marine Engine System_Parameter_Gear Oil Level,Parameter,倒档齿轮箱的油位参数,发动机::D8操作手册,发动机::D8操作手册::chunk_28,,D8操作手册.md
ENT_000596,Marine Engine System_Parameter_Gear Oil Pressure,Parameter,变速箱运行期间油压范围,发动机::D8操作手册,发动机::D8操作手册::chunk_31,,D8操作手册.md
ENT_000597,Marine Engine System_Parameter_Key ID,Parameter,用于身份验证和系统授权的电子钥匙唯一标识符,发动机::D8操作手册,发动机::D8操作手册::chunk_29,,D8操作手册.md
ENT_000598,Marine Engine System_Parameter_Neutral Warning Sound,Parameter,空档位置时的声音信号设置参数；空档位置时的声音信号参数,发动机::D8操作手册,发动机::D8操作手册::chunk_28;发动机::D8操作手册::chunk_30,,D8操作手册.md
ENT_000599,Marine Engine System_Parameter_Oil Capacity,Parameter,润滑系统所需的机油总容量参数,发动机::D8操作手册,发动机::D8操作手册::chunk_30,,D8操作手册.md
ENT_000600,Marine Engine System_Parameter_Oil Pressure,Parameter,发动机正常运行及怠速下的机油压力标准值,发动机::D8操作手册,发动机::D8操作手册::chunk_30,,D8操作手册.md
ENT_000601,Parameter_Battery Current,Parameter,电池管理系统监测的实时电流参数,发动机::D8操作手册,发动机::D8操作手册::chunk_18,,D8操作手册.md
ENT_000602,Parameter_Battery Health,Parameter,电池健康状态参数，评估电池寿命和性能,发动机::D8操作手册,发动机::D8操作手册::chunk_14,,D8操作手册.md
ENT_000603,Parameter_Battery SOC,Parameter,电池充电状态参数，显示电池剩余电量百分比,发动机::D8操作手册,发动机::D8操作手册::chunk_14,,D8操作手册.md
ENT_000604,Parameter_Battery Voltage,Parameter,电池电压及充电电压运行参数,发动机::D8操作手册,发动机::D8操作手册::chunk_12,,D8操作手册.md
ENT_000605,Parameter_Boat Speed,Parameter,船速参数，显示船只当前的航行速度,发动机::D8操作手册,发动机::D8操作手册::chunk_13,,D8操作手册.md
ENT_000606,Parameter_Cool Down Time,Parameter,起动马达过热保护后所需的最小冷却时间参数,发动机::D8操作手册,发动机::D8操作手册::chunk_20,,D8操作手册.md
ENT_000607,Parameter_Coolant Concentration,Parameter,冷却剂混合浓度的关键运行参数,发动机::D8操作手册,发动机::D8操作手册::chunk_26;发动机::D8操作手册::chunk_27,,D8操作手册.md
ENT_000608,Parameter_Coolant Pressure,Parameter,冷却剂压力参数，用于监控冷却系统状态,发动机::D8操作手册,发动机::D8操作手册::chunk_13,,D8操作手册.md
ENT_000609,Parameter_Coolant Temperature,Parameter,发动机冷却剂温度运行参数,发动机::D8操作手册,发动机::D8操作手册::chunk_12,,D8操作手册.md
ENT_000610,Parameter_Coolant Type,Parameter,冷却系统必须使用的有机酸技术冷却剂类型,发动机::D8操作手册,发动机::D8操作手册::chunk_25,,D8操作手册.md
ENT_000611,Parameter_Cranking Time Limit,Parameter,默认发动机盘车时间限制参数,发动机::D8操作手册,发动机::D8操作手册::chunk_20,,D8操作手册.md
ENT_000612,Parameter_DEF Level,Parameter,DEF/AUS 液位参数，显示剩余的尿素溶液液位,发动机::D8操作手册,发动机::D8操作手册::chunk_13,,D8操作手册.md
ENT_000613,Parameter_Engine Speed,Parameter,发动机每分钟转数运行参数,发动机::D8操作手册,发动机::D8操作手册::chunk_12,,D8操作手册.md
ENT_000614,Parameter_Exhaust Temperature,Parameter,排气温度参数，可在发动机视图中显示干式排气温度,发动机::D8操作手册,发动机::D8操作手册::chunk_13,,D8操作手册.md
ENT_000615,Parameter_Fuel Consumption,Parameter,燃油消耗参数，包括即时和平均燃料消耗率,发动机::D8操作手册,发动机::D8操作手册::chunk_13,,D8操作手册.md
ENT_000616,Parameter_Fuel Economy,Parameter,燃油经济性参数，显示即时或平均燃油消耗效率,发动机::D8操作手册,发动机::D8操作手册::chunk_14,,D8操作手册.md
ENT_000617,Parameter_Fuel Level,Parameter,油箱剩余燃油量运行参数,发动机::D8操作手册,发动机::D8操作手册::chunk_12,,D8操作手册.md
ENT_000618,Parameter_Fuel Pressure Drop,Parameter,燃油过滤器在怠速或全负载下的压降指标,发动机::D8操作手册,发动机::D8操作手册::chunk_25,,D8操作手册.md
ENT_000619,Parameter_GPS Signal Strength,Parameter,影响动态定位系统精度的 GPS 信号强度参数,发动机::D8操作手册,发动机::D8操作手册::chunk_17,,D8操作手册.md
ENT_000620,Parameter_Gear Oil Pressure,Parameter,传动装置油压参数，显示变速箱油压信息,发动机::D8操作手册,发动机::D8操作手册::chunk_13,,D8操作手册.md
ENT_000621,Parameter_Heading,Parameter,船舶当前的航向角度参数,发动机::D8操作手册,发动机::D8操作手册::chunk_16,,D8操作手册.md
ENT_000622,Parameter_Idle Speed,Parameter,发动机怠速运转时的转速参数,发动机::D8操作手册,发动机::D8操作手册::chunk_21,,D8操作手册.md
ENT_000623,Parameter_Ignition Auto Off Time,Parameter,点火开关自动关闭前的设定时间参数,发动机::D8操作手册,发动机::D8操作手册::chunk_22,,D8操作手册.md
ENT_000624,Parameter_Neutral Gear Position,Parameter,传动装置处于空档状态的参数指标,发动机::D8操作手册,发动机::D8操作手册::chunk_22,,D8操作手册.md
ENT_000625,Parameter_Oil Level,Parameter,润滑系统机油尺标记区域内的液位参数,发动机::D8操作手册,发动机::D8操作手册::chunk_25,,D8操作手册.md
ENT_000626,Parameter_Oil Pressure,Parameter,发动机机油压力运行参数,发动机::D8操作手册,发动机::D8操作手册::chunk_12,,D8操作手册.md
ENT_000627,Parameter_Propeller Shaft Oil Temperature,Parameter,推进轴油温，监测倒档润滑和冷却状态的关键运行参数,发动机::D8操作手册,发动机::D8操作手册::chunk_19,,D8操作手册.md
ENT_000628,Parameter_Propeller Speed,Parameter,低速功能模式下受传动装置影响的螺旋桨转速,发动机::D8操作手册,发动机::D8操作手册::chunk_17,,D8操作手册.md
ENT_000629,Parameter_Rudder Angle,Parameter,舵角位置参数，用于指示转向幅度,发动机::D8操作手册,发动机::D8操作手册::chunk_16,,D8操作手册.md
ENT_000630,Parameter_Shift RPM Limit,Parameter,允许换档操作的最大发动机转速限制参数,发动机::D8操作手册,发动机::D8操作手册::chunk_21,,D8操作手册.md
ENT_000631,Parameter_Starter Engagement Time,Parameter,起动马达允许的最大连续接合时间参数,发动机::D8操作手册,发动机::D8操作手册::chunk_20,,D8操作手册.md
ENT_000632,Parameter_Throttle,Parameter,发动机节气门开度或功率输出参数,发动机::D8操作手册,发动机::D8操作手册::chunk_16,,D8操作手册.md
ENT_000633,Parameter_Trim Angle,Parameter,纵倾角参数，显示驱动装置相对于水平轴的角度,发动机::D8操作手册,发动机::D8操作手册::chunk_14,,D8操作手册.md
ENT_000634,Parameter_Trip Distance,Parameter,行程距离参数，显示自上次行程计算机重置以来的距离,发动机::D8操作手册,发动机::D8操作手册::chunk_13,,D8操作手册.md
ENT_000635,Volvo Penta Engine_Cooling System_Anode Installation Torque,Parameter,牺牲阳极安装紧固扭矩 10 Nm,发动机::D8维护保养手册,发动机::D8维护保养手册::chunk_14,,D8维护保养手册.md
ENT_000636,Volvo Penta Engine_Cooling System_Anode Replacement Threshold,Parameter,牺牲阳极消耗达到 50% 时必须更换,发动机::D8维护保养手册,发动机::D8维护保养手册::chunk_14,,D8维护保养手册.md
ENT_000637,Volvo Penta Engine_Cooling System_Charge Air Cooler Tail Cover Torque,Parameter,增压空气冷却器尾盖安装紧固扭矩 24 Nm,发动机::D8维护保养手册,发动机::D8维护保养手册::chunk_14,,D8维护保养手册.md
ENT_000638,Volvo Penta Engine_Cooling System_Coolant Concentration,Parameter,冷却系统中冷却剂浓度的关键运行参数,发动机::D8维护保养手册,发动机::D8维护保养手册::chunk_7;发动机::D8维护保养手册::chunk_8,,D8维护保养手册.md
ENT_000639,Volvo Penta Engine_Cooling System_VCS Coolant Specification,Parameter,VCS 黄色冷却剂浓缩型或已混合型的规格参数,发动机::D8维护保养手册,发动机::D8维护保养手册::chunk_9,,D8维护保养手册.md
ENT_000640,Volvo Penta Engine_Lubrication System_Filter Cover Torque,Parameter,过滤器盖紧固扭矩参数，标准为 40 Nm,发动机::D8维护保养手册,发动机::D8维护保养手册::chunk_12,,D8维护保养手册.md
ENT_000641,Volvo Penta Engine_Mechanical System_Compressor Oil Specification,Parameter,压缩机使用的机油规格参数,发动机::D8维护保养手册,发动机::D8维护保养手册::chunk_9,,D8维护保养手册.md
ENT_000642,Volvo Penta Engine_Mechanical System_Standard Fastener Torque,Parameter,未指定扭矩时采用的标准螺钉紧固扭矩参数,发动机::D8维护保养手册,发动机::D8维护保养手册::chunk_9,,D8维护保养手册.md
ENT_000643,Volvo Penta Engine_Parameter_Battery Terminal Torque 6Nm,Parameter,电池电缆终端紧固的标准扭矩参数值为 6 牛米,发动机::D8维护保养手册,发动机::D8维护保养手册::chunk_29;发动机::D8维护保养手册::chunk_30,,D8维护保养手册.md
ENT_000644,Volvo Penta Engine_Parameter_Engine Warm Up Time 2-3 Mins,Parameter,存储期间起动发动机暖机运行的标准时长参数,发动机::D8维护保养手册,发动机::D8维护保养手册::chunk_29;发动机::D8维护保养手册::chunk_30,,D8维护保养手册.md
ENT_000645,Volvo Penta Engine_Parameter_Fuel FAME Limit,Parameter,长期存储燃油中生物柴油含量的限制参数,发动机::D8维护保养手册,发动机::D8维护保养手册::chunk_22;发动机::D8维护保养手册::chunk_23,,D8维护保养手册.md
ENT_000646,Volvo Penta Engine_Parameter_Manual Shaft Rotation Turns,Parameter,关闭发动机后手动旋转输出轴的标准转数参数,发动机::D8维护保养手册,发动机::D8维护保养手册::chunk_29;发动机::D8维护保养手册::chunk_30,,D8维护保养手册.md
ENT_000647,Volvo Penta Engine_Parameter_Pre Storage Run Time,Parameter,存储前运转发动机使燃料到达喷射系统的时间参数,发动机::D8维护保养手册,发动机::D8维护保养手册::chunk_22;发动机::D8维护保养手册::chunk_23,,D8维护保养手册.md
ENT_000648,Volvo Penta Engine_Parameter_Storage Humidity,Parameter,存储仓库的湿度控制上限参数,发动机::D8维护保养手册,发动机::D8维护保养手册::chunk_22;发动机::D8维护保养手册::chunk_23,,D8维护保养手册.md
ENT_000649,Volvo Penta Engine_Parameter_Storage Label Information,Parameter,存储标签上需注明的日期、零件号及机油类型等关键信息参数,发动机::D8维护保养手册,发动机::D8维护保养手册::chunk_24,,D8维护保养手册.md
ENT_000650,Volvo Penta Engine_Parameter_Storage Temperature,Parameter,存储仓库的温度控制范围参数,发动机::D8维护保养手册,发动机::D8维护保养手册::chunk_22;发动机::D8维护保养手册::chunk_23,,D8维护保养手册.md
ENT_000651,Volvo Penta Engine_Parameter_Washer Distance,Parameter,高压清洗安全距离参数,发动机::D8维护保养手册,发动机::D8维护保养手册::chunk_25;发动机::D8维护保养手册::chunk_26;发动机::D8维护保养手册::chunk_27;发动机::D8维护保养手册::chunk_28,,D8维护保养手册.md
ENT_000652,Volvo Penta Engine_Parameter_Washer Pressure Limit,Parameter,高压清洗机喷嘴压力限制参数,发动机::D8维护保养手册,发动机::D8维护保养手册::chunk_25;发动机::D8维护保养手册::chunk_26;发动机::D8维护保养手册::chunk_27;发动机::D8维护保养手册::chunk_28,,D8维护保养手册.md
ENT_000653,Volvo Penta Engine_Steering System_Electric Steering Unit_Oil Capacity,Parameter,电动操舵器换油时的标准机油容量约 5 升,发动机::D8维护保养手册,发动机::D8维护保养手册::chunk_21,,D8维护保养手册.md
ENT_000654,Volvo Penta Engine_Steering System_Steering Oil Specification,Parameter,操舵器使用的 ATF/Dextron 机油规格参数,发动机::D8维护保养手册,发动机::D8维护保养手册::chunk_9,,D8维护保养手册.md
ENT_000655,Volvo Penta Engine_Transmission System_Anode Consumption Threshold,Parameter,阳极更换阈值参数 消耗 50%,发动机::D8维护保养手册,发动机::D8维护保养手册::chunk_16,,D8维护保养手册.md
ENT_000656,Volvo Penta Engine_Transmission System_Anode Torque,Parameter,阳极安装紧固扭矩参数 24 Nm,发动机::D8维护保养手册,发动机::D8维护保养手册::chunk_16,,D8维护保养手册.md
ENT_000657,Volvo Penta Engine_Transmission System_Calibration RPM,Parameter,传感器校准时发动机运行转速参数 1000 rpm,发动机::D8维护保养手册,发动机::D8维护保养手册::chunk_16,,D8维护保养手册.md
ENT_000658,Volvo Penta Engine_Transmission System_Dipstick Torque,Parameter,量油尺紧固扭矩参数 10 Nm,发动机::D8维护保养手册,发动机::D8维护保养手册::chunk_16,,D8维护保养手册.md
ENT_000659,Volvo Penta Engine_Transmission System_Drain Plug Torque,Parameter,排油塞安装时的紧固扭矩参数 50 Nm,发动机::D8维护保养手册,发动机::D8维护保养手册::chunk_15,,D8维护保养手册.md
ENT_000660,Volvo Penta Engine_Transmission System_Grease Quantity,Parameter,轴润滑所需的防水润滑脂用量参数,发动机::D8维护保养手册,发动机::D8维护保养手册::chunk_17;发动机::D8维护保养手册::chunk_18;发动机::D8维护保养手册::chunk_19;发动机::D8维护保养手册::chunk_20,,D8维护保养手册.md
ENT_000661,Volvo Penta Engine_Transmission System_Oil Settling Time,Parameter,进行精确油位检查前驱动装置必须停止的时间参数 12 小时,发动机::D8维护保养手册,发动机::D8维护保养手册::chunk_16,,D8维护保养手册.md
ENT_000662,Volvo Penta Engine_Transmission System_Propeller Shaft Grease Specification,Parameter,螺旋桨轴润滑脂的规格参数,发动机::D8维护保养手册,发动机::D8维护保养手册::chunk_9,,D8维护保养手册.md
ENT_000663,Volvo Penta Engine_Transmission System_Sensor Cleaning Torque,Parameter,油质量传感器紧固扭矩参数 35 Nm,发动机::D8维护保养手册,发动机::D8维护保养手册::chunk_16,,D8维护保养手册.md
ENT_000664,Volvo Penta Engine_Transmission System_Transmission Oil,Parameter,传动装置正常运行所需的齿轮润滑剂参数,发动机::D8维护保养手册,发动机::D8维护保养手册::chunk_7;发动机::D8维护保养手册::chunk_8,,D8维护保养手册.md
ENT_000665,发动机安全管理系统_SCR 系统_过滤器紧固扭矩,Parameter,SCR 泵过滤器盖紧固的标准扭矩参数值,发动机::D16维护保养手册,发动机::D16维护保养手册::chunk_12;发动机::D16维护保养手册::chunk_13;发动机::D16维护保养手册::chunk_14;发动机::D16维护保养手册::chunk_15,,D16维护保养手册.md
ENT_000666,发动机安全管理系统_冷却系统_叶轮泵盖紧固扭矩,Parameter,叶轮泵盖安装时的标准紧固扭矩参数,发动机::D16维护保养手册,发动机::D16维护保养手册::chunk_16;发动机::D16维护保养手册::chunk_17;发动机::D16维护保养手册::chunk_18;发动机::D16维护保养手册::chunk_19,,D16维护保养手册.md
ENT_000667,发动机安全管理系统_冷却系统_防冻混合比例,Parameter,寒冷天气下冷却系统应使用百分之四十冷却剂与百分之六十淡水的混合液,发动机::D16维护保养手册,发动机::D16维护保养手册::chunk_24;发动机::D16维护保养手册::chunk_25;发动机::D16维护保养手册::chunk_26;发动机::D16维护保养手册::chunk_27,,D16维护保养手册.md
ENT_000668,发动机安全管理系统_发动机_冷却液容量参数,Parameter,D16 发动机热交换器或散热器冷却型的冷却液容量指标,发动机::D16维护保养手册,发动机::D16维护保养手册::chunk_4,,D16维护保养手册.md
ENT_000669,发动机安全管理系统_发动机_存储温度要求,Parameter,发动机长期储存期间环境温度应保持在 5 至 30 摄氏度之间,发动机::D16维护保养手册,发动机::D16维护保养手册::chunk_24;发动机::D16维护保养手册::chunk_25;发动机::D16维护保养手册::chunk_26;发动机::D16维护保养手册::chunk_27,,D16维护保养手册.md
ENT_000670,发动机安全管理系统_发动机_存储湿度要求,Parameter,发动机储存区域相对湿度应低于百分之四十以防腐蚀,发动机::D16维护保养手册,发动机::D16维护保养手册::chunk_24;发动机::D16维护保养手册::chunk_25;发动机::D16维护保养手册::chunk_26;发动机::D16维护保养手册::chunk_27,,D16维护保养手册.md
ENT_000671,发动机安全管理系统_发动机_机油容量参数,Parameter,D16 系列发动机含过滤器的机油容量技术指标,发动机::D16维护保养手册,发动机::D16维护保养手册::chunk_4,,D16维护保养手册.md
ENT_000672,发动机安全管理系统_发动机_额外冷却剂容量限制,Parameter,船舶 D16MH 散热器最大允许额外冷却剂量的限制参数,发动机::D16维护保养手册,发动机::D16维护保养手册::chunk_4,,D16维护保养手册.md
ENT_000673,发动机安全管理系统_操舵器_机油容量,Parameter,电动操舵器更换机油时的标准加注容量参数,发动机::D16维护保养手册,发动机::D16维护保养手册::chunk_20;发动机::D16维护保养手册::chunk_21;发动机::D16维护保养手册::chunk_22;发动机::D16维护保养手册::chunk_23,,D16维护保养手册.md
ENT_000674,发动机安全管理系统_操舵器_油量参数,Parameter,操舵器所需的 ATF/Dextron 机油容量技术指标,发动机::D16维护保养手册,发动机::D16维护保养手册::chunk_4,,D16维护保养手册.md
ENT_000675,发动机安全管理系统_操舵器_量油尺紧固扭矩,Parameter,电动操舵器量油尺安装时的标准紧固力矩参数,发动机::D16维护保养手册,发动机::D16维护保养手册::chunk_20;发动机::D16维护保养手册::chunk_21;发动机::D16维护保养手册::chunk_22;发动机::D16维护保养手册::chunk_23,,D16维护保养手册.md
ENT_000676,发动机安全管理系统_润滑系统_水含量,Parameter,机油中水分含量的关键监测参数,发动机::D16维护保养手册,发动机::D16维护保养手册::chunk_7,,D16维护保养手册.md
ENT_000677,发动机安全管理系统_润滑系统_燃油含量,Parameter,机油中燃油混入含量的关键监测参数,发动机::D16维护保养手册,发动机::D16维护保养手册::chunk_7,,D16维护保养手册.md
ENT_000678,发动机安全管理系统_润滑系统_金属颗粒物,Parameter,机油中因磨损产生的金属颗粒数量参数,发动机::D16维护保养手册,发动机::D16维护保养手册::chunk_7,,D16维护保养手册.md
ENT_000679,发动机安全管理系统_燃油系统_FAME 含量限制,Parameter,存储期间燃油中生物柴油含量的百分比限制参数,发动机::D16维护保养手册,发动机::D16维护保养手册::chunk_20;发动机::D16维护保养手册::chunk_21;发动机::D16维护保养手册::chunk_22;发动机::D16维护保养手册::chunk_23,,D16维护保养手册.md
ENT_000680,发动机安全管理系统_燃油系统_全负载压降参数,Parameter,过滤器全负载时更换阈值压降参数,发动机::D16维护保养手册,发动机::D16维护保养手册::chunk_11,,D16维护保养手册.md
ENT_000681,发动机安全管理系统_燃油系统_怠速压降参数,Parameter,过滤器怠速时更换阈值压降参数,发动机::D16维护保养手册,发动机::D16维护保养手册::chunk_11,,D16维护保养手册.md
ENT_000682,发动机安全管理系统_电池_端子紧固扭矩,Parameter,电池电缆端子连接时的标准紧固力矩为 6 牛米,发动机::D16维护保养手册,发动机::D16维护保养手册::chunk_24;发动机::D16维护保养手册::chunk_25;发动机::D16维护保养手册::chunk_26;发动机::D16维护保养手册::chunk_27,,D16维护保养手册.md
ENT_000683,发动机安全管理系统_通用紧固扭矩标准,Parameter,M6 至 M16 标准螺栓的紧固扭矩技术参数表,发动机::D16维护保养手册,发动机::D16维护保养手册::chunk_4,,D16维护保养手册.md
ENT_000684,Marine Engine System_RepairMethod_Bleed Fuel System,RepairMethod,更换过滤器或长时间停机后对燃油系统排气的维修操作,发动机::D8操作手册,发动机::D8操作手册::chunk_25,,D8操作手册.md
ENT_000685,Marine Engine System_RepairMethod_Calibrate Drive Unit Direct,RepairMethod,执行驱动装置直接校准的维修操作步骤,发动机::D8操作手册,发动机::D8操作手册::chunk_30,,D8操作手册.md
ENT_000686,Marine Engine System_RepairMethod_Calibrate Fuel Tank,RepairMethod,通过多点或满箱校正程序重置燃油油位传感器读数的维修方法,发动机::D8操作手册,发动机::D8操作手册::chunk_29,,D8操作手册.md
ENT_000687,Marine Engine System_RepairMethod_Calibrate Joystick Docking,RepairMethod,执行操纵杆入坞模式校准的具体维修操作步骤,发动机::D8操作手册,发动机::D8操作手册::chunk_30,,D8操作手册.md
ENT_000688,Marine Engine System_RepairMethod_Charge Battery,RepairMethod,对电池进行定期充电维护,发动机::D8操作手册,发动机::D8操作手册::chunk_28,,D8操作手册.md
ENT_000689,Marine Engine System_RepairMethod_Check Coolant Level,RepairMethod,起动发动机前检查和填充冷却剂液位的维护方法,发动机::D8操作手册,发动机::D8操作手册::chunk_30,,D8操作手册.md
ENT_000690,Marine Engine System_RepairMethod_Check Gear Oil Level,RepairMethod,检查倒档齿轮箱油位是否在标记间,发动机::D8操作手册,发动机::D8操作手册::chunk_28,,D8操作手册.md
ENT_000691,Marine Engine System_RepairMethod_Clean Battery Terminals,RepairMethod,清除电池电极氧化物并润滑终端,发动机::D8操作手册,发动机::D8操作手册::chunk_28,,D8操作手册.md
ENT_000692,Marine Engine System_RepairMethod_Clean Fire Hazard,RepairMethod,清除发动机室内积聚的燃油、机油和油脂,发动机::D8操作手册,发动机::D8操作手册::chunk_24,,D8操作手册.md
ENT_000693,Marine Engine System_RepairMethod_Clean Sea Water Filter,RepairMethod,清洁海水过滤器塞子和密封板,发动机::D8操作手册,发动机::D8操作手册::chunk_28,,D8操作手册.md
ENT_000694,Marine Engine System_RepairMethod_Drain Water Separator,RepairMethod,打开旋塞排出聚水器中水和污染物的维护操作,发动机::D8操作手册,发动机::D8操作手册::chunk_25,,D8操作手册.md
ENT_000695,Marine Engine System_RepairMethod_Flush Fuel Tank,RepairMethod,闲置超过 4 周后冲洗燃油箱和系统,发动机::D8操作手册,发动机::D8操作手册::chunk_31,,D8操作手册.md
ENT_000696,Marine Engine System_RepairMethod_Manage Keys,RepairMethod,在系统中添加、移除或检查电子钥匙授权的管理操作,发动机::D8操作手册,发动机::D8操作手册::chunk_29,,D8操作手册.md
ENT_000697,Marine Engine System_RepairMethod_Mix Coolant With Distilled Water,RepairMethod,将冷却剂与蒸馏去离子水混合的维修处理方法,发动机::D8操作手册,发动机::D8操作手册::chunk_26;发动机::D8操作手册::chunk_27,,D8操作手册.md
ENT_000698,Marine Engine System_RepairMethod_Release Pressure Before Cap Removal,RepairMethod,移除冷却剂盖前小心释放系统压力的维修步骤,发动机::D8操作手册,发动机::D8操作手册::chunk_26;发动机::D8操作手册::chunk_27,,D8操作手册.md
ENT_000699,Marine Engine System_RepairMethod_Replace Drive Belt,RepairMethod,更换磨损或破裂的传动皮带,发动机::D8操作手册,发动机::D8操作手册::chunk_24,,D8操作手册.md
ENT_000700,Marine Engine System_RepairMethod_Replace Fuel Hoses Seals,RepairMethod,转换燃料类型时更换软管和密封件,发动机::D8操作手册,发动机::D8操作手册::chunk_31,,D8操作手册.md
ENT_000701,Marine Engine System_RepairMethod_Replace Impeller,RepairMethod,更换海水泵损坏叶轮的操作,发动机::D8操作手册,发动机::D8操作手册::chunk_28,,D8操作手册.md
ENT_000702,RepairMethod_Adjust Friction Brake,RepairMethod,通过顺时针或逆时针转动螺丝调整控制杆摩擦制动器以改变移动阻力,发动机::D8操作手册,发动机::D8操作手册::chunk_15,,D8操作手册.md
ENT_000703,RepairMethod_Adjust Speed Factor,RepairMethod,调整速度系数以校正速度计显示值的维修方法,发动机::D8操作手册,发动机::D8操作手册::chunk_12,,D8操作手册.md
ENT_000704,RepairMethod_Calibrate System,RepairMethod,校准系统方法，用于校正速度因子、深度和燃油箱数据,发动机::D8操作手册,发动机::D8操作手册::chunk_13,,D8操作手册.md
ENT_000705,RepairMethod_Lockout And Tagout,RepairMethod,通过关闭电源并锁止主开关进行维修隔离的方法,发动机::D8操作手册,发动机::D8操作手册::chunk_0,,D8操作手册.md
ENT_000706,RepairMethod_Proper Waste Disposal,RepairMethod,将废油、过滤器等有害废物送至核准设施处理的方法,发动机::D8操作手册,发动机::D8操作手册::chunk_0,,D8操作手册.md
ENT_000707,RepairMethod_Qualified Workshop Repair,RepairMethod,由合格车间对喷射泵和喷油器进行维修,发动机::D8操作手册,发动机::D8操作手册::chunk_10;发动机::D8操作手册::chunk_11;发动机::D8操作手册::chunk_8;发动机::D8操作手册::chunk_9,,D8操作手册.md
ENT_000708,RepairMethod_Replace Instrument,RepairMethod,更换仪表方法，通过菜单选择更换前一个仪表,发动机::D8操作手册,发动机::D8操作手册::chunk_13,,D8操作手册.md
ENT_000709,RepairMethod_Reset Battery Sensor,RepairMethod,更换电池或传感器后重置电流值的维修操作,发动机::D8操作手册,发动机::D8操作手册::chunk_18,,D8操作手册.md
ENT_000710,RepairMethod_Reset Trip Computer,RepairMethod,重置行程计算机所有参数的维修操作,发动机::D8操作手册,发动机::D8操作手册::chunk_12,,D8操作手册.md
ENT_000711,RepairMethod_Software Update,RepairMethod,通过更新软件来修复或影响发动机控制功能的方法,发动机::D8操作手册,发动机::D8操作手册::chunk_7,,D8操作手册.md
ENT_000712,RepairMethod_Stop Engine Via Auxiliary Device,RepairMethod,在正常程序失效时使用辅助装置紧急停机,发动机::D8操作手册,发动机::D8操作手册::chunk_22,,D8操作手册.md
ENT_000713,RepairMethod_Stop Engine Via Electronic Key Panel,RepairMethod,通过电子钥匙面板执行停机及点火关闭流程,发动机::D8操作手册,发动机::D8操作手册::chunk_22,,D8操作手册.md
ENT_000714,RepairMethod_Stop Engine Via Start Stop Panel,RepairMethod,通过起动停止面板执行正常停机操作流程,发动机::D8操作手册,发动机::D8操作手册::chunk_22,,D8操作手册.md
ENT_000715,RepairMethod_Use Screen Cover,RepairMethod,使用保护盖防止屏幕损坏的维护措施,发动机::D8操作手册,发动机::D8操作手册::chunk_12,,D8操作手册.md
ENT_000716,RepairMethod_Warm Up Engine,RepairMethod,在低负载下使发动机暖机至正常工作温度的操作方法,发动机::D8操作手册,发动机::D8操作手册::chunk_21,,D8操作手册.md
ENT_000717,Volvo Penta Engine_Cooling System_Charge Air Cooler Cleaning,RepairMethod,拆卸并清洁增压空气冷却器及更换垫片,发动机::D8维护保养手册,发动机::D8维护保养手册::chunk_14,,D8维护保养手册.md
ENT_000718,Volvo Penta Engine_Lubrication System_Oil And Filter Replacement,RepairMethod,更换发动机机油和过滤器的维修方法，包含扭矩要求；拆卸旧机油过滤器并安装新过滤器的维修方法,发动机::D8维护保养手册,发动机::D8维护保养手册::chunk_12;发动机::D8维护保养手册::chunk_16,,D8维护保养手册.md
ENT_000719,Volvo Penta Engine_Maintenance_Alternator Drying,RepairMethod,交流发电机进水后干燥处理,发动机::D8维护保养手册,发动机::D8维护保养手册::chunk_25;发动机::D8维护保养手册::chunk_26;发动机::D8维护保养手册::chunk_27;发动机::D8维护保养手册::chunk_28,,D8维护保养手册.md
ENT_000720,Volvo Penta Engine_Maintenance_Battery Replacement Procedure,RepairMethod,更换电池时的拆装步骤及扭矩规范操作流程,发动机::D8维护保养手册,发动机::D8维护保养手册::chunk_29;发动机::D8维护保养手册::chunk_30,,D8维护保养手册.md
ENT_000721,Volvo Penta Engine_Maintenance_Battery Terminal Cleaning,RepairMethod,使用铜刷清除电池电极氧化物并润滑端子的维护方法,发动机::D8维护保养手册,发动机::D8维护保养手册::chunk_29;发动机::D8维护保养手册::chunk_30,,D8维护保养手册.md
ENT_000722,Volvo Penta Engine_Maintenance_Engine Room Cleaning,RepairMethod,发动机舱清洁维护程序,发动机::D8维护保养手册,发动机::D8维护保养手册::chunk_25;发动机::D8维护保养手册::chunk_26;发动机::D8维护保养手册::chunk_27;发动机::D8维护保养手册::chunk_28,,D8维护保养手册.md
ENT_000723,Volvo Penta Engine_Maintenance_High Pressure Washing,RepairMethod,高压清洗维护方法,发动机::D8维护保养手册,发动机::D8维护保养手册::chunk_25;发动机::D8维护保养手册::chunk_26;发动机::D8维护保养手册::chunk_27;发动机::D8维护保养手册::chunk_28,,D8维护保养手册.md
ENT_000724,Volvo Penta Engine_Maintenance_Long Term Storage Preparation,RepairMethod,长期存储前的发动机保护与保养操作流程,发动机::D8维护保养手册,发动机::D8维护保养手册::chunk_22;发动机::D8维护保养手册::chunk_23,,D8维护保养手册.md
ENT_000725,Volvo Penta Engine_Maintenance_Post Storage Start Procedure,RepairMethod,长期存储后恢复使用前的起动与检查流程,发动机::D8维护保养手册,发动机::D8维护保养手册::chunk_22;发动机::D8维护保养手册::chunk_23,,D8维护保养手册.md
ENT_000726,Volvo Penta Engine_Maintenance_Storage Periodic Engine Start,RepairMethod,长期存储期间每六个月起动发动机暖机的维护程序,发动机::D8维护保养手册,发动机::D8维护保养手册::chunk_29;发动机::D8维护保养手册::chunk_30,,D8维护保养手册.md
ENT_000727,Volvo Penta Engine_Repair_Air Filter Replacement,RepairMethod,空气过滤器更换步骤，旧件不可清洁,发动机::D8维护保养手册,发动机::D8维护保养手册::chunk_10;发动机::D8维护保养手册::chunk_11,,D8维护保养手册.md
ENT_000728,Volvo Penta Engine_Repair_Engine Block Replacement,RepairMethod,当气缸测量不合格或缸套不可更换时更换发动机缸体的操作,发动机::D8维护保养手册,发动机::D8维护保养手册::chunk_6,,D8维护保养手册.md
ENT_000729,Volvo Penta Engine_Repair_Engine Lifting Procedure,RepairMethod,使用提升设备拆卸大型部件的维修操作程序,发动机::D8维护保养手册,发动机::D8维护保养手册::chunk_4;发动机::D8维护保养手册::chunk_5,,D8维护保养手册.md
ENT_000730,Volvo Penta Engine_Repair_Fuel Pipe Replacement,RepairMethod,损坏燃油高压管路的更换维修方法,发动机::D8维护保养手册,发动机::D8维护保养手册::chunk_4;发动机::D8维护保养手册::chunk_5,,D8维护保养手册.md
ENT_000731,Volvo Penta Engine_Repair_Piston Installation,RepairMethod,在气缸测量合格后安装新活塞的维修操作,发动机::D8维护保养手册,发动机::D8维护保养手册::chunk_6,,D8维护保养手册.md
ENT_000732,Volvo Penta Engine_Repair_Post Use Leak And Function Check,RepairMethod,发动机使用后的泄漏与功能检查维修程序,发动机::D8维护保养手册,发动机::D8维护保养手册::chunk_4;发动机::D8维护保养手册::chunk_5,,D8维护保养手册.md
ENT_000733,Volvo Penta Engine_Steering System_Electric Steering Unit_Oil Change,RepairMethod,按照维护计划周期从油尺孔抽出并更换电动操舵器机油,发动机::D8维护保养手册,发动机::D8维护保养手册::chunk_21,,D8维护保养手册.md
ENT_000734,Volvo Penta Engine_Transmission System_Anode Replacement,RepairMethod,当阳极消耗 50% 时进行更换并激活表面；当阳极消耗 50% 时更换新阳极的维修方法,发动机::D8维护保养手册,发动机::D8维护保养手册::chunk_14;发动机::D8维护保养手册::chunk_16,,D8维护保养手册.md
ENT_000735,Volvo Penta Engine_Transmission System_Clamping Ring Cleaning,RepairMethod,清洁夹紧环表面氧化和碎屑的维修处理,发动机::D8维护保养手册,发动机::D8维护保养手册::chunk_15,,D8维护保养手册.md
ENT_000736,Volvo Penta Engine_Transmission System_Exhaust Gasket Replacement,RepairMethod,更换损坏的排气衬垫的维修处理,发动机::D8维护保养手册,发动机::D8维护保养手册::chunk_15,,D8维护保养手册.md
ENT_000737,Volvo Penta Engine_Transmission System_IPS Drive Painting,RepairMethod,给 IPS 传动装置涂抹防污涂料的维护方法,发动机::D8维护保养手册,发动机::D8维护保养手册::chunk_16,,D8维护保养手册.md
ENT_000738,Volvo Penta Engine_Transmission System_Oil And Filter Maintenance,RepairMethod,变速箱机油与过滤器的联合更换维护程序,发动机::D8维护保养手册,发动机::D8维护保养手册::chunk_17;发动机::D8维护保养手册::chunk_18;发动机::D8维护保养手册::chunk_19;发动机::D8维护保养手册::chunk_20,,D8维护保养手册.md
ENT_000739,Volvo Penta Engine_Transmission System_Oil Quality Sensor Calibration,RepairMethod,更换机油后对油质量传感器进行重新校准的程序,发动机::D8维护保养手册,发动机::D8维护保养手册::chunk_16,,D8维护保养手册.md
ENT_000740,Volvo Penta Engine_Transmission System_Oil Quality Sensor Cleaning,RepairMethod,拆卸并使用清洁剂清洁油质量传感器的维修方法,发动机::D8维护保养手册,发动机::D8维护保养手册::chunk_16,,D8维护保养手册.md
ENT_000741,Volvo Penta Engine_Transmission System_Overhaul,RepairMethod,对发动机进行全面拆解、检查、修复或更换核心部件的维修过程；传动装置的全面大修维修方法,发动机::D8维护保养手册,发动机::D8维护保养手册::chunk_6;发动机::D8维护保养手册::chunk_7;发动机::D8维护保养手册::chunk_8,,D8维护保养手册.md
ENT_000742,Volvo Penta Engine_Transmission System_Propeller Shaft Seal Replacement,RepairMethod,更换螺旋桨轴密封件的维修项目,发动机::D8维护保养手册,发动机::D8维护保养手册::chunk_16,,D8维护保养手册.md
ENT_000743,Volvo Penta Engine_Transmission System_Shaft Lubrication,RepairMethod,对螺旋桨轴进行润滑脂润滑的维护操作,发动机::D8维护保养手册,发动机::D8维护保养手册::chunk_17;发动机::D8维护保养手册::chunk_18;发动机::D8维护保养手册::chunk_19;发动机::D8维护保养手册::chunk_20,,D8维护保养手册.md
ENT_000744,Volvo Penta Engine_Transmission System_Stuffing Box Replacement,RepairMethod,更换轴填料函密封件的维修方法,发动机::D8维护保养手册,发动机::D8维护保养手册::chunk_17;发动机::D8维护保养手册::chunk_18;发动机::D8维护保养手册::chunk_19;发动机::D8维护保养手册::chunk_20,,D8维护保养手册.md
ENT_000745,Volvo Penta Engine_Transmission System_Transmission Oil Change,RepairMethod,变速箱变速器油的更换作业流程,发动机::D8维护保养手册,发动机::D8维护保养手册::chunk_15,,D8维护保养手册.md
ENT_000746,Volvo Penta Engine_Transmission System_Unit Replacement,RepairMethod,传动装置整体更换的维修处理方法,发动机::D8维护保养手册,发动机::D8维护保养手册::chunk_7;发动机::D8维护保养手册::chunk_8,,D8维护保养手册.md
ENT_000747,发动机安全管理系统_SCR 系统_更换泵过滤器,RepairMethod,针对 SCR 系统泵装置过滤器的拆卸与安装维修操作,发动机::D16维护保养手册,发动机::D16维护保养手册::chunk_12;发动机::D16维护保养手册::chunk_13;发动机::D16维护保养手册::chunk_14;发动机::D16维护保养手册::chunk_15,,D16维护保养手册.md
ENT_000748,发动机安全管理系统_传动装置_更换倒档机油,RepairMethod,排出旧机油并加注新机油至量油尺标记间的维护操作,发动机::D16维护保养手册,发动机::D16维护保养手册::chunk_20;发动机::D16维护保养手册::chunk_21;发动机::D16维护保养手册::chunk_22;发动机::D16维护保养手册::chunk_23,,D16维护保养手册.md
ENT_000749,发动机安全管理系统_传动装置_更换倒档过滤器,RepairMethod,拆卸旧机油过滤器并安装新过滤器的维护操作,发动机::D16维护保养手册,发动机::D16维护保养手册::chunk_20;发动机::D16维护保养手册::chunk_21;发动机::D16维护保养手册::chunk_22;发动机::D16维护保养手册::chunk_23,,D16维护保养手册.md
ENT_000750,发动机安全管理系统_传动装置_真空泵清洁,RepairMethod,切断软管、擦拭泵体、O 型圈涂硅脂及压缩空气清洁的维护流程,发动机::D16维护保养手册,发动机::D16维护保养手册::chunk_8,,D16维护保养手册.md
ENT_000751,发动机安全管理系统_冷却系统_加满冷却剂,RepairMethod,向冷却系统膨胀箱注满符合规格冷却剂的维修操作；冷却系统液位检查并加注冷却剂的维护方法；打开排水点排出发动机及冷却系统旧冷却剂的操作；使用淡水冲洗冷却系统以去除沉积物和碎屑的操作,发动机::D16维护保养手册,发动机::D16维护保养手册::chunk_12;发动机::D16维护保养手册::chunk_13;发动机::D16维护保养手册::chunk_14;发动机::D16维护保养手册::chunk_15;发动机::D16维护保养手册::chunk_16;发动机::D16维护保养手册::chunk_17;发动机::D16维护保养手册::chunk_18;发动机::D16维护保养手册::chunk_19,,D16维护保养手册.md
ENT_000752,发动机安全管理系统_冷却系统_拆卸叶轮储存,RepairMethod,海水泵叶轮的拆卸检查与更换维修操作；从海水过滤泵拆下叶轮并密封冷藏的存储保护措施,发动机::D16维护保养手册,发动机::D16维护保养手册::chunk_16;发动机::D16维护保养手册::chunk_17;发动机::D16维护保养手册::chunk_18;发动机::D16维护保养手册::chunk_19;发动机::D16维护保养手册::chunk_20;发动机::D16维护保养手册::chunk_21;发动机::D16维护保养手册::chunk_22;发动机::D16维护保养手册::chunk_23,,D16维护保养手册.md
ENT_000753,发动机安全管理系统_冷却系统_排放残余海水,RepairMethod,存储前排放热交换器及软管中残余海水的防冻操作,发动机::D16维护保养手册,发动机::D16维护保养手册::chunk_20;发动机::D16维护保养手册::chunk_21;发动机::D16维护保养手册::chunk_22;发动机::D16维护保养手册::chunk_23,,D16维护保养手册.md
ENT_000754,发动机安全管理系统_冷却系统_更换阳极,RepairMethod,检查锌阳极尺寸并更换磨损超过一半的阳极部件,发动机::D16维护保养手册,发动机::D16维护保养手册::chunk_20;发动机::D16维护保养手册::chunk_21;发动机::D16维护保养手册::chunk_22;发动机::D16维护保养手册::chunk_23,,D16维护保养手册.md
ENT_000755,发动机安全管理系统_冷却系统_清洁海水过滤器,RepairMethod,关闭通海旋塞后拆卸滤芯清洁并重新安装的维护操作,发动机::D16维护保养手册,发动机::D16维护保养手册::chunk_20;发动机::D16维护保养手册::chunk_21;发动机::D16维护保养手册::chunk_22;发动机::D16维护保养手册::chunk_23,,D16维护保养手册.md
ENT_000756,发动机安全管理系统_发动机_交流发电机_吹干处理,RepairMethod,交流发电机进水后使用压缩空气吹干并检查充电功能,发动机::D16维护保养手册,发动机::D16维护保养手册::chunk_24;发动机::D16维护保养手册::chunk_25;发动机::D16维护保养手册::chunk_26;发动机::D16维护保养手册::chunk_27,,D16维护保养手册.md
ENT_000757,发动机安全管理系统_发动机_更换传动皮带,RepairMethod,针对发动机传动皮带损坏或破裂的更换维修操作,发动机::D16维护保养手册,发动机::D16维护保养手册::chunk_16;发动机::D16维护保养手册::chunk_17;发动机::D16维护保养手册::chunk_18;发动机::D16维护保养手册::chunk_19,,D16维护保养手册.md
ENT_000758,发动机安全管理系统_发动机_涡轮增压器更换,RepairMethod,涡轮增压器整体更换维修方法,发动机::D16维护保养手册,发动机::D16维护保养手册::chunk_11,,D16维护保养手册.md
ENT_000759,发动机安全管理系统_发动机_清洁发动机舱,RepairMethod,定期清洁发动机及机舱以降低过热和磨损风险并检查泄漏,发动机::D16维护保养手册,发动机::D16维护保养手册::chunk_24;发动机::D16维护保养手册::chunk_25;发动机::D16维护保养手册::chunk_26;发动机::D16维护保养手册::chunk_27,,D16维护保养手册.md
ENT_000760,发动机安全管理系统_发动机_长期存储维护,RepairMethod,针对两个月以上停用期的防冻防腐及电池保护措施,发动机::D16维护保养手册,发动机::D16维护保养手册::chunk_20;发动机::D16维护保养手册::chunk_21;发动机::D16维护保养手册::chunk_22;发动机::D16维护保养手册::chunk_23,,D16维护保养手册.md
ENT_000761,发动机安全管理系统_排气系统_损坏件更换,RepairMethod,排气系统泄漏损坏件更换方法,发动机::D16维护保养手册,发动机::D16维护保养手册::chunk_11,,D16维护保养手册.md
ENT_000762,发动机安全管理系统_操舵器_更换机油,RepairMethod,从量油尺孔抽出旧油并加注约 5 升新机油的操作,发动机::D16维护保养手册,发动机::D16维护保养手册::chunk_20;发动机::D16维护保养手册::chunk_21;发动机::D16维护保养手册::chunk_22;发动机::D16维护保养手册::chunk_23,,D16维护保养手册.md
ENT_000763,发动机安全管理系统_润滑系统_机油补充,RepairMethod,当检查发现油位不足时按技术参数要求加满机油,发动机::D16维护保养手册,发动机::D16维护保养手册::chunk_6,,D16维护保养手册.md
ENT_000764,发动机安全管理系统_润滑系统_过滤器安装润滑,RepairMethod,安装新过滤器前使用发动机机油润滑过滤器衬垫,发动机::D16维护保养手册,发动机::D16维护保养手册::chunk_6,,D16维护保养手册.md
ENT_000765,发动机安全管理系统_润滑系统_过滤器拧紧,RepairMethod,按照过滤器说明要求拧紧过滤器以确保密封,发动机::D16维护保养手册,发动机::D16维护保养手册::chunk_6,,D16维护保养手册.md
ENT_000766,发动机安全管理系统_燃油系统_双联过滤器切换,RepairMethod,双联过滤器运行中切换隔离方法,发动机::D16维护保养手册,发动机::D16维护保养手册::chunk_11,,D16维护保养手册.md
ENT_000767,发动机安全管理系统_燃油系统_过滤器排气,RepairMethod,通过泄放螺丝和旋塞连接软管排出过滤器内空气的维修操作；燃油过滤器拆卸与安装维修方法；燃油系统高压排气操作流程,发动机::D16维护保养手册,发动机::D16维护保养手册::chunk_10;发动机::D16维护保养手册::chunk_11,,D16维护保养手册.md
ENT_000768,发动机安全管理系统_电池_清洁端子,RepairMethod,使用铜刷清除电池电极和终端上的氧化物并涂抹润滑油,发动机::D16维护保养手册,发动机::D16维护保养手册::chunk_24;发动机::D16维护保养手册::chunk_25;发动机::D16维护保养手册::chunk_26;发动机::D16维护保养手册::chunk_27,,D16维护保养手册.md
ENT_000769,发动机安全管理系统_预防性保养,RepairMethod,基于分析结果规划的预防性维护措施,发动机::D16维护保养手册,发动机::D16维护保养手册::chunk_7,,D16维护保养手册.md
ENT_000770,警告标贴维护,RepairMethod,更换损坏或被涂料覆盖的警告和信息标贴以保持清晰可见,发动机::D8维护保养手册,发动机::D8维护保养手册::chunk_0;发动机::D8维护保养手册::chunk_1;发动机::D8维护保养手册::chunk_2;发动机::D8维护保养手册::chunk_3,,D8维护保养手册.md
ENT_000771,Marine Engine System_SafetyNote_Authorized Service for Fuel Calibration,SafetyNote,燃油箱体积和报警等级设置必须由授权维修站执行的安全禁忌,发动机::D8操作手册,发动机::D8操作手册::chunk_29,,D8操作手册.md
ENT_000772,Marine Engine System_SafetyNote_Battery Acid Corrosion,SafetyNote,电池电解液具有腐蚀性需小心处理,发动机::D8操作手册,发动机::D8操作手册::chunk_28,,D8操作手册.md
ENT_000773,Marine Engine System_SafetyNote_Battery Ventilation,SafetyNote,电池工作前需对发动机舱通风,发动机::D8操作手册,发动机::D8操作手册::chunk_28,,D8操作手册.md
ENT_000774,Marine Engine System_SafetyNote_Close Sea Cock Before Operation,SafetyNote,操作海水系统前必须关闭通海旋塞,发动机::D8操作手册,发动机::D8操作手册::chunk_28,,D8操作手册.md
ENT_000775,Marine Engine System_SafetyNote_Engine Cooled Before Fuel Work,SafetyNote,对燃料系统操作前确保发动机已冷却的防火要求,发动机::D8操作手册,发动机::D8操作手册::chunk_25,,D8操作手册.md
ENT_000776,Marine Engine System_SafetyNote_Engine Horizontal For Oil Check,SafetyNote,检查油位时必须将发动机置于水平位置的安全要求,发动机::D8操作手册,发动机::D8操作手册::chunk_25,,D8操作手册.md
ENT_000777,Marine Engine System_SafetyNote_Fix Leak Before Start,SafetyNote,检测到泄漏时在起动发动机前必须调查原因并纠正,发动机::D8操作手册,发动机::D8操作手册::chunk_24,,D8操作手册.md
ENT_000778,Marine Engine System_SafetyNote_Fuel Level Limit for Calibration,SafetyNote,进行多点校准时燃油不得超过总容量 20% 的操作限制,发动机::D8操作手册,发动机::D8操作手册::chunk_29,,D8操作手册.md
ENT_000779,Marine Engine System_SafetyNote_Fuel Rag Fire Hazard,SafetyNote,存放浸有燃油抹布时防止自燃的安全警示,发动机::D8操作手册,发动机::D8操作手册::chunk_25,,D8操作手册.md
ENT_000780,Marine Engine System_SafetyNote_Fuel Spill Clean,SafetyNote,立即清除油漆表面生物柴油以防损坏,发动机::D8操作手册,发动机::D8操作手册::chunk_31,,D8操作手册.md
ENT_000781,Marine Engine System_SafetyNote_Ignition Off Calibration Confirm,SafetyNote,校准完成后必须关闭点火开关至少 15 分钟以确认,发动机::D8操作手册,发动机::D8操作手册::chunk_30,,D8操作手册.md
ENT_000782,Marine Engine System_SafetyNote_Joystick Calibration Weather,SafetyNote,操纵杆校准需在开阔水域且避免大风湍流环境,发动机::D8操作手册,发动机::D8操作手册::chunk_30,,D8操作手册.md
ENT_000783,Marine Engine System_SafetyNote_Long Idle Fuel Type,SafetyNote,停机时间较长的发动机禁止使用高 FAME 燃料,发动机::D8操作手册,发动机::D8操作手册::chunk_31,,D8操作手册.md
ENT_000784,Marine Engine System_SafetyNote_Minimum One Key Required,SafetyNote,系统中必须至少保留一个已注册钥匙以防无法启动的安全要求,发动机::D8操作手册,发动机::D8操作手册::chunk_29,,D8操作手册.md
ENT_000785,Marine Engine System_SafetyNote_No Disconnect While Running,SafetyNote,发动机运行时禁止断开主开关电流,发动机::D8操作手册,发动机::D8操作手册::chunk_28,,D8操作手册.md
ENT_000786,Marine Engine System_SafetyNote_No High Pressure Wash,SafetyNote,切勿将高压清洗器喷流引导至密封件或电气部件,发动机::D8操作手册,发动机::D8操作手册::chunk_24,,D8操作手册.md
ENT_000787,Marine Engine System_SafetyNote_No Open Cap When Hot,SafetyNote,禁止在发动机高温时打开冷却剂填充盖的安全警告,发动机::D8操作手册,发动机::D8操作手册::chunk_26;发动机::D8操作手册::chunk_27,,D8操作手册.md
ENT_000788,Marine Engine System_SafetyNote_No Overfill Oil,SafetyNote,加注机油时切勿超过量油尺最大限制的禁忌,发动机::D8操作手册,发动机::D8操作手册::chunk_25,,D8操作手册.md
ENT_000789,Marine Engine System_SafetyNote_No Pure Water Coolant,SafetyNote,禁止在发动机中只使用水或防腐剂作为冷却剂的禁忌,发动机::D8操作手册,发动机::D8操作手册::chunk_25,,D8操作手册.md
ENT_000790,Marine Engine System_SafetyNote_Release Pressure Before Opening,SafetyNote,打开冷却液加注口盖前必须先释放压力的安全操作,发动机::D8操作手册,发动机::D8操作手册::chunk_26;发动机::D8操作手册::chunk_27,,D8操作手册.md
ENT_000791,Marine Engine System_SafetyNote_Stop Engine Before Maintenance,SafetyNote,进行任何维护工作前必须停止发动机,发动机::D8操作手册,发动机::D8操作手册::chunk_24,,D8操作手册.md
ENT_000792,Marine Engine System_SafetyNote_Use Distilled Water For Mixing,SafetyNote,冷却剂混合必须使用蒸馏去离子水的安全要求,发动机::D8操作手册,发动机::D8操作手册::chunk_26;发动机::D8操作手册::chunk_27,,D8操作手册.md
ENT_000793,Marine Engine System_SafetyNote_Use OAT Coolant,SafetyNote,必须全年使用有机酸技术冷却剂以防腐蚀的要求,发动机::D8操作手册,发动机::D8操作手册::chunk_25,,D8操作手册.md
ENT_000794,SafetyNote_ACP Chlorine Gas,SafetyNote,主动防腐蚀系统工作时释放少量氯气的安全警示,发动机::D8操作手册,发动机::D8操作手册::chunk_18,,D8操作手册.md
ENT_000795,SafetyNote_ACP Freshwater Mode,SafetyNote,ACP 淡水模式设置，低腐蚀环境避免假警报的功能状态建议,发动机::D8操作手册,发动机::D8操作手册::chunk_19,,D8操作手册.md
ENT_000796,SafetyNote_BCM Remote Disable,SafetyNote,电气作业前禁用电池管理断路器远程控制的安全要求,发动机::D8操作手册,发动机::D8操作手册::chunk_18,,D8操作手册.md
ENT_000797,SafetyNote_Beach Mode RPM Limit,SafetyNote,海滩模式转速限制，最高允许 1500 rpm 以防损坏,发动机::D8操作手册,发动机::D8操作手册::chunk_14,,D8操作手册.md
ENT_000798,SafetyNote_Check Water For Swimmers,SafetyNote,行驶前检查水中无人以避免螺旋桨伤害,发动机::D8操作手册,发动机::D8操作手册::chunk_7,,D8操作手册.md
ENT_000799,SafetyNote_Chemical Health Protection,SafetyNote,针对机油、溶剂等化学品接触健康的防护警示,发动机::D8操作手册,发动机::D8操作手册::chunk_0,,D8操作手册.md
ENT_000800,SafetyNote_Close Sea Cock Before Cooling Work,SafetyNote,冷却系统工作前关闭海水龙头和安全阀，启动前打开,发动机::D8操作手册,发动机::D8操作手册::chunk_1;发动机::D8操作手册::chunk_2;发动机::D8操作手册::chunk_3;发动机::D8操作手册::chunk_4,,D8操作手册.md
ENT_000801,SafetyNote_Cold Start Procedure,SafetyNote,寒冷天气下按住起动按钮超过默认盘车时间的操作规范,发动机::D8操作手册,发动机::D8操作手册::chunk_20,,D8操作手册.md
ENT_000802,SafetyNote_Cool Down Before Cooling System Work,SafetyNote,操作冷却系统前需停止发动机并等待其冷却以防灼伤,发动机::D8操作手册,发动机::D8操作手册::chunk_1;发动机::D8操作手册::chunk_2;发动机::D8操作手册::chunk_3;发动机::D8操作手册::chunk_4,,D8操作手册.md
ENT_000803,SafetyNote_Cooling Inlet Immersion,SafetyNote,冷却入口浸没要求，确保冷却剂入口在水面下,发动机::D8操作手册,发动机::D8操作手册::chunk_14,,D8操作手册.md
ENT_000804,SafetyNote_Correct Battery Polarity Connection,SafetyNote,确保电池正负极电缆正确连接以防设备损坏,发动机::D8操作手册,发动机::D8操作手册::chunk_5;发动机::D8操作手册::chunk_6,,D8操作手册.md
ENT_000805,SafetyNote_Correct Coolant Mixture,SafetyNote,务必使用合适且正确混合的冷却剂,发动机::D8操作手册,发动机::D8操作手册::chunk_10;发动机::D8操作手册::chunk_11;发动机::D8操作手册::chunk_8;发动机::D8操作手册::chunk_9,,D8操作手册.md
ENT_000806,SafetyNote_Cruise Control Speed Stability,SafetyNote,激活巡航控制前务必确保速度稳定，且速度至少达到 3 节,发动机::D8操作手册,发动机::D8操作手册::chunk_15,,D8操作手册.md
ENT_000807,SafetyNote_DPS Distance Requirement,SafetyNote,DPS 运行时与任何物体保持至少两个船长距离,发动机::D8操作手册,发动机::D8操作手册::chunk_17,,D8操作手册.md
ENT_000808,SafetyNote_DPS Electromagnetic Interference,SafetyNote,远离无线电发射机避免强电磁信号干扰,发动机::D8操作手册,发动机::D8操作手册::chunk_17,,D8操作手册.md
ENT_000809,SafetyNote_DPS Personnel Safety,SafetyNote,DPS 激活前检查确认水中无人以防人身伤害,发动机::D8操作手册,发动机::D8操作手册::chunk_17,,D8操作手册.md
ENT_000810,SafetyNote_Dark Station Mode Warning,SafetyNote,暗站模式警告，启用后不会显示或听到错误消息,发动机::D8操作手册,发动机::D8操作手册::chunk_13,,D8操作手册.md
ENT_000811,SafetyNote_Disconnect Control Units Before Welding,SafetyNote,进行电焊接工作前必须断开所有控制单元连接以防损坏,发动机::D8操作手册,发动机::D8操作手册::chunk_1;发动机::D8操作手册::chunk_2;发动机::D8操作手册::chunk_3;发动机::D8操作手册::chunk_4,,D8操作手册.md
ENT_000812,SafetyNote_Do Not Bend High Pressure Fuel Pipes,SafetyNote,严禁弯曲或拉直燃油高压管以预防开裂,发动机::D8操作手册,发动机::D8操作手册::chunk_5;发动机::D8操作手册::chunk_6,,D8操作手册.md
ENT_000813,SafetyNote_Do Not Start With Valve Cover Removed,SafetyNote,切勿在气门室盖拆下或附近有爆炸性材料时起动发动机,发动机::D8操作手册,发动机::D8操作手册::chunk_1;发动机::D8操作手册::chunk_2;发动机::D8操作手册::chunk_3;发动机::D8操作手册::chunk_4,,D8操作手册.md
ENT_000814,SafetyNote_Docking Mode Conditions,SafetyNote,激活停靠功能必须满足发动机运转、控制杆空档、舵站激活及操纵杆居中,发动机::D8操作手册,发动机::D8操作手册::chunk_15,,D8操作手册.md
ENT_000815,SafetyNote_Emergency Stop Joystick,SafetyNote,说明将操纵杆完全向后移动可触发紧急停止程序,发动机::D8操作手册,发动机::D8操作手册::chunk_16,,D8操作手册.md
ENT_000816,SafetyNote_Engage Neutral Before Stop,SafetyNote,停机前必须将控制杆置于空档的安全禁忌,发动机::D8操作手册,发动机::D8操作手册::chunk_22,,D8操作手册.md
ENT_000817,SafetyNote_Engine Lockout Procedure,SafetyNote,维修前必须关闭主开关并锁止以防止意外启动的程序,发动机::D8操作手册,发动机::D8操作手册::chunk_0,,D8操作手册.md
ENT_000818,SafetyNote_Engine Room Ventilation Time,SafetyNote,机舱通风时间，起动前风扇至少运转四分钟的安全要求,发动机::D8操作手册,发动机::D8操作手册::chunk_19,,D8操作手册.md
ENT_000819,SafetyNote_Engine Run During Maneuver,SafetyNote,倒档操纵期间必须保持发动机运转的安全要求,发动机::D8操作手册,发动机::D8操作手册::chunk_21,,D8操作手册.md
ENT_000820,SafetyNote_Environmental Waste Disposal,SafetyNote,将废油冷却剂旧电池等有害废物送到回收站,发动机::D8操作手册,发动机::D8操作手册::chunk_10;发动机::D8操作手册::chunk_11;发动机::D8操作手册::chunk_8;发动机::D8操作手册::chunk_9,,D8操作手册.md
ENT_000821,SafetyNote_Fire And Explosion Prevention,SafetyNote,针对燃油蒸汽及电池氢气易燃性的防火防爆安全警示,发动机::D8操作手册,发动机::D8操作手册::chunk_0,,D8操作手册.md
ENT_000822,SafetyNote_Helm Supervision Requirement,SafetyNote,即使启用自动舵，舵手也必须负责安全驾驶，切勿无人看管舵站,发动机::D8操作手册,发动机::D8操作手册::chunk_15,,D8操作手册.md
ENT_000823,SafetyNote_Joystick Driving Prerequisites,SafetyNote,强调启用驾驶功能前必须安装自动驾驶仪和玻璃驾驶舱,发动机::D8操作手册,发动机::D8操作手册::chunk_16,,D8操作手册.md
ENT_000824,SafetyNote_Joystick Momentum Warning,SafetyNote,警告即使释放操纵杆船仍会因惯性继续移动,发动机::D8操作手册,发动机::D8操作手册::chunk_16,,D8操作手册.md
ENT_000825,SafetyNote_Lock EVC System After Stop,SafetyNote,发动机关闭后锁定 EVC 系统的安全措施,发动机::D8操作手册,发动机::D8操作手册::chunk_22,,D8操作手册.md
ENT_000826,SafetyNote_Low Speed Engagement Condition,SafetyNote,接合低速功能前需将控制杆移动至空档位置,发动机::D8操作手册,发动机::D8操作手册::chunk_17,,D8操作手册.md
ENT_000827,SafetyNote_Neutral Start Requirement,SafetyNote,空档起动要求，防止意外移动或超速,发动机::D8操作手册,发动机::D8操作手册::chunk_14,,D8操作手册.md
ENT_000828,SafetyNote_No Cold Idling,SafetyNote,禁止使冷态发动机空转的安全操作禁忌,发动机::D8操作手册,发动机::D8操作手册::chunk_21,,D8操作手册.md
ENT_000829,SafetyNote_No EVC Modification,SafetyNote,禁止改造 EVC 系统或使用非原厂备件,发动机::D8操作手册,发动机::D8操作手册::chunk_10;发动机::D8操作手册::chunk_11;发动机::D8操作手册::chunk_8;发动机::D8操作手册::chunk_9,,D8操作手册.md
ENT_000830,SafetyNote_No Engine Modification,SafetyNote,禁止擅自转换或改变发动机及管路安装,发动机::D8操作手册,发动机::D8操作手册::chunk_10;发动机::D8操作手册::chunk_11;发动机::D8操作手册::chunk_8;发动机::D8操作手册::chunk_9,,D8操作手册.md
ENT_000831,SafetyNote_No Engine Run In Lift Range,SafetyNote,禁止在升程范围内运行发动机，防止机械损坏,发动机::D8操作手册,发动机::D8操作手册::chunk_14,,D8操作手册.md
ENT_000832,SafetyNote_No High Pressure Washing On Engine,SafetyNote,清洁发动机或其部件时禁止使用高压清洗器,发动机::D8操作手册,发动机::D8操作手册::chunk_5;发动机::D8操作手册::chunk_6,,D8操作手册.md
ENT_000833,SafetyNote_No Open Flame Near Battery,SafetyNote,电池附近禁止明火或电火花以防爆炸,发动机::D8操作手册,发动机::D8操作手册::chunk_5;发动机::D8操作手册::chunk_6,,D8操作手册.md
ENT_000834,SafetyNote_No Overload,SafetyNote,切勿站在或踏上发动机及其部件以防过载,发动机::D8操作手册,发动机::D8操作手册::chunk_10;发动机::D8操作手册::chunk_11;发动机::D8操作手册::chunk_8;发动机::D8操作手册::chunk_9,,D8操作手册.md
ENT_000835,SafetyNote_No Reverse While Sliding,SafetyNote,禁止在船体滑行时挂倒档的安全操作禁忌,发动机::D8操作手册,发动机::D8操作手册::chunk_21,,D8操作手册.md
ENT_000836,SafetyNote_No Smoking During Fueling,SafetyNote,加燃油时禁止吸烟且发动机必须停止以防火灾爆炸,发动机::D8操作手册,发动机::D8操作手册::chunk_1;发动机::D8操作手册::chunk_2;发动机::D8操作手册::chunk_3;发动机::D8操作手册::chunk_4,,D8操作手册.md
ENT_000837,SafetyNote_No Start Aid Spray,SafetyNote,禁止使用起动喷射器，防止爆炸危险的安全禁忌,发动机::D8操作手册,发动机::D8操作手册::chunk_19,,D8操作手册.md
ENT_000838,SafetyNote_PTO Neutral Requirement,SafetyNote,PTO 空档要求，激活功率输出端前控制杆必须处于空档的安全规定,发动机::D8操作手册,发动机::D8操作手册::chunk_19,,D8操作手册.md
ENT_000839,SafetyNote_Personal Protective Equipment Usage,SafetyNote,强制要求佩戴护目镜、手套等个人防护装备的规定,发动机::D8操作手册,发动机::D8操作手册::chunk_0,,D8操作手册.md
ENT_000840,SafetyNote_Propeller Shaft Oil Temp Limit,SafetyNote,推进轴油温限制，ZF 最大允许温度 95 摄氏度的安全禁忌,发动机::D8操作手册,发动机::D8操作手册::chunk_19,,D8操作手册.md
ENT_000841,SafetyNote_Protect Screen From Sun,SafetyNote,船未使用时使用保护盖保护屏幕的安全禁忌,发动机::D8操作手册,发动机::D8操作手册::chunk_12,,D8操作手册.md
ENT_000842,SafetyNote_Qualified Workshop Repair,SafetyNote,喷射系统维修必须由合格车间进行,发动机::D8操作手册,发动机::D8操作手册::chunk_10;发动机::D8操作手册::chunk_11;发动机::D8操作手册::chunk_8;发动机::D8操作手册::chunk_9,,D8操作手册.md
ENT_000843,SafetyNote_Read Operation Manual,SafetyNote,务必保持操作手册随时可用并仔细阅读安全信息,发动机::D8操作手册,发动机::D8操作手册::chunk_7,,D8操作手册.md
ENT_000844,SafetyNote_Rotating Parts And Hot Surface Warning,SafetyNote,警示运转部件缠绕及高温表面烫伤的风险,发动机::D8操作手册,发动机::D8操作手册::chunk_0,,D8操作手册.md
ENT_000845,SafetyNote_Starter Motor Cool Down,SafetyNote,起动马达过热后需冷却五分钟方可再次尝试,发动机::D8操作手册,发动机::D8操作手册::chunk_20,,D8操作手册.md
ENT_000846,SafetyNote_Stop Engine Before Clutch Adjustment,SafetyNote,执行离合器调整前必须确保发动机处于停止状态,发动机::D8操作手册,发动机::D8操作手册::chunk_7,,D8操作手册.md
ENT_000847,SafetyNote_Stop Engine Before Electrical Work,SafetyNote,对电气系统操作前务必停止发动机并断开外部电源,发动机::D8操作手册,发动机::D8操作手册::chunk_1;发动机::D8操作手册::chunk_2;发动机::D8操作手册::chunk_3;发动机::D8操作手册::chunk_4,,D8操作手册.md
ENT_000848,SafetyNote_Swimming Platform Override,SafetyNote,游泳跳台覆盖操作，特殊情况下覆盖安全接口启动发动机的风险警示,发动机::D8操作手册,发动机::D8操作手册::chunk_19,,D8操作手册.md
ENT_000849,SafetyNote_Use Recommended Fuel,SafetyNote,务必使用推荐燃油以满足排放法规并防止发动机超速,发动机::D8操作手册,发动机::D8操作手册::chunk_1;发动机::D8操作手册::chunk_2;发动机::D8操作手册::chunk_3;发动机::D8操作手册::chunk_4,,D8操作手册.md
ENT_000850,SafetyNote_Use Safety Lanyard,SafetyNote,建议安装并使用安全短索以防失控,发动机::D8操作手册,发动机::D8操作手册::chunk_7,,D8操作手册.md
ENT_000851,SafetyNote_Use Screen Cover When Not In Use,SafetyNote,船未使用时使用保护盖保护屏幕的习惯，防止阳光损坏,发动机::D8操作手册,发动机::D8操作手册::chunk_13,,D8操作手册.md
ENT_000852,SafetyNote_Ventilation Requirement,SafetyNote,发动机运行及焊接作业时必须保证区域通风的要求,发动机::D8操作手册,发动机::D8操作手册::chunk_0,,D8操作手册.md
ENT_000853,SafetyNote_Wear Goggles For Fuel And Battery Work,SafetyNote,在测试燃油喷嘴或搬运电池时必须佩戴护目镜以防伤害,发动机::D8操作手册,发动机::D8操作手册::chunk_5;发动机::D8操作手册::chunk_6,,D8操作手册.md
ENT_000854,Volvo Penta Engine_Cooling System_Coolant Concentration Warning,SafetyNote,冷却剂浓度必须保持在 40-60% 的安全注意事项,发动机::D8维护保养手册,发动机::D8维护保养手册::chunk_7;发动机::D8维护保养手册::chunk_8,,D8维护保养手册.md
ENT_000855,Volvo Penta Engine_Cooling System_Coolant Mixing Prohibition,SafetyNote,旧绿色冷却剂不得与新 VCS 黄色冷却剂混合的安全禁忌,发动机::D8维护保养手册,发动机::D8维护保养手册::chunk_9,,D8维护保养手册.md
ENT_000856,Volvo Penta Engine_Cooling System_Drain Before Operation,SafetyNote,进行任何水系统操作前必须关闭并排放系统,发动机::D8维护保养手册,发动机::D8维护保养手册::chunk_14,,D8维护保养手册.md
ENT_000857,Volvo Penta Engine_Cooling System_Water Ingress Danger,SafetyNote,对原始水系统操作前需关闭并排放以防进水危险,发动机::D8维护保养手册,发动机::D8维护保养手册::chunk_14,,D8维护保养手册.md
ENT_000858,Volvo Penta Engine_Lubrication System_Engine Level Requirement,SafetyNote,检查油位时必须确保发动机保持水平的安全要求,发动机::D8维护保养手册,发动机::D8维护保养手册::chunk_12,,D8维护保养手册.md
ENT_000859,Volvo Penta Engine_Lubrication System_Skin Contact Hazard,SafetyNote,操作化学品时皮肤接触机油可能导致干燥或危害,发动机::D8维护保养手册,发动机::D8维护保养手册::chunk_12,,D8维护保养手册.md
ENT_000860,Volvo Penta Engine_Lubrication System_Wait Time Before Measurement,SafetyNote,停机后等待 15 分钟再测量油位的安全操作要求,发动机::D8维护保养手册,发动机::D8维护保养手册::chunk_12,,D8维护保养手册.md
ENT_000861,Volvo Penta Engine_Safety_Battery Cable Disconnection During Run,SafetyNote,运行时禁止断开电池电缆,发动机::D8维护保养手册,发动机::D8维护保养手册::chunk_10;发动机::D8维护保养手册::chunk_11,,D8维护保养手册.md
ENT_000862,Volvo Penta Engine_Safety_Battery Disposal Requirement,SafetyNote,旧电池必须放至废品管理机构处理的环保安全规定,发动机::D8维护保养手册,发动机::D8维护保养手册::chunk_29;发动机::D8维护保养手册::chunk_30,,D8维护保养手册.md
ENT_000863,Volvo Penta Engine_Safety_Battery Electrolyte Corrosion,SafetyNote,电池电解液腐蚀性防护及急救安全警示,发动机::D8维护保养手册,发动机::D8维护保养手册::chunk_4;发动机::D8维护保养手册::chunk_5,,D8维护保养手册.md
ENT_000864,Volvo Penta Engine_Safety_Battery Explosion Risk,SafetyNote,电池附近禁止明火及防止错误连接火花的安全警示,发动机::D8维护保养手册,发动机::D8维护保养手册::chunk_4;发动机::D8维护保养手册::chunk_5,,D8维护保养手册.md
ENT_000865,Volvo Penta Engine_Safety_Battery Polarity Connection,SafetyNote,电池正负极电缆正确连接的安全操作要求,发动机::D8维护保养手册,发动机::D8维护保养手册::chunk_4;发动机::D8维护保养手册::chunk_5,,D8维护保养手册.md
ENT_000866,Volvo Penta Engine_Safety_Battery Ventilation Before Work,SafetyNote,在电池或连接上工作前必须对发动机舱通风的安全要求,发动机::D8维护保养手册,发动机::D8维护保养手册::chunk_29;发动机::D8维护保养手册::chunk_30,,D8维护保养手册.md
ENT_000867,Volvo Penta Engine_Safety_Component Cleaning Sensitivity,SafetyNote,系统组件清洁度要求，防止污物引起故障,发动机::D8维护保养手册,发动机::D8维护保养手册::chunk_4;发动机::D8维护保养手册::chunk_5,,D8维护保养手册.md
ENT_000868,Volvo Penta Engine_Safety_Connector Contamination Prevention,SafetyNote,传感器连接器避免接触油水污垢,发动机::D8维护保养手册,发动机::D8维护保养手册::chunk_10;发动机::D8维护保养手册::chunk_11,,D8维护保养手册.md
ENT_000869,Volvo Penta Engine_Safety_Cover Electrical Parts During Cleaning,SafetyNote,清洁时遮盖电气部件的安全要求,发动机::D8维护保养手册,发动机::D8维护保养手册::chunk_25;发动机::D8维护保养手册::chunk_26;发动机::D8维护保养手册::chunk_27;发动机::D8维护保养手册::chunk_28,,D8维护保养手册.md
ENT_000870,Volvo Penta Engine_Safety_Emergency Start Voltage Risk,SafetyNote,应急启动装置高电压损坏电子设备风险,发动机::D8维护保养手册,发动机::D8维护保养手册::chunk_10;发动机::D8维护保养手册::chunk_11,,D8维护保养手册.md
ENT_000871,Volvo Penta Engine_Safety_Engine Lifting Operation,SafetyNote,发动机吊装作业需双人配合及使用合格设备的安全要求,发动机::D8维护保养手册,发动机::D8维护保养手册::chunk_4;发动机::D8维护保养手册::chunk_5,,D8维护保养手册.md
ENT_000872,Volvo Penta Engine_Safety_Fuel Accumulation Fire Risk,SafetyNote,燃料油污积累具有火灾危险需清除,发动机::D8维护保养手册,发动机::D8维护保养手册::chunk_10;发动机::D8维护保养手册::chunk_11,,D8维护保养手册.md
ENT_000873,Volvo Penta Engine_Safety_Fuel High Pressure Injection Risk,SafetyNote,燃油高压泄漏检测时的防渗透感染安全警示,发动机::D8维护保养手册,发动机::D8维护保养手册::chunk_4;发动机::D8维护保养手册::chunk_5,,D8维护保养手册.md
ENT_000874,Volvo Penta Engine_Safety_Glycol Disposal Requirement,SafetyNote,乙二醇混合物危险废物处置要求,发动机::D8维护保养手册,发动机::D8维护保养手册::chunk_25;发动机::D8维护保养手册::chunk_26;发动机::D8维护保养手册::chunk_27;发动机::D8维护保养手册::chunk_28,,D8维护保养手册.md
ENT_000875,Volvo Penta Engine_Safety_Hot Coolant Burn Risk,SafetyNote,热冷却液压力释放前的防灼伤安全警示；热油压力释放前的防灼伤安全警示,发动机::D8维护保养手册,发动机::D8维护保养手册::chunk_4;发动机::D8维护保养手册::chunk_5,,D8维护保养手册.md
ENT_000876,Volvo Penta Engine_Safety_Main Switch Operation During Run,SafetyNote,运行时禁止切断主开关电流,发动机::D8维护保养手册,发动机::D8维护保养手册::chunk_10;发动机::D8维护保养手册::chunk_11,,D8维护保养手册.md
ENT_000877,Volvo Penta Engine_Safety_Max Overhaul Limit,SafetyNote,发动机最多接受两次大修，超过后必须报废更换裸机或新机的安全限制,发动机::D8维护保养手册,发动机::D8维护保养手册::chunk_6,,D8维护保养手册.md
ENT_000878,Volvo Penta Engine_Safety_No Direct Spray On Alternator,SafetyNote,禁止直接喷射交流发电机的安全禁忌,发动机::D8维护保养手册,发动机::D8维护保养手册::chunk_25;发动机::D8维护保养手册::chunk_26;发动机::D8维护保养手册::chunk_27;发动机::D8维护保养手册::chunk_28,,D8维护保养手册.md
ENT_000879,Volvo Penta Engine_Safety_Seal Open Connections Before Storage,SafetyNote,长期存储前必须密封所有开放连接以防止腐蚀的安全禁忌,发动机::D8维护保养手册,发动机::D8维护保养手册::chunk_24,,D8维护保养手册.md
ENT_000880,Volvo Penta Engine_Safety_Seawater Drainage Precaution,SafetyNote,海水排放防止腐蚀零件的安全 precaution,发动机::D8维护保养手册,发动机::D8维护保养手册::chunk_25;发动机::D8维护保养手册::chunk_26;发动机::D8维护保养手册::chunk_27;发动机::D8维护保养手册::chunk_28,,D8维护保养手册.md
ENT_000881,Volvo Penta Engine_Safety_Sound Insulation Replacement Rule,SafetyNote,吸声材料损坏更换规则,发动机::D8维护保养手册,发动机::D8维护保养手册::chunk_25;发动机::D8维护保养手册::chunk_26;发动机::D8维护保养手册::chunk_27;发动机::D8维护保养手册::chunk_28,,D8维护保养手册.md
ENT_000882,Volvo Penta Engine_Safety_Storage Environment Requirement,SafetyNote,发动机存储环境的温度湿度及通风安全要求,发动机::D8维护保养手册,发动机::D8维护保养手册::chunk_22;发动机::D8维护保养手册::chunk_23,,D8维护保养手册.md
ENT_000883,Volvo Penta Engine_Transmission System_ATF Mixing Compatibility,SafetyNote,黄色和红色沃尔沃遍达 ATF Dextron III 油可混合的安全说明,发动机::D8维护保养手册,发动机::D8维护保养手册::chunk_9,,D8维护保养手册.md
ENT_000884,Volvo Penta Engine_Transmission System_Anode Cleaning Restriction,SafetyNote,清洁阳极时禁止使用钢丝刷或锯齿研磨料；禁止使用钢丝刷或含金属研磨料清洁阳极的安全禁忌,发动机::D8维护保养手册,发动机::D8维护保养手册::chunk_14;发动机::D8维护保养手册::chunk_16,,D8维护保养手册.md
ENT_000885,Volvo Penta Engine_Transmission System_Anode Material Selection,SafetyNote,根据海水或淡水环境选择锌或镁阳极的安全要求,发动机::D8维护保养手册,发动机::D8维护保养手册::chunk_16,,D8维护保养手册.md
ENT_000886,Volvo Penta Engine_Transmission System_Authorized Workshop Requirement,SafetyNote,螺旋桨轴密封更换必须由授权沃尔沃遍达车间完成的安全要求,发动机::D8维护保养手册,发动机::D8维护保养手册::chunk_16,,D8维护保养手册.md
ENT_000887,Volvo Penta Engine_Transmission System_Dipstick Plastic Warning,SafetyNote,量油尺由塑料制成切勿过度拧紧的安全警告；塑料量油尺不可过度拧紧的安全提示,发动机::D8维护保养手册,发动机::D8维护保养手册::chunk_16;发动机::D8维护保养手册::chunk_17;发动机::D8维护保养手册::chunk_18;发动机::D8维护保养手册::chunk_19;发动机::D8维护保养手册::chunk_20,,D8维护保养手册.md
ENT_000888,Volvo Penta Engine_Transmission System_Exhaust Plate Cleaning Restriction,SafetyNote,清洁排气板时禁止使用高压清洗器的安全禁忌；禁止为排气板塑料部分上漆的安全禁忌,发动机::D8维护保养手册,发动机::D8维护保养手册::chunk_15,,D8维护保养手册.md
ENT_000889,Volvo Penta Engine_Transmission System_High Pressure Washer Caution,SafetyNote,使用高压清洗器时切勿指向密封件的安全警告,发动机::D8维护保养手册,发动机::D8维护保养手册::chunk_15,,D8维护保养手册.md
ENT_000890,Volvo Penta Engine_Transmission System_No Overfill Warning,SafetyNote,禁止过量加注变速箱油的安全警示,发动机::D8维护保养手册,发动机::D8维护保养手册::chunk_17;发动机::D8维护保养手册::chunk_18;发动机::D8维护保养手册::chunk_19;发动机::D8维护保养手册::chunk_20,,D8维护保养手册.md
ENT_000891,Volvo Penta Engine_Transmission System_Oil Selection Warning,SafetyNote,禁止使用非 IPS 单元指定油品的安全警告,发动机::D8维护保养手册,发动机::D8维护保养手册::chunk_7;发动机::D8维护保养手册::chunk_8,,D8维护保养手册.md
ENT_000892,Volvo Penta Engine_Transmission System_Painting Chemical Restriction,SafetyNote,禁止使用锡基剂 TBT 或铜基涂料的安全禁忌,发动机::D8维护保养手册,发动机::D8维护保养手册::chunk_16,,D8维护保养手册.md
ENT_000893,Volvo Penta Engine_Transmission System_Painting Drying Requirement,SafetyNote,船只下水之前必须晾干涂料的安全要求,发动机::D8维护保养手册,发动机::D8维护保养手册::chunk_16,,D8维护保养手册.md
ENT_000894,Volvo Penta Engine_Transmission System_Pre Launch Ventilation,SafetyNote,下水前必须对橡胶套筒进行通风的安全要求,发动机::D8维护保养手册,发动机::D8维护保养手册::chunk_17;发动机::D8维护保养手册::chunk_18;发动机::D8维护保养手册::chunk_19;发动机::D8维护保养手册::chunk_20,,D8维护保养手册.md
ENT_000895,冷却系统作业安全,SafetyNote,冷却系统作业前停止发动机并关闭海水龙头和安全阀,发动机::D8维护保养手册,发动机::D8维护保养手册::chunk_0;发动机::D8维护保养手册::chunk_1;发动机::D8维护保养手册::chunk_2;发动机::D8维护保养手册::chunk_3,,D8维护保养手册.md
ENT_000896,发动机安全管理系统_ATF 油混合说明,SafetyNote,黄色和红色沃尔沃遍达 ATF Dextron III 油可混合使用的说明,发动机::D16维护保养手册,发动机::D16维护保养手册::chunk_4,,D16维护保养手册.md
ENT_000897,发动机安全管理系统_个人防护装备要求,SafetyNote,操作时必须佩戴护目镜、手套等以减少伤害程度的规定,发动机::D16维护保养手册,发动机::D16维护保养手册::chunk_0,,D16维护保养手册.md
ENT_000898,发动机安全管理系统_传动装置_清洁溶剂禁忌,SafetyNote,禁止使用柴油、汽油或清洁剂清洁泵体以防损坏或污染,发动机::D16维护保养手册,发动机::D16维护保养手册::chunk_8,,D16维护保养手册.md
ENT_000899,发动机安全管理系统_传动装置_过满加注禁忌,SafetyNote,倒档齿轮箱加油时切勿超过量油尺最高标记的禁忌,发动机::D16维护保养手册,发动机::D16维护保养手册::chunk_20;发动机::D16维护保养手册::chunk_21;发动机::D16维护保养手册::chunk_22;发动机::D16维护保养手册::chunk_23,,D16维护保养手册.md
ENT_000900,发动机安全管理系统_冷却液混合禁忌,SafetyNote,旧绿色冷却剂不得与新 VCS 黄色冷却剂混合的安全警告,发动机::D16维护保养手册,发动机::D16维护保养手册::chunk_4,,D16维护保养手册.md
ENT_000901,发动机安全管理系统_冷却系统_冷却剂规格要求,SafetyNote,必须使用符合沃尔沃冷却剂规格 VCS 418-0001 标准的禁忌要求；浓缩型冷却剂需提前混合以确保正确浓度的安全要求,发动机::D16维护保养手册,发动机::D16维护保养手册::chunk_12;发动机::D16维护保养手册::chunk_13;发动机::D16维护保养手册::chunk_14;发动机::D16维护保养手册::chunk_15;发动机::D16维护保养手册::chunk_16;发动机::D16维护保养手册::chunk_17;发动机::D16维护保养手册::chunk_18;发动机::D16维护保养手册::chunk_19,,D16维护保养手册.md
ENT_000902,发动机安全管理系统_冷却系统_压力释放要求,SafetyNote,打开冷却系统前必须缓慢释放压力的操作要求,发动机::D16维护保养手册,发动机::D16维护保养手册::chunk_1,,D16维护保养手册.md
ENT_000903,发动机安全管理系统_冷却系统_旧冷却剂回收要求,SafetyNote,排放的旧冷却剂必须交给回收站处理的环保安全要求,发动机::D16维护保养手册,发动机::D16维护保养手册::chunk_12;发动机::D16维护保养手册::chunk_13;发动机::D16维护保养手册::chunk_14;发动机::D16维护保养手册::chunk_15,,D16维护保养手册.md
ENT_000904,发动机安全管理系统_冷却系统_润滑剂禁忌,SafetyNote,叶轮安装仅允许使用甘油润滑的禁忌要求,发动机::D16维护保养手册,发动机::D16维护保养手册::chunk_16;发动机::D16维护保养手册::chunk_17;发动机::D16维护保养手册::chunk_18;发动机::D16维护保养手册::chunk_19,,D16维护保养手册.md
ENT_000905,发动机安全管理系统_冷却系统_腐蚀与气蚀风险,SafetyNote,全年必须使用合适化学成分的冷却剂以防止内部腐蚀和气蚀,发动机::D16维护保养手册,发动机::D16维护保养手册::chunk_24;发动机::D16维护保养手册::chunk_25;发动机::D16维护保养手册::chunk_26;发动机::D16维护保养手册::chunk_27,,D16维护保养手册.md
ENT_000906,发动机安全管理系统_冷却系统_蒸汽灼伤危险,SafetyNote,检查增压空气冷却器排水孔时防范蒸汽烫伤的安全警示,发动机::D16维护保养手册,发动机::D16维护保养手册::chunk_20;发动机::D16维护保养手册::chunk_21;发动机::D16维护保养手册::chunk_22;发动机::D16维护保养手册::chunk_23,,D16维护保养手册.md
ENT_000907,发动机安全管理系统_冷却系统_进水危险,SafetyNote,对海水系统操作前未关闭海水塞导致的进水风险警示,发动机::D16维护保养手册,发动机::D16维护保养手册::chunk_16;发动机::D16维护保养手册::chunk_17;发动机::D16维护保养手册::chunk_18;发动机::D16维护保养手册::chunk_19,,D16维护保养手册.md
ENT_000908,发动机安全管理系统_冷却系统_防冻保护检查要求,SafetyNote,若未更换冷却剂需每年检查防冻保护剂能力的维护要求,发动机::D16维护保养手册,发动机::D16维护保养手册::chunk_12;发动机::D16维护保养手册::chunk_13;发动机::D16维护保养手册::chunk_14;发动机::D16维护保养手册::chunk_15,,D16维护保养手册.md
ENT_000909,发动机安全管理系统_冷却系统_高温冷却液警告,SafetyNote,防止热冷却液喷出造成灼伤的警告,发动机::D16维护保养手册,发动机::D16维护保养手册::chunk_1,,D16维护保养手册.md
ENT_000910,发动机安全管理系统_化学品处理安全,SafetyNote,关于机油、溶剂等有害化学品的防护与废弃处理规范,发动机::D16维护保养手册,发动机::D16维护保养手册::chunk_0,,D16维护保养手册.md
ENT_000911,发动机安全管理系统_发动机_交流发电机_进水损坏风险,SafetyNote,高压清洗水流直接射在交流发电机上会导致电子元件损坏,发动机::D16维护保养手册,发动机::D16维护保养手册::chunk_24;发动机::D16维护保养手册::chunk_25;发动机::D16维护保养手册::chunk_26;发动机::D16维护保养手册::chunk_27,,D16维护保养手册.md
ENT_000912,发动机安全管理系统_发动机_挤压危险,SafetyNote,更换皮带时手指避开张紧器区域的防挤压安全警示,发动机::D16维护保养手册,发动机::D16维护保养手册::chunk_16;发动机::D16维护保养手册::chunk_17;发动机::D16维护保养手册::chunk_18;发动机::D16维护保养手册::chunk_19,,D16维护保养手册.md
ENT_000913,发动机安全管理系统_启动前检查要求,SafetyNote,起动前确认无泄漏、异物及保护盖就位的安全检查步骤,发动机::D16维护保养手册,发动机::D16维护保养手册::chunk_0,,D16维护保养手册.md
ENT_000914,发动机安全管理系统_机油分析_取样安全要求,SafetyNote,机油取样时的温度等待及操作安全禁忌,发动机::D16维护保养手册,发动机::D16维护保养手册::chunk_7,,D16维护保养手册.md
ENT_000915,发动机安全管理系统_机油分析_环保收集要求,SafetyNote,废弃机油收集处理的环保安全要求,发动机::D16维护保养手册,发动机::D16维护保养手册::chunk_7,,D16维护保养手册.md
ENT_000916,发动机安全管理系统_润滑系统_热油警告,SafetyNote,防止热油喷出造成灼伤及压力危险的警告,发动机::D16维护保养手册,发动机::D16维护保养手册::chunk_1,,D16维护保养手册.md
ENT_000917,发动机安全管理系统_燃油系统_FAME 燃料存储禁忌,SafetyNote,长期存储禁止使用 FAME 含量大于 10% 的柴油的警示,发动机::D16维护保养手册,发动机::D16维护保养手册::chunk_20;发动机::D16维护保养手册::chunk_21;发动机::D16维护保养手册::chunk_22;发动机::D16维护保养手册::chunk_23,,D16维护保养手册.md
ENT_000918,发动机安全管理系统_燃油系统_清洁度要求,SafetyNote,保持燃油系统元件清洁防止污物引起故障的要求；清洁发动机及传动装置时防止污物引起故障的要求,发动机::D16维护保养手册,发动机::D16维护保养手册::chunk_1,,D16维护保养手册.md
ENT_000919,发动机安全管理系统_燃油系统_热表面火灾风险,SafetyNote,燃油喷溅到热表面引发火灾的安全警告,发动机::D16维护保养手册,发动机::D16维护保养手册::chunk_11,,D16维护保养手册.md
ENT_000920,发动机安全管理系统_燃油系统_管路弯曲禁止,SafetyNote,禁止弯曲或拉直燃油高压管以防开裂的禁忌,发动机::D16维护保养手册,发动机::D16维护保养手册::chunk_1,,D16维护保养手册.md
ENT_000921,发动机安全管理系统_燃油系统_过滤器预注禁忌,SafetyNote,禁止在新过滤器安装前预注燃油的安全禁忌,发动机::D16维护保养手册,发动机::D16维护保养手册::chunk_11,,D16维护保养手册.md
ENT_000922,发动机安全管理系统_燃油系统_高压泄漏防护,SafetyNote,检测高压燃油泄漏时防止燃油渗入组织的防护要求,发动机::D16维护保养手册,发动机::D16维护保养手册::chunk_1,,D16维护保养手册.md
ENT_000923,发动机安全管理系统_燃油系统_高压皮肤渗透风险,SafetyNote,高压燃油渗入皮肤导致伤害的安全警告,发动机::D16维护保养手册,发动机::D16维护保养手册::chunk_11,,D16维护保养手册.md
ENT_000924,发动机安全管理系统_电气系统_断电操作要求,SafetyNote,电气作业前必须断开主开关及外部电源的安全规定,发动机::D16维护保养手册,发动机::D16维护保养手册::chunk_1,,D16维护保养手册.md
ENT_000925,发动机安全管理系统_电气系统_运行中断电禁止,SafetyNote,严禁发动机运行时断开主开关电流的禁忌,发动机::D16维护保养手册,发动机::D16维护保养手册::chunk_1,,D16维护保养手册.md
ENT_000926,发动机安全管理系统_电池_极性连接要求,SafetyNote,确保电池正负极电缆正确连接防止设备损坏的要求,发动机::D16维护保养手册,发动机::D16维护保养手册::chunk_1,,D16维护保养手册.md
ENT_000927,发动机安全管理系统_电池_电解液防护,SafetyNote,接触电池电解液时佩戴护目镜及清洗的防护要求,发动机::D16维护保养手册,发动机::D16维护保养手册::chunk_1,,D16维护保养手册.md
ENT_000928,发动机安全管理系统_禁止启动喷雾,SafetyNote,严禁使用起动喷射器作为助手以防爆炸的安全禁令,发动机::D16维护保养手册,发动机::D16维护保养手册::chunk_0,,D16维护保养手册.md
ENT_000929,发动机安全管理系统_螺栓损伤检查要求,SafetyNote,安装前检查螺栓头下切痕，受损螺栓必须报废的安全禁忌,发动机::D16维护保养手册,发动机::D16维护保养手册::chunk_4,,D16维护保养手册.md
ENT_000930,发动机安全管理系统_警告标识维护,SafetyNote,确保产品上的安全符号清晰可见并及时更换损坏标识的要求,发动机::D16维护保养手册,发动机::D16维护保养手册::chunk_0,,D16维护保养手册.md
ENT_000931,发动机安全管理系统_通用_高压清洗禁忌,SafetyNote,清洁时禁止将高压水喷嘴对准密封件或电气部件,发动机::D16维护保养手册,发动机::D16维护保养手册::chunk_20;发动机::D16维护保养手册::chunk_21;发动机::D16维护保养手册::chunk_22;发动机::D16维护保养手册::chunk_23,,D16维护保养手册.md
ENT_000932,发动机安全管理系统_通风安全要求,SafetyNote,防止废气积聚和爆炸性气体混合的必要环境条件,发动机::D16维护保养手册,发动机::D16维护保养手册::chunk_0,,D16维护保养手册.md
ENT_000933,发动机安全管理系统_高温表面警告,SafetyNote,警示避免接触排气管、涡轮增压器等高温部件的安全提示,发动机::D16维护保养手册,发动机::D16维护保养手册::chunk_0,,D16维护保养手册.md
ENT_000934,发动机起动锁定,SafetyNote,工作前关闭主开关并锁止或断开电池电缆防止意外起动,发动机::D8维护保养手册,发动机::D8维护保养手册::chunk_0;发动机::D8维护保养手册::chunk_1;发动机::D8维护保养手册::chunk_2;发动机::D8维护保养手册::chunk_3,,D8维护保养手册.md
ENT_000935,电气系统作业电源隔离,SafetyNote,电气系统作业前必须停止发动机并断开主开关及外部电源,发动机::D8维护保养手册,发动机::D8维护保养手册::chunk_0;发动机::D8维护保养手册::chunk_1;发动机::D8维护保养手册::chunk_2;发动机::D8维护保养手册::chunk_3,,D8维护保养手册.md
ENT_000936,运行区域通风要求,SafetyNote,发动机运行需确保通风良好以排出废气和曲轴箱排放物,发动机::D8维护保养手册,发动机::D8维护保养手册::chunk_0;发动机::D8维护保养手册::chunk_1;发动机::D8维护保养手册::chunk_2;发动机::D8维护保养手册::chunk_3,,D8维护保养手册.md
ENT_000937,Marine Engine System,System,船舶动力核心系统，包含发动机本体及相关附属子系统；船舶发动机整体系统，包含机械、电气及控制子系统；船舶发动机系统，包含所有控制、显示和监测子系统；船舶发动机整体系统，包含所有子设备和组件；船舶发动机及控制整体系统；船舶发动机整体系统，包含所有子设备和控制逻辑,发动机::D8操作手册,发动机::D8操作手册::chunk_0;发动机::D8操作手册::chunk_10;发动机::D8操作手册::chunk_11;发动机::D8操作手册::chunk_13;发动机::D8操作手册::chunk_14;发动机::D8操作手册::chunk_16;发动机::D8操作手册::chunk_21;发动机::D8操作手册::chunk_8;发动机::D8操作手册::chunk_9,,D8操作手册.md
ENT_000938,Marine Engine System_Sea Water System,System,负责发动机海水冷却循环的子系统,发动机::D8操作手册,发动机::D8操作手册::chunk_28,,D8操作手册.md
ENT_000939,Volvo Penta Engine System,System,沃尔沃遍达发动机整体系统包含燃料与电气子系统,发动机::D8维护保养手册,发动机::D8维护保养手册::chunk_0;发动机::D8维护保养手册::chunk_1;发动机::D8维护保养手册::chunk_2;发动机::D8维护保养手册::chunk_3,,D8维护保养手册.md
ENT_000940,Volvo Penta Engine_Cooling System,System,沃尔沃遍达发动机冷却系统子系统,发动机::D8维护保养手册,发动机::D8维护保养手册::chunk_14;发动机::D8维护保养手册::chunk_25;发动机::D8维护保养手册::chunk_26;发动机::D8维护保养手册::chunk_27;发动机::D8维护保养手册::chunk_28,,D8维护保养手册.md
ENT_000941,Volvo Penta Engine_Electrical System,System,发动机电气系统子系统,发动机::D8维护保养手册,发动机::D8维护保养手册::chunk_25;发动机::D8维护保养手册::chunk_26;发动机::D8维护保养手册::chunk_27;发动机::D8维护保养手册::chunk_28,,D8维护保养手册.md
ENT_000942,Volvo Penta Engine_Exhaust System,System,沃尔沃遍达发动机排气系统子系统,发动机::D8维护保养手册,发动机::D8维护保养手册::chunk_14,,D8维护保养手册.md
ENT_000943,Volvo Penta Engine_Fuel System,System,发动机燃油供给与管理子系统,发动机::D8维护保养手册,发动机::D8维护保养手册::chunk_22;发动机::D8维护保养手册::chunk_23,,D8维护保养手册.md
ENT_000944,Volvo Penta Engine_Lubrication System,System,发动机润滑系统，负责机油循环与润滑管理,发动机::D8维护保养手册,发动机::D8维护保养手册::chunk_12,,D8维护保养手册.md
ENT_000945,Volvo Penta Engine_Mechanical System,System,发动机机械传动与辅助子系统；发动机机械系统子系统,发动机::D8维护保养手册,发动机::D8维护保养手册::chunk_22;发动机::D8维护保养手册::chunk_23;发动机::D8维护保养手册::chunk_25;发动机::D8维护保养手册::chunk_26;发动机::D8维护保养手册::chunk_27;发动机::D8维护保养手册::chunk_28,,D8维护保养手册.md
ENT_000946,Volvo Penta Engine_Steering System,System,沃尔沃彭塔发动机操舵子系统,发动机::D8维护保养手册,发动机::D8维护保养手册::chunk_17;发动机::D8维护保养手册::chunk_18;发动机::D8维护保养手册::chunk_19;发动机::D8维护保养手册::chunk_20,,D8维护保养手册.md
ENT_000947,发动机安全管理系统,System,涵盖发动机运行、维护及安全管理的整体系统框架；船舶发动机整体安全监控与管理大系统；沃尔沃遍达发动机安全管理整体系统,发动机::D16维护保养手册,发动机::D16维护保养手册::chunk_0;发动机::D16维护保养手册::chunk_1;发动机::D16维护保养手册::chunk_11;发动机::D16维护保养手册::chunk_7,,D16维护保养手册.md
ENT_000948,Rosemount 3051S 无线压力变送器_Coplanar 过程法兰,Component,变送器过程连接法兰，有特定温度限值要求,液压::参考手册-rosemount-3051s-无线系列产品-zh-cn-10755064,液压::参考手册-rosemount-3051s-无线系列产品-zh-cn-10755064::chunk_6,,参考手册-rosemount-3051s-无线系列产品-zh-cn-10755064.md
ENT_000949,Rosemount 3051S 无线压力变送器_LCD 显示屏,Component,带零件号的独立显示模块组件,液压::参考手册-rosemount-3051s-无线系列产品-zh-cn-10755064,液压::参考手册-rosemount-3051s-无线系列产品-zh-cn-10755064::chunk_3,,参考手册-rosemount-3051s-无线系列产品-zh-cn-10755064.md
ENT_000950,Rosemount 3051S 无线压力变送器_RF 避雷器,Component,用于保护设备免受雷电瞬变冲击的射频保护模块,液压::参考手册-rosemount-3051s-无线系列产品-zh-cn-10755064,液压::参考手册-rosemount-3051s-无线系列产品-zh-cn-10755064::chunk_11,,参考手册-rosemount-3051s-无线系列产品-zh-cn-10755064.md
ENT_000951,Rosemount 3051S 无线压力变送器_SuperModule,Component,变送器核心传感模块，需避免与高温过程材料直接接触,液压::参考手册-rosemount-3051s-无线系列产品-zh-cn-10755064,液压::参考手册-rosemount-3051s-无线系列产品-zh-cn-10755064::chunk_6,,参考手册-rosemount-3051s-无线系列产品-zh-cn-10755064.md
ENT_000952,Rosemount 3051S 无线压力变送器_同轴电缆,Component,连接天线与避雷器或设备的射频信号传输线缆,液压::参考手册-rosemount-3051s-无线系列产品-zh-cn-10755064,液压::参考手册-rosemount-3051s-无线系列产品-zh-cn-10755064::chunk_11,,参考手册-rosemount-3051s-无线系列产品-zh-cn-10755064.md
ENT_000953,Rosemount 3051S 无线压力变送器_外壳,Component,变送器主体防护外壳，支持旋转以便接线或查看显示屏,液压::参考手册-rosemount-3051s-无线系列产品-zh-cn-10755064,液压::参考手册-rosemount-3051s-无线系列产品-zh-cn-10755064::chunk_7,,参考手册-rosemount-3051s-无线系列产品-zh-cn-10755064.md
ENT_000954,Rosemount 3051S 无线压力变送器_天线,Component,无线压力变送器用于信号发射与接收的关键通信部件,液压::参考手册-rosemount-3051s-无线系列产品-zh-cn-10755064,液压::参考手册-rosemount-3051s-无线系列产品-zh-cn-10755064::chunk_5,,参考手册-rosemount-3051s-无线系列产品-zh-cn-10755064.md
ENT_000955,Rosemount 3051S 无线压力变送器_导压管,Component,连接过程介质与变送器的压力传递管道，安装要求严格,液压::参考手册-rosemount-3051s-无线系列产品-zh-cn-10755064,液压::参考手册-rosemount-3051s-无线系列产品-zh-cn-10755064::chunk_6,,参考手册-rosemount-3051s-无线系列产品-zh-cn-10755064.md
ENT_000956,Rosemount 3051S 无线压力变送器_法兰适配器,Component,用于连接变送器与过程法兰的转接部件，含 O 形圈密封槽,液压::参考手册-rosemount-3051s-无线系列产品-zh-cn-10755064,液压::参考手册-rosemount-3051s-无线系列产品-zh-cn-10755064::chunk_7,,参考手册-rosemount-3051s-无线系列产品-zh-cn-10755064.md
ENT_000957,Rosemount 3051S 无线压力变送器_电源模块,Component,变送器内部封装的独立供电模块，含锂电池,液压::参考手册-rosemount-3051s-无线系列产品-zh-cn-10755064,液压::参考手册-rosemount-3051s-无线系列产品-zh-cn-10755064::chunk_1,,参考手册-rosemount-3051s-无线系列产品-zh-cn-10755064.md
ENT_000958,Rosemount 3051S 无线压力变送器_端线板,Component,安装于外壳内部的电气连接核心板卡,液压::参考手册-rosemount-3051s-无线系列产品-zh-cn-10755064,液压::参考手册-rosemount-3051s-无线系列产品-zh-cn-10755064::chunk_11,,参考手册-rosemount-3051s-无线系列产品-zh-cn-10755064.md
ENT_000959,Rosemount 3051S 无线压力变送器_设备描述符,Component,确保通讯正常所需的软件驱动或描述文件模块,液压::参考手册-rosemount-3051s-无线系列产品-zh-cn-10755064,液压::参考手册-rosemount-3051s-无线系列产品-zh-cn-10755064::chunk_1,,参考手册-rosemount-3051s-无线系列产品-zh-cn-10755064.md
ENT_000960,SMP Series Hydraulic Pump_Cartridge Valve Block,Component,可更换的插装式阀块模块，通过不同型号实现多种操控功能,液压::Operation and Maintenance Manual for SMP Series Hydraulic Pu,液压::Operation and Maintenance Manual for SMP Series Hydraulic Pu::chunk_3,,Operation and Maintenance Manual for SMP Series Hydraulic Pu.md
ENT_000961,SMP Series Hydraulic Pump_Check valve,Component,单向阀核心模块，控制流体方向；单向阀，用于防止液压油倒流的核心阀件模块,液压::Operation and Maintenance Manual for SMP Series Hydraulic Pu,液压::Operation and Maintenance Manual for SMP Series Hydraulic Pu::chunk_1;液压::Operation and Maintenance Manual for SMP Series Hydraulic Pu::chunk_10,,Operation and Maintenance Manual for SMP Series Hydraulic Pu.md
ENT_000962,SMP Series Hydraulic Pump_Control Valve,Component,控制液压油流向与通断的阀组模块；气路控制系统核心部件，用于操控气动马达运转,液压::Operation and Maintenance Manual for SMP Series Hydraulic Pu,液压::Operation and Maintenance Manual for SMP Series Hydraulic Pu::chunk_2;液压::Operation and Maintenance Manual for SMP Series Hydraulic Pu::chunk_3,,Operation and Maintenance Manual for SMP Series Hydraulic Pu.md
ENT_000963,SMP Series Hydraulic Pump_Cooler,Component,用于系统散热的冷却器组件,液压::Operation and Maintenance Manual for SMP Series Hydraulic Pu,液压::Operation and Maintenance Manual for SMP Series Hydraulic Pu::chunk_2,,Operation and Maintenance Manual for SMP Series Hydraulic Pu.md
ENT_000964,SMP Series Hydraulic Pump_Directional Valve,Component,三位四通换向阀，用于控制液压流向的核心阀件模块,液压::Operation and Maintenance Manual for SMP Series Hydraulic Pu,液压::Operation and Maintenance Manual for SMP Series Hydraulic Pu::chunk_10,,Operation and Maintenance Manual for SMP Series Hydraulic Pu.md
ENT_000965,SMP Series Hydraulic Pump_Filter plate,Component,过滤板组件，用于液压介质过滤；油箱吸入口用于过滤杂质的核心过滤部件,液压::Operation and Maintenance Manual for SMP Series Hydraulic Pu,液压::Operation and Maintenance Manual for SMP Series Hydraulic Pu::chunk_1;液压::Operation and Maintenance Manual for SMP Series Hydraulic Pu::chunk_6;液压::Operation and Maintenance Manual for SMP Series Hydraulic Pu::chunk_7,,Operation and Maintenance Manual for SMP Series Hydraulic Pu.md
ENT_000966,SMP Series Hydraulic Pump_High Pressure Hose,Component,传输高压液压油的专用软管；连接泵站的高压输出油管，传输高压液压油,液压::Operation and Maintenance Manual for SMP Series Hydraulic Pu,液压::Operation and Maintenance Manual for SMP Series Hydraulic Pu::chunk_2;液压::Operation and Maintenance Manual for SMP Series Hydraulic Pu::chunk_5,,Operation and Maintenance Manual for SMP Series Hydraulic Pu.md
ENT_000967,SMP Series Hydraulic Pump_Hydraulic Control Module,Component,液压泵系统中的液压控制组装模块；液压泵系统中的气动控制组装模块,液压::Operation and Maintenance Manual for SMP Series Hydraulic Pu,液压::Operation and Maintenance Manual for SMP Series Hydraulic Pu::chunk_9,,Operation and Maintenance Manual for SMP Series Hydraulic Pu.md
ENT_000968,SMP Series Hydraulic Pump_Instrument,Component,显示系统压力等参数的仪表模块；压力表等监测仪表，用于显示系统运行参数,液压::Operation and Maintenance Manual for SMP Series Hydraulic Pu,液压::Operation and Maintenance Manual for SMP Series Hydraulic Pu::chunk_10;液压::Operation and Maintenance Manual for SMP Series Hydraulic Pu::chunk_2,,Operation and Maintenance Manual for SMP Series Hydraulic Pu.md
ENT_000969,SMP Series Hydraulic Pump_Oil Pump,Component,负责液压油输送的核心油泵组件,液压::Operation and Maintenance Manual for SMP Series Hydraulic Pu,液压::Operation and Maintenance Manual for SMP Series Hydraulic Pu::chunk_2,,Operation and Maintenance Manual for SMP Series Hydraulic Pu.md
ENT_000970,SMP Series Hydraulic Pump_Oil Tank,Component,储存液压油的油箱容器；存放工作液压油并提供系统压力载体的贮油组件；储存液压油的油箱组件；储存液压油的贮油箱组件；液压系统中储存液压油的核心容器组件,液压::Operation and Maintenance Manual for SMP Series Hydraulic Pu,液压::Operation and Maintenance Manual for SMP Series Hydraulic Pu::chunk_2;液压::Operation and Maintenance Manual for SMP Series Hydraulic Pu::chunk_3;液压::Operation and Maintenance Manual for SMP Series Hydraulic Pu::chunk_4;液压::Operation and Maintenance Manual for SMP Series Hydraulic Pu::chunk_5;液压::Operation and Maintenance Manual for SMP Series Hydraulic Pu::chunk_6;液压::Operation and Maintenance Manual for SMP Series Hydraulic Pu::chunk_7,,Operation and Maintenance Manual for SMP Series Hydraulic Pu.md
ENT_000971,SMP Series Hydraulic Pump_Oil Tank Module,Component,液压泵系统中的油箱组装模块,液压::Operation and Maintenance Manual for SMP Series Hydraulic Pu,液压::Operation and Maintenance Manual for SMP Series Hydraulic Pu::chunk_9,,Operation and Maintenance Manual for SMP Series Hydraulic Pu.md
ENT_000972,SMP Series Hydraulic Pump_Plunger Assembly,Component,柱塞组件，包含柱塞 1 和 2，核心运动部件,液压::Operation and Maintenance Manual for SMP Series Hydraulic Pu,液压::Operation and Maintenance Manual for SMP Series Hydraulic Pu::chunk_1,,Operation and Maintenance Manual for SMP Series Hydraulic Pu.md
ENT_000973,SMP Series Hydraulic Pump_Pneumatic Motor,Component,驱动油泵工作的气动马达模块；系统动力源组件，通过气源驱动泵站工作；驱动液压泵的气动马达组件；驱动泵站工作的气动马达组件；驱动液压泵工作的气动马达核心组件,液压::Operation and Maintenance Manual for SMP Series Hydraulic Pu,液压::Operation and Maintenance Manual for SMP Series Hydraulic Pu::chunk_2;液压::Operation and Maintenance Manual for SMP Series Hydraulic Pu::chunk_3;液压::Operation and Maintenance Manual for SMP Series Hydraulic Pu::chunk_4;液压::Operation and Maintenance Manual for SMP Series Hydraulic Pu::chunk_5;液压::Operation and Maintenance Manual for SMP Series Hydraulic Pu::chunk_6;液压::Operation and Maintenance Manual for SMP Series Hydraulic Pu::chunk_7,,Operation and Maintenance Manual for SMP Series Hydraulic Pu.md
ENT_000974,SMP Series Hydraulic Pump_Pneumatic Valve,Component,气动阀，用于气动控制液压回路的核心阀件模块,液压::Operation and Maintenance Manual for SMP Series Hydraulic Pu,液压::Operation and Maintenance Manual for SMP Series Hydraulic Pu::chunk_10,,Operation and Maintenance Manual for SMP Series Hydraulic Pu.md
ENT_000975,SMP Series Hydraulic Pump_Pressure Regulating Valve,Component,调节系统输出压力的核心阀门；高压出口设置的压力调节溢流阀；调压阀，用于调节系统工作压力的核心阀件模块,液压::Operation and Maintenance Manual for SMP Series Hydraulic Pu,液压::Operation and Maintenance Manual for SMP Series Hydraulic Pu::chunk_10;液压::Operation and Maintenance Manual for SMP Series Hydraulic Pu::chunk_2;液压::Operation and Maintenance Manual for SMP Series Hydraulic Pu::chunk_4,,Operation and Maintenance Manual for SMP Series Hydraulic Pu.md
ENT_000976,SMP Series Hydraulic Pump_Pump Body Module,Component,液压泵系统中的泵体组装模块,液压::Operation and Maintenance Manual for SMP Series Hydraulic Pu,液压::Operation and Maintenance Manual for SMP Series Hydraulic Pu::chunk_9,,Operation and Maintenance Manual for SMP Series Hydraulic Pu.md
ENT_000977,SMP Series Hydraulic Pump_Quick Connector,Component,用于快速连接液压管路的接头,液压::Operation and Maintenance Manual for SMP Series Hydraulic Pu,液压::Operation and Maintenance Manual for SMP Series Hydraulic Pu::chunk_2,,Operation and Maintenance Manual for SMP Series Hydraulic Pu.md
ENT_000978,SMP Series Hydraulic Pump_Shut-off Valve,Component,截止阀，用于切断或接通液压回路的核心阀件模块,液压::Operation and Maintenance Manual for SMP Series Hydraulic Pu,液压::Operation and Maintenance Manual for SMP Series Hydraulic Pu::chunk_10,,Operation and Maintenance Manual for SMP Series Hydraulic Pu.md
ENT_000979,SMP Series Hydraulic Pump_WA Connection Block,Component,液压泵系统中的 WA 型号连接块组件，用于集成安装各类控制阀件,液压::Operation and Maintenance Manual for SMP Series Hydraulic Pu,液压::Operation and Maintenance Manual for SMP Series Hydraulic Pu::chunk_10,,Operation and Maintenance Manual for SMP Series Hydraulic Pu.md
ENT_000980,SMP Series Hydraulic Pump_WB Connection Block,Component,液压泵系统中的 WB 型号连接块组件，用于集成安装截止阀与调压阀,液压::Operation and Maintenance Manual for SMP Series Hydraulic Pu,液压::Operation and Maintenance Manual for SMP Series Hydraulic Pu::chunk_10,,Operation and Maintenance Manual for SMP Series Hydraulic Pu.md
ENT_000981,SMP Series Hydraulic Pump_WC Connection Block,Component,液压泵系统中的 WC 型号连接块组件，用于集成安装气动阀与调压阀,液压::Operation and Maintenance Manual for SMP Series Hydraulic Pu,液压::Operation and Maintenance Manual for SMP Series Hydraulic Pu::chunk_10,,Operation and Maintenance Manual for SMP Series Hydraulic Pu.md
ENT_000982,SMP Series Hydraulic Pump_WH Connection Block,Component,液压泵系统中的 WH 型号连接块组件，用于集成安装气动阀与单向阀,液压::Operation and Maintenance Manual for SMP Series Hydraulic Pu,液压::Operation and Maintenance Manual for SMP Series Hydraulic Pu::chunk_10,,Operation and Maintenance Manual for SMP Series Hydraulic Pu.md
ENT_000983,智能无线网关_瞬变保护装置,Component,安装在网关接口处用于防护雷电瞬变的保护器件,液压::参考手册-rosemount-3051s-无线系列产品-zh-cn-10755064,液压::参考手册-rosemount-3051s-无线系列产品-zh-cn-10755064::chunk_11,,参考手册-rosemount-3051s-无线系列产品-zh-cn-10755064.md
ENT_000984,智能无线网关_集成 Web 界面,Component,智能无线网关内置用于监控网络状态和设备信息的网页交互模块,液压::参考手册-rosemount-3051s-无线系列产品-zh-cn-10755064,液压::参考手册-rosemount-3051s-无线系列产品-zh-cn-10755064::chunk_8,,参考手册-rosemount-3051s-无线系列产品-zh-cn-10755064.md
ENT_000985,船舶管路系统_ZP300 型阀门_填料,Component,阀门关键密封组件，需定期更换以防泄漏,液压::manuals-刀闸阀-zp300型-clarkson-zh-zh-cn-5197946,液压::manuals-刀闸阀-zp300型-clarkson-zh-zh-cn-5197946::chunk_10,,manuals-刀闸阀-zp300型-clarkson-zh-zh-cn-5197946.md
ENT_000986,船舶管路系统_ZP300 型阀门_填料压盖,Component,阀门阀杆密封的关键组件,液压::manuals-刀闸阀-zp300型-clarkson-zh-zh-cn-5197946,液压::manuals-刀闸阀-zp300型-clarkson-zh-zh-cn-5197946::chunk_2,,manuals-刀闸阀-zp300型-clarkson-zh-zh-cn-5197946.md
ENT_000987,船舶管路系统_ZP300 型阀门_外耐磨环,Component,阀门关键密封组件，支持有限次旋转定位以延长使用寿命,液压::manuals-刀闸阀-zp300型-clarkson-zh-zh-cn-5197946,液压::manuals-刀闸阀-zp300型-clarkson-zh-zh-cn-5197946::chunk_8,,manuals-刀闸阀-zp300型-clarkson-zh-zh-cn-5197946.md
ENT_000988,船舶管路系统_ZP300 型阀门_定位器,Component,阀门附件中的核心控制模块,液压::manuals-刀闸阀-zp300型-clarkson-zh-zh-cn-5197946,液压::manuals-刀闸阀-zp300型-clarkson-zh-zh-cn-5197946::chunk_2,,manuals-刀闸阀-zp300型-clarkson-zh-zh-cn-5197946.md
ENT_000989,船舶管路系统_ZP300 型阀门_弹性阀座,Component,阀门内部实现密封功能的关键弹性组件,液压::manuals-刀闸阀-zp300型-clarkson-zh-zh-cn-5197946,液压::manuals-刀闸阀-zp300型-clarkson-zh-zh-cn-5197946::chunk_9,,manuals-刀闸阀-zp300型-clarkson-zh-zh-cn-5197946.md
ENT_000990,船舶管路系统_ZP300 型阀门_手轮,Component,阀门手动操作的核心机械部件；安装在锥齿轮箱上用于人工输入扭矩的操作部件,液压::manuals-刀闸阀-zp300型-clarkson-zh-zh-cn-5197946,液压::manuals-刀闸阀-zp300型-clarkson-zh-zh-cn-5197946::chunk_2;液压::manuals-刀闸阀-zp300型-clarkson-zh-zh-cn-5197946::chunk_7,,manuals-刀闸阀-zp300型-clarkson-zh-zh-cn-5197946.md
ENT_000991,船舶管路系统_ZP300 型阀门_气动执行机构,Component,阀门内部具备独立控制功能的核心驱动模块；船舶管路系统 ZP300 型阀门的气动执行机构部件；阀门驱动用的气动核心执行模块；气动执行机构内包含气压驱动功能的核心气缸模块；与气缸连接的外部控制管路及附件模块,液压::manuals-刀闸阀-zp300型-clarkson-zh-zh-cn-5197946,液压::manuals-刀闸阀-zp300型-clarkson-zh-zh-cn-5197946::chunk_0;液压::manuals-刀闸阀-zp300型-clarkson-zh-zh-cn-5197946::chunk_1;液压::manuals-刀闸阀-zp300型-clarkson-zh-zh-cn-5197946::chunk_12,,manuals-刀闸阀-zp300型-clarkson-zh-zh-cn-5197946.md
ENT_000992,船舶管路系统_ZP300 型阀门_活塞杆,Component,阀门执行机构中驱动闸板运动的核心杆件；执行机构中传递动力的关键活塞杆部件,液压::manuals-刀闸阀-zp300型-clarkson-zh-zh-cn-5197946,液压::manuals-刀闸阀-zp300型-clarkson-zh-zh-cn-5197946::chunk_12;液压::manuals-刀闸阀-zp300型-clarkson-zh-zh-cn-5197946::chunk_9,,manuals-刀闸阀-zp300型-clarkson-zh-zh-cn-5197946.md
ENT_000993,船舶管路系统_ZP300 型阀门_活塞杆保护罩,Component,保护活塞杆免受外部腐蚀和损伤的覆盖件,液压::manuals-刀闸阀-zp300型-clarkson-zh-zh-cn-5197946,液压::manuals-刀闸阀-zp300型-clarkson-zh-zh-cn-5197946::chunk_9,,manuals-刀闸阀-zp300型-clarkson-zh-zh-cn-5197946.md
ENT_000994,船舶管路系统_ZP300 型阀门_液压执行机构,Component,阀门驱动用的液压缸执行核心模块,液压::manuals-刀闸阀-zp300型-clarkson-zh-zh-cn-5197946,液压::manuals-刀闸阀-zp300型-clarkson-zh-zh-cn-5197946::chunk_2,,manuals-刀闸阀-zp300型-clarkson-zh-zh-cn-5197946.md
ENT_000995,船舶管路系统_ZP300 型阀门_锥齿轮箱,Component,用于手动操作阀门的核心传动模块，包含齿轮减速机构,液压::manuals-刀闸阀-zp300型-clarkson-zh-zh-cn-5197946,液压::manuals-刀闸阀-zp300型-clarkson-zh-zh-cn-5197946::chunk_7,,manuals-刀闸阀-zp300型-clarkson-zh-zh-cn-5197946.md
ENT_000996,阀门管路系统_三偏心阀_动态负载填料组件,Component,含贝氏弹簧的恒定载荷填料结构模块,液压::vanessa-30-000-系列三偏心阀-tov-安装、操作及维护手册-zh-cn-5195650,液压::vanessa-30-000-系列三偏心阀-tov-安装、操作及维护手册-zh-cn-5195650::chunk_7,,vanessa-30-000-系列三偏心阀-tov-安装、操作及维护手册-zh-cn-5195650.md
ENT_000997,阀门管路系统_三偏心阀_填料冲洗组件,Component,用于监测泄漏和消除无组织排放的冲洗模块,液压::vanessa-30-000-系列三偏心阀-tov-安装、操作及维护手册-zh-cn-5195650,液压::vanessa-30-000-系列三偏心阀-tov-安装、操作及维护手册-zh-cn-5195650::chunk_7,,vanessa-30-000-系列三偏心阀-tov-安装、操作及维护手册-zh-cn-5195650.md
ENT_000998,阀门管路系统_三偏心阀_填料衬套,Component,阀杆周围用于密封和支撑的核心填料模块,液压::vanessa-30-000-系列三偏心阀-tov-安装、操作及维护手册-zh-cn-5195650,液压::vanessa-30-000-系列三偏心阀-tov-安装、操作及维护手册-zh-cn-5195650::chunk_4;液压::vanessa-30-000-系列三偏心阀-tov-安装、操作及维护手册-zh-cn-5195650::chunk_5,,vanessa-30-000-系列三偏心阀-tov-安装、操作及维护手册-zh-cn-5195650.md
ENT_000999,阀门管路系统_三偏心阀_密封环,Component,安装在阀瓣上用于确保密封性能的易损件,液压::vanessa-30-000-系列三偏心阀-tov-安装、操作及维护手册-zh-cn-5195650,液压::vanessa-30-000-系列三偏心阀-tov-安装、操作及维护手册-zh-cn-5195650::chunk_0;液压::vanessa-30-000-系列三偏心阀-tov-安装、操作及维护手册-zh-cn-5195650::chunk_1,,vanessa-30-000-系列三偏心阀-tov-安装、操作及维护手册-zh-cn-5195650.md
ENT_001000,阀门管路系统_三偏心阀_执行机构,Component,驱动阀门动作的电气或气动液压核心模块；驱动阀门动作且选型依赖安装方向的核心驱动组件,液压::vanessa-30-000-系列三偏心阀-tov-安装、操作及维护手册-zh-cn-5195650,液压::vanessa-30-000-系列三偏心阀-tov-安装、操作及维护手册-zh-cn-5195650::chunk_0;液压::vanessa-30-000-系列三偏心阀-tov-安装、操作及维护手册-zh-cn-5195650::chunk_1;液压::vanessa-30-000-系列三偏心阀-tov-安装、操作及维护手册-zh-cn-5195650::chunk_3,,vanessa-30-000-系列三偏心阀-tov-安装、操作及维护手册-zh-cn-5195650.md
ENT_001001,阀门管路系统_三偏心阀_衬垫,Component,管道中与阀瓣行程存在干涉风险的密封衬垫部件,液压::vanessa-30-000-系列三偏心阀-tov-安装、操作及维护手册-zh-cn-5195650,液压::vanessa-30-000-系列三偏心阀-tov-安装、操作及维护手册-zh-cn-5195650::chunk_3,,vanessa-30-000-系列三偏心阀-tov-安装、操作及维护手册-zh-cn-5195650.md
ENT_001002,阀门管路系统_三偏心阀_轴承冲洗组件,Component,用于防止轴承区域结晶和扭矩增加的冲洗模块,液压::vanessa-30-000-系列三偏心阀-tov-安装、操作及维护手册-zh-cn-5195650,液压::vanessa-30-000-系列三偏心阀-tov-安装、操作及维护手册-zh-cn-5195650::chunk_7,,vanessa-30-000-系列三偏心阀-tov-安装、操作及维护手册-zh-cn-5195650.md
ENT_001003,阀门管路系统_三偏心阀_阀杆,Component,传递执行机构扭矩至阀瓣的关键传动部件,液压::vanessa-30-000-系列三偏心阀-tov-安装、操作及维护手册-zh-cn-5195650,液压::vanessa-30-000-系列三偏心阀-tov-安装、操作及维护手册-zh-cn-5195650::chunk_0;液压::vanessa-30-000-系列三偏心阀-tov-安装、操作及维护手册-zh-cn-5195650::chunk_1,,vanessa-30-000-系列三偏心阀-tov-安装、操作及维护手册-zh-cn-5195650.md
ENT_001004,阀门管路系统_三偏心阀_阀瓣,Component,实现流体截断与密封的核心运动组件；三偏心阀内部执行截断功能的关键运动组件,液压::vanessa-30-000-系列三偏心阀-tov-安装、操作及维护手册-zh-cn-5195650,液压::vanessa-30-000-系列三偏心阀-tov-安装、操作及维护手册-zh-cn-5195650::chunk_0;液压::vanessa-30-000-系列三偏心阀-tov-安装、操作及维护手册-zh-cn-5195650::chunk_1;液压::vanessa-30-000-系列三偏心阀-tov-安装、操作及维护手册-zh-cn-5195650::chunk_3,,vanessa-30-000-系列三偏心阀-tov-安装、操作及维护手册-zh-cn-5195650.md
ENT_001005,阀门管路系统_三偏心阀_阀门支架,Component,支撑阀体结构的机械支架部件,液压::vanessa-30-000-系列三偏心阀-tov-安装、操作及维护手册-zh-cn-5195650,液压::vanessa-30-000-系列三偏心阀-tov-安装、操作及维护手册-zh-cn-5195650::chunk_4;液压::vanessa-30-000-系列三偏心阀-tov-安装、操作及维护手册-zh-cn-5195650::chunk_5,,vanessa-30-000-系列三偏心阀-tov-安装、操作及维护手册-zh-cn-5195650.md
ENT_001006,阀门管路系统_管道系统_过压保护装置,Component,防止管道系统压力超过安全限值的保护组件,液压::vanessa-30-000-系列三偏心阀-tov-安装、操作及维护手册-zh-cn-5195650,液压::vanessa-30-000-系列三偏心阀-tov-安装、操作及维护手册-zh-cn-5195650::chunk_4;液压::vanessa-30-000-系列三偏心阀-tov-安装、操作及维护手册-zh-cn-5195650::chunk_5,,vanessa-30-000-系列三偏心阀-tov-安装、操作及维护手册-zh-cn-5195650.md
ENT_001007,Rosemount 3051S 无线压力变送器_查看写保护设定,DiagnosticMethod,检查写保护安全设定的诊断步骤,液压::参考手册-rosemount-3051s-无线系列产品-zh-cn-10755064,液压::参考手册-rosemount-3051s-无线系列产品-zh-cn-10755064::chunk_3,,参考手册-rosemount-3051s-无线系列产品-zh-cn-10755064.md
ENT_001008,Rosemount 3051S 无线压力变送器_查看工作参数,DiagnosticMethod,通过菜单查看压力温度电压等工作参数,液压::参考手册-rosemount-3051s-无线系列产品-zh-cn-10755064,液压::参考手册-rosemount-3051s-无线系列产品-zh-cn-10755064::chunk_2,,参考手册-rosemount-3051s-无线系列产品-zh-cn-10755064.md
ENT_001009,Rosemount 3051S 无线压力变送器_查看连接状态,DiagnosticMethod,诊断设备当前网络连接状态的检测方法,液压::参考手册-rosemount-3051s-无线系列产品-zh-cn-10755064,液压::参考手册-rosemount-3051s-无线系列产品-zh-cn-10755064::chunk_4,,参考手册-rosemount-3051s-无线系列产品-zh-cn-10755064.md
ENT_001010,Rosemount 3051S 无线压力变送器_检查 HART 能力,DiagnosticMethod,调试前确认控制系统是否支持与 HART 7 设备通信的方法,液压::参考手册-rosemount-3051s-无线系列产品-zh-cn-10755064,液压::参考手册-rosemount-3051s-无线系列产品-zh-cn-10755064::chunk_1,,参考手册-rosemount-3051s-无线系列产品-zh-cn-10755064.md
ENT_001011,Rosemount 3051S 无线压力变送器_确认设备描述符,DiagnosticMethod,通过软件网页或工具检查系统中是否装载最新 DD 文件的方法,液压::参考手册-rosemount-3051s-无线系列产品-zh-cn-10755064,液压::参考手册-rosemount-3051s-无线系列产品-zh-cn-10755064::chunk_1,,参考手册-rosemount-3051s-无线系列产品-zh-cn-10755064.md
ENT_001012,SMP Series Hydraulic Pump_Check Air Pressure,DiagnosticMethod,确定气源气压是否符合泵站规定要求,液压::Operation and Maintenance Manual for SMP Series Hydraulic Pu,液压::Operation and Maintenance Manual for SMP Series Hydraulic Pu::chunk_9,,Operation and Maintenance Manual for SMP Series Hydraulic Pu.md
ENT_001013,智能无线网关_Web 界面验证连通性,DiagnosticMethod,通过智能无线网关网页界面检查设备联网状态和通讯路径的诊断方法,液压::参考手册-rosemount-3051s-无线系列产品-zh-cn-10755064,液压::参考手册-rosemount-3051s-无线系列产品-zh-cn-10755064::chunk_8,,参考手册-rosemount-3051s-无线系列产品-zh-cn-10755064.md
ENT_001014,船舶管路系统_ZP300 型阀门_60 天定期检查,DiagnosticMethod,制造商建议的每 60 天进行一次的标准维护检查周期,液压::manuals-刀闸阀-zp300型-clarkson-zh-zh-cn-5197946,液压::manuals-刀闸阀-zp300型-clarkson-zh-zh-cn-5197946::chunk_9,,manuals-刀闸阀-zp300型-clarkson-zh-zh-cn-5197946.md
ENT_001015,船舶管路系统_ZP300 型阀门_全开全闭功能测试,DiagnosticMethod,通过操作阀门全程运动来验证功能正常性的检测方法,液压::manuals-刀闸阀-zp300型-clarkson-zh-zh-cn-5197946,液压::manuals-刀闸阀-zp300型-clarkson-zh-zh-cn-5197946::chunk_9,,manuals-刀闸阀-zp300型-clarkson-zh-zh-cn-5197946.md
ENT_001016,船舶管路系统_ZP300 型阀门_初步检查,DiagnosticMethod,阀门安装或维护前的整体状态检查流程,液压::manuals-刀闸阀-zp300型-clarkson-zh-zh-cn-5197946,液压::manuals-刀闸阀-zp300型-clarkson-zh-zh-cn-5197946::chunk_2,,manuals-刀闸阀-zp300型-clarkson-zh-zh-cn-5197946.md
ENT_001017,阀门管路系统_三偏心阀_泄漏率监测,DiagnosticMethod,通过填料冲洗选件监测管路流体排放进入大气的速率,液压::vanessa-30-000-系列三偏心阀-tov-安装、操作及维护手册-zh-cn-5195650,液压::vanessa-30-000-系列三偏心阀-tov-安装、操作及维护手册-zh-cn-5195650::chunk_7,,vanessa-30-000-系列三偏心阀-tov-安装、操作及维护手册-zh-cn-5195650.md
ENT_001018,阀门管路系统_三偏心阀_阀门检查,DiagnosticMethod,卸货后检查密封环及填料螺母状态的检测手段；检查阀瓣行程是否干涉衬垫的特定诊断验证方法；对管路系统进行加压以验证密封性的检测手段,液压::vanessa-30-000-系列三偏心阀-tov-安装、操作及维护手册-zh-cn-5195650,液压::vanessa-30-000-系列三偏心阀-tov-安装、操作及维护手册-zh-cn-5195650::chunk_0;液压::vanessa-30-000-系列三偏心阀-tov-安装、操作及维护手册-zh-cn-5195650::chunk_1;液压::vanessa-30-000-系列三偏心阀-tov-安装、操作及维护手册-zh-cn-5195650::chunk_3;液压::vanessa-30-000-系列三偏心阀-tov-安装、操作及维护手册-zh-cn-5195650::chunk_4;液压::vanessa-30-000-系列三偏心阀-tov-安装、操作及维护手册-zh-cn-5195650::chunk_5,,vanessa-30-000-系列三偏心阀-tov-安装、操作及维护手册-zh-cn-5195650.md
ENT_001019,375 现场手操器,Equipment,用于现场连接和组态变送器的手持通讯设备；用于组态变送器的现场通讯设备,液压::参考手册-rosemount-3051s-无线系列产品-zh-cn-10755064,液压::参考手册-rosemount-3051s-无线系列产品-zh-cn-10755064::chunk_1;液压::参考手册-rosemount-3051s-无线系列产品-zh-cn-10755064::chunk_3,,参考手册-rosemount-3051s-无线系列产品-zh-cn-10755064.md
ENT_001020,AMS 软件,Equipment,用于设备组态、诊断及管理的资产管理软件工具；用于组态变送器的资产管理软件,液压::参考手册-rosemount-3051s-无线系列产品-zh-cn-10755064,液压::参考手册-rosemount-3051s-无线系列产品-zh-cn-10755064::chunk_1;液压::参考手册-rosemount-3051s-无线系列产品-zh-cn-10755064::chunk_3,,参考手册-rosemount-3051s-无线系列产品-zh-cn-10755064.md
ENT_001021,Rosemount 3051S 无线压力变送器,Equipment,网络系统内的核心无线压力测量主体设备；无线压力变送器主体设备；无线压力测量主体设备，包含外壳、模块及天线接口,液压::参考手册-rosemount-3051s-无线系列产品-zh-cn-10755064,液压::参考手册-rosemount-3051s-无线系列产品-zh-cn-10755064::chunk_1;液压::参考手册-rosemount-3051s-无线系列产品-zh-cn-10755064::chunk_11;液压::参考手册-rosemount-3051s-无线系列产品-zh-cn-10755064::chunk_3,,参考手册-rosemount-3051s-无线系列产品-zh-cn-10755064.md
ENT_001022,SMP Series Hydraulic Pump_Enclosure,Equipment,液压泵电气外壳，提供物理防护,液压::Operation and Maintenance Manual for SMP Series Hydraulic Pu,液压::Operation and Maintenance Manual for SMP Series Hydraulic Pu::chunk_1,,Operation and Maintenance Manual for SMP Series Hydraulic Pu.md
ENT_001023,SMP Series Hydraulic Pump_Main Unit,Equipment,SMP 系列液压气动泵主体成套设备；液压泵站主体设备，包含油箱、马达及控制阀等核心组件；SMP 系列泵主体设备单元；液压泵站主体设备，包含核心泵送与控制功能；SMP 系列液压泵的主体设备单元，包含各功能模块,液压::Operation and Maintenance Manual for SMP Series Hydraulic Pu,液压::Operation and Maintenance Manual for SMP Series Hydraulic Pu::chunk_10;液压::Operation and Maintenance Manual for SMP Series Hydraulic Pu::chunk_2;液压::Operation and Maintenance Manual for SMP Series Hydraulic Pu::chunk_3;液压::Operation and Maintenance Manual for SMP Series Hydraulic Pu::chunk_4;液压::Operation and Maintenance Manual for SMP Series Hydraulic Pu::chunk_5,,Operation and Maintenance Manual for SMP Series Hydraulic Pu.md
ENT_001024,SMP Series Hydraulic Pump_Valve Pump,Equipment,核心阀泵组件，包含 C/D/H 多种类型配置,液压::Operation and Maintenance Manual for SMP Series Hydraulic Pu,液压::Operation and Maintenance Manual for SMP Series Hydraulic Pu::chunk_1,,Operation and Maintenance Manual for SMP Series Hydraulic Pu.md
ENT_001025,SMP Series Hydraulic Pump_Warning Plate,Equipment,系统安全警告标识牌，用于提示操作风险；设备上的警告标识牌，用于提示操作风险,液压::Operation and Maintenance Manual for SMP Series Hydraulic Pu,液压::Operation and Maintenance Manual for SMP Series Hydraulic Pu::chunk_1;液压::Operation and Maintenance Manual for SMP Series Hydraulic Pu::chunk_6;液压::Operation and Maintenance Manual for SMP Series Hydraulic Pu::chunk_7,,Operation and Maintenance Manual for SMP Series Hydraulic Pu.md
ENT_001026,WirelessHART 监测网络系统_Rosemount 304 一体化阀组,Equipment,传统式或对夹式阀组，用于变送器过程截断泄放,液压::参考手册-rosemount-3051s-无线系列产品-zh-cn-10755064,液压::参考手册-rosemount-3051s-无线系列产品-zh-cn-10755064::chunk_7,,参考手册-rosemount-3051s-无线系列产品-zh-cn-10755064.md
ENT_001027,WirelessHART 监测网络系统_Rosemount 305 一体化阀组,Equipment,传统式或 Coplanar 式阀组，用于变送器过程截断泄放,液压::参考手册-rosemount-3051s-无线系列产品-zh-cn-10755064,液压::参考手册-rosemount-3051s-无线系列产品-zh-cn-10755064::chunk_7,,参考手册-rosemount-3051s-无线系列产品-zh-cn-10755064.md
ENT_001028,WirelessHART 监测网络系统_Rosemount 306 一体化阀组,Equipment,专用于直连式变送器的截断泄放阀组,液压::参考手册-rosemount-3051s-无线系列产品-zh-cn-10755064,液压::参考手册-rosemount-3051s-无线系列产品-zh-cn-10755064::chunk_7,,参考手册-rosemount-3051s-无线系列产品-zh-cn-10755064.md
ENT_001029,智能无线网关,Equipment,用于连接变送器与主机系统的无线通讯网关设备；无线网络的汇聚与监控核心设备,液压::参考手册-rosemount-3051s-无线系列产品-zh-cn-10755064,液压::参考手册-rosemount-3051s-无线系列产品-zh-cn-10755064::chunk_1;液压::参考手册-rosemount-3051s-无线系列产品-zh-cn-10755064::chunk_11,,参考手册-rosemount-3051s-无线系列产品-zh-cn-10755064.md
ENT_001030,船舶管路系统_ZP300 型阀门,Equipment,管路系统中独立成套的 ZP300 型阀门主体设备；船舶管路系统中的 ZP300 型阀门主体设备；管路系统中独立成套的 ZP300 型号阀门设备；管路系统中的核心控制设备，本次提取的安装与维护主体；管路系统中的核心控制设备，作为齿轮箱驱动的承载主体；船舶管路系统中的 ZP300 型核心阀门设备；管路系统中的核心 ZP300 型号阀门设备,液压::manuals-刀闸阀-zp300型-clarkson-zh-zh-cn-5197946,液压::manuals-刀闸阀-zp300型-clarkson-zh-zh-cn-5197946::chunk_0;液压::manuals-刀闸阀-zp300型-clarkson-zh-zh-cn-5197946::chunk_1;液压::manuals-刀闸阀-zp300型-clarkson-zh-zh-cn-5197946::chunk_12;液压::manuals-刀闸阀-zp300型-clarkson-zh-zh-cn-5197946::chunk_2;液压::manuals-刀闸阀-zp300型-clarkson-zh-zh-cn-5197946::chunk_3;液压::manuals-刀闸阀-zp300型-clarkson-zh-zh-cn-5197946::chunk_7;液压::manuals-刀闸阀-zp300型-clarkson-zh-zh-cn-5197946::chunk_9,,manuals-刀闸阀-zp300型-clarkson-zh-zh-cn-5197946.md
ENT_001031,阀门管路系统_三偏心阀,Equipment,管路系统中的核心隔离与控制设备主体；阀门管路系统中的核心三偏心阀设备主体,液压::vanessa-30-000-系列三偏心阀-tov-安装、操作及维护手册-zh-cn-5195650,液压::vanessa-30-000-系列三偏心阀-tov-安装、操作及维护手册-zh-cn-5195650::chunk_0;液压::vanessa-30-000-系列三偏心阀-tov-安装、操作及维护手册-zh-cn-5195650::chunk_1;液压::vanessa-30-000-系列三偏心阀-tov-安装、操作及维护手册-zh-cn-5195650::chunk_3,,vanessa-30-000-系列三偏心阀-tov-安装、操作及维护手册-zh-cn-5195650.md
ENT_001032,阀门管路系统_管道法兰,Equipment,与阀门端部连接固定的管路接口设备,液压::vanessa-30-000-系列三偏心阀-tov-安装、操作及维护手册-zh-cn-5195650,液压::vanessa-30-000-系列三偏心阀-tov-安装、操作及维护手册-zh-cn-5195650::chunk_0;液压::vanessa-30-000-系列三偏心阀-tov-安装、操作及维护手册-zh-cn-5195650::chunk_1,,vanessa-30-000-系列三偏心阀-tov-安装、操作及维护手册-zh-cn-5195650.md
ENT_001033,阀门管路系统_管道系统,Equipment,与三偏心阀连接的外部管道输送系统,液压::vanessa-30-000-系列三偏心阀-tov-安装、操作及维护手册-zh-cn-5195650,液压::vanessa-30-000-系列三偏心阀-tov-安装、操作及维护手册-zh-cn-5195650::chunk_4;液压::vanessa-30-000-系列三偏心阀-tov-安装、操作及维护手册-zh-cn-5195650::chunk_5,,vanessa-30-000-系列三偏心阀-tov-安装、操作及维护手册-zh-cn-5195650.md
ENT_001034,Rosemount 3051S 无线压力变送器_安装位置改变,FaultCause,变送器未水平安装或位置变动导致液体压头变化从而引发零点偏移,液压::参考手册-rosemount-3051s-无线系列产品-zh-cn-10755064,液压::参考手册-rosemount-3051s-无线系列产品-zh-cn-10755064::chunk_5,,参考手册-rosemount-3051s-无线系列产品-zh-cn-10755064.md
ENT_001035,Rosemount 3051S 无线压力变送器_导压管摩擦损耗,FaultCause,导压管口径过小或吹扫不当导致的压力摩擦损耗,液压::参考手册-rosemount-3051s-无线系列产品-zh-cn-10755064,液压::参考手册-rosemount-3051s-无线系列产品-zh-cn-10755064::chunk_6,,参考手册-rosemount-3051s-无线系列产品-zh-cn-10755064.md
ENT_001036,Rosemount 3051S 无线压力变送器_导压管残留气体,FaultCause,液体管道中残留气体导致的测量误差；气体管道中残留液体导致的测量误差,液压::参考手册-rosemount-3051s-无线系列产品-zh-cn-10755064,液压::参考手册-rosemount-3051s-无线系列产品-zh-cn-10755064::chunk_6,,参考手册-rosemount-3051s-无线系列产品-zh-cn-10755064.md
ENT_001037,Rosemount 3051S 无线压力变送器_导压管泄漏,FaultCause,导压管连接处密封不良导致的压力泄漏,液压::参考手册-rosemount-3051s-无线系列产品-zh-cn-10755064,液压::参考手册-rosemount-3051s-无线系列产品-zh-cn-10755064::chunk_6,,参考手册-rosemount-3051s-无线系列产品-zh-cn-10755064.md
ENT_001038,Rosemount 3051S 无线压力变送器_支管密度差异,FaultCause,两根导压支管间密度差异导致的测量误差,液压::参考手册-rosemount-3051s-无线系列产品-zh-cn-10755064,液压::参考手册-rosemount-3051s-无线系列产品-zh-cn-10755064::chunk_6,,参考手册-rosemount-3051s-无线系列产品-zh-cn-10755064.md
ENT_001039,Rosemount 3051S 无线压力变送器_网络 ID 或连接密钥不匹配,FaultCause,变送器设置的网络 ID 和密钥与网关不一致导致通讯失败,液压::参考手册-rosemount-3051s-无线系列产品-zh-cn-10755064,液压::参考手册-rosemount-3051s-无线系列产品-zh-cn-10755064::chunk_1,,参考手册-rosemount-3051s-无线系列产品-zh-cn-10755064.md
ENT_001040,Rosemount 3051S 无线压力变送器_设备描述符版本过旧,FaultCause,系统未装载最新设备描述符导致无法使用新功能或通讯异常,液压::参考手册-rosemount-3051s-无线系列产品-zh-cn-10755064,液压::参考手册-rosemount-3051s-无线系列产品-zh-cn-10755064::chunk_1,,参考手册-rosemount-3051s-无线系列产品-zh-cn-10755064.md
ENT_001041,SMP Series Hydraulic Pump_Accident And Abuse,FaultCause,因意外事故或滥用引起的损坏,液压::Operation and Maintenance Manual for SMP Series Hydraulic Pu,液压::Operation and Maintenance Manual for SMP Series Hydraulic Pu::chunk_12,,Operation and Maintenance Manual for SMP Series Hydraulic Pu.md
ENT_001042,SMP Series Hydraulic Pump_Air Ingestion,FaultCause,系统吸入空气导致的故障,液压::Operation and Maintenance Manual for SMP Series Hydraulic Pu,液压::Operation and Maintenance Manual for SMP Series Hydraulic Pu::chunk_9,,Operation and Maintenance Manual for SMP Series Hydraulic Pu.md
ENT_001043,SMP Series Hydraulic Pump_Air Pressure Mismatch,FaultCause,气源气压不符合泵站规定要求,液压::Operation and Maintenance Manual for SMP Series Hydraulic Pu,液压::Operation and Maintenance Manual for SMP Series Hydraulic Pu::chunk_9,,Operation and Maintenance Manual for SMP Series Hydraulic Pu.md
ENT_001044,SMP Series Hydraulic Pump_Air Source Disconnected,FaultCause,气源未接通导致的故障原因,液压::Operation and Maintenance Manual for SMP Series Hydraulic Pu,液压::Operation and Maintenance Manual for SMP Series Hydraulic Pu::chunk_9,,Operation and Maintenance Manual for SMP Series Hydraulic Pu.md
ENT_001045,SMP Series Hydraulic Pump_Contamination,FaultCause,注油口或接头处脏污引发的故障原因,液压::Operation and Maintenance Manual for SMP Series Hydraulic Pu,液压::Operation and Maintenance Manual for SMP Series Hydraulic Pu::chunk_5,,Operation and Maintenance Manual for SMP Series Hydraulic Pu.md
ENT_001046,SMP Series Hydraulic Pump_Hose Environmental Exposure,FaultCause,过热腐蚀环境导致软管损坏的原因,液压::Operation and Maintenance Manual for SMP Series Hydraulic Pu,液压::Operation and Maintenance Manual for SMP Series Hydraulic Pu::chunk_11,,Operation and Maintenance Manual for SMP Series Hydraulic Pu.md
ENT_001047,SMP Series Hydraulic Pump_Hose Excessive Bending,FaultCause,弯曲半径过小导致软管损坏的原因,液压::Operation and Maintenance Manual for SMP Series Hydraulic Pu,液压::Operation and Maintenance Manual for SMP Series Hydraulic Pu::chunk_11,,Operation and Maintenance Manual for SMP Series Hydraulic Pu.md
ENT_001048,SMP Series Hydraulic Pump_Hose Impact Load,FaultCause,重物冲击导致软管损坏的原因,液压::Operation and Maintenance Manual for SMP Series Hydraulic Pu,液压::Operation and Maintenance Manual for SMP Series Hydraulic Pu::chunk_11,,Operation and Maintenance Manual for SMP Series Hydraulic Pu.md
ENT_001049,SMP Series Hydraulic Pump_Hose Winding Operation,FaultCause,软管缠绕导致背压过大损坏的原因,液压::Operation and Maintenance Manual for SMP Series Hydraulic Pu,液压::Operation and Maintenance Manual for SMP Series Hydraulic Pu::chunk_11,,Operation and Maintenance Manual for SMP Series Hydraulic Pu.md
ENT_001050,SMP Series Hydraulic Pump_Improper Operation,FaultCause,因操作不当或不按规范操作引起的损坏,液压::Operation and Maintenance Manual for SMP Series Hydraulic Pu,液压::Operation and Maintenance Manual for SMP Series Hydraulic Pu::chunk_12,,Operation and Maintenance Manual for SMP Series Hydraulic Pu.md
ENT_001051,SMP Series Hydraulic Pump_Loose Connector,FaultCause,快速接头未拧紧导致间隙的故障原因,液压::Operation and Maintenance Manual for SMP Series Hydraulic Pu,液压::Operation and Maintenance Manual for SMP Series Hydraulic Pu::chunk_2,,Operation and Maintenance Manual for SMP Series Hydraulic Pu.md
ENT_001052,SMP Series Hydraulic Pump_Low Oil Level,FaultCause,液压油低于油标视窗位置导致的故障诱因,液压::Operation and Maintenance Manual for SMP Series Hydraulic Pu,液压::Operation and Maintenance Manual for SMP Series Hydraulic Pu::chunk_3,,Operation and Maintenance Manual for SMP Series Hydraulic Pu.md
ENT_001053,SMP Series Hydraulic Pump_Manufacturing Defect,FaultCause,因材料缺陷引起的质量问题；因制造缺陷引起的质量问题,液压::Operation and Maintenance Manual for SMP Series Hydraulic Pu,液压::Operation and Maintenance Manual for SMP Series Hydraulic Pu::chunk_12,,Operation and Maintenance Manual for SMP Series Hydraulic Pu.md
ENT_001054,SMP Series Hydraulic Pump_No Oil Start,FaultCause,在无液压油状态下启动泵站的违规操作,液压::Operation and Maintenance Manual for SMP Series Hydraulic Pu,液压::Operation and Maintenance Manual for SMP Series Hydraulic Pu::chunk_5,,Operation and Maintenance Manual for SMP Series Hydraulic Pu.md
ENT_001055,SMP Series Hydraulic Pump_Overpressure Operation,FaultCause,压力调节超过设定值导致的故障原因,液压::Operation and Maintenance Manual for SMP Series Hydraulic Pu,液压::Operation and Maintenance Manual for SMP Series Hydraulic Pu::chunk_2,,Operation and Maintenance Manual for SMP Series Hydraulic Pu.md
ENT_001056,SMP Series Hydraulic Pump_Pump Bearing Damage,FaultCause,径向柱塞泵轴承损坏导致的噪音,液压::Operation and Maintenance Manual for SMP Series Hydraulic Pu,液压::Operation and Maintenance Manual for SMP Series Hydraulic Pu::chunk_9,,Operation and Maintenance Manual for SMP Series Hydraulic Pu.md
ENT_001057,SMP Series Hydraulic Pump_Quick Connector Improper Seating,FaultCause,快速接头未接到位导致的故障原因,液压::Operation and Maintenance Manual for SMP Series Hydraulic Pu,液压::Operation and Maintenance Manual for SMP Series Hydraulic Pu::chunk_9,,Operation and Maintenance Manual for SMP Series Hydraulic Pu.md
ENT_001058,SMP Series Hydraulic Pump_Quick Connector Seal Wear,FaultCause,快速接头密封圈或挡圈磨损,液压::Operation and Maintenance Manual for SMP Series Hydraulic Pu,液压::Operation and Maintenance Manual for SMP Series Hydraulic Pu::chunk_9,,Operation and Maintenance Manual for SMP Series Hydraulic Pu.md
ENT_001059,SMP Series Hydraulic Pump_Quick Connector Seating Failure,FaultCause,快速接头无法接到位引起系统内敞压,液压::Operation and Maintenance Manual for SMP Series Hydraulic Pu,液压::Operation and Maintenance Manual for SMP Series Hydraulic Pu::chunk_9,,Operation and Maintenance Manual for SMP Series Hydraulic Pu.md
ENT_001060,SMP Series Hydraulic Pump_Relief Valve Low Setting,FaultCause,溢流阀调整得过低导致的压力不足,液压::Operation and Maintenance Manual for SMP Series Hydraulic Pu,液压::Operation and Maintenance Manual for SMP Series Hydraulic Pu::chunk_9,,Operation and Maintenance Manual for SMP Series Hydraulic Pu.md
ENT_001061,SMP Series Hydraulic Pump_Seal Failure,FaultCause,密封件失灵导致的压力下降,液压::Operation and Maintenance Manual for SMP Series Hydraulic Pu,液压::Operation and Maintenance Manual for SMP Series Hydraulic Pu::chunk_9,,Operation and Maintenance Manual for SMP Series Hydraulic Pu.md
ENT_001062,SMP Series Hydraulic Pump_Tank Pressurized Opening,FaultCause,贮油箱增压状态下打开箱盖的危险操作,液压::Operation and Maintenance Manual for SMP Series Hydraulic Pu,液压::Operation and Maintenance Manual for SMP Series Hydraulic Pu::chunk_5,,Operation and Maintenance Manual for SMP Series Hydraulic Pu.md
ENT_001063,SMP Series Hydraulic Pump_Unauthorized Modification,FaultCause,因未经授权的产品改装或修理引起的损坏,液压::Operation and Maintenance Manual for SMP Series Hydraulic Pu,液压::Operation and Maintenance Manual for SMP Series Hydraulic Pu::chunk_12,,Operation and Maintenance Manual for SMP Series Hydraulic Pu.md
ENT_001064,SMP Series Hydraulic Pump_Valve Malfunction,FaultCause,节流阀或手动单向阀未关紧、未调整到位或损坏,液压::Operation and Maintenance Manual for SMP Series Hydraulic Pu,液压::Operation and Maintenance Manual for SMP Series Hydraulic Pu::chunk_9,,Operation and Maintenance Manual for SMP Series Hydraulic Pu.md
ENT_001065,SMP Series Hydraulic Pump_Water Oil Mixture,FaultCause,液压油中混入水分,液压::Operation and Maintenance Manual for SMP Series Hydraulic Pu,液压::Operation and Maintenance Manual for SMP Series Hydraulic Pu::chunk_9,,Operation and Maintenance Manual for SMP Series Hydraulic Pu.md
ENT_001066,SMP Series Hydraulic Pump_Wrong Oil Type,FaultCause,未使用指定型号液压油导致的故障原因,液压::Operation and Maintenance Manual for SMP Series Hydraulic Pu,液压::Operation and Maintenance Manual for SMP Series Hydraulic Pu::chunk_2,,Operation and Maintenance Manual for SMP Series Hydraulic Pu.md
ENT_001067,法兰错位连接,FaultCause,配对法兰未正确对齐导致应力集中的诱发原因；导致阀门故障的法兰错位连接原因,液压::manuals-刀闸阀-zp300型-clarkson-zh-zh-cn-5197946,液压::manuals-刀闸阀-zp300型-clarkson-zh-zh-cn-5197946::chunk_0;液压::manuals-刀闸阀-zp300型-clarkson-zh-zh-cn-5197946::chunk_1,,manuals-刀闸阀-zp300型-clarkson-zh-zh-cn-5197946.md
ENT_001068,船舶管路系统_ZP300 型阀门_填料过度拧紧,FaultCause,填料压盖螺栓拧紧力矩过大导致故障的原因,液压::manuals-刀闸阀-zp300型-clarkson-zh-zh-cn-5197946,液压::manuals-刀闸阀-zp300型-clarkson-zh-zh-cn-5197946::chunk_2,,manuals-刀闸阀-zp300型-clarkson-zh-zh-cn-5197946.md
ENT_001069,船舶管路系统_ZP300 型阀门_装运冲击,FaultCause,运输途中震动碰撞导致设备损坏的原因,液压::manuals-刀闸阀-zp300型-clarkson-zh-zh-cn-5197946,液压::manuals-刀闸阀-zp300型-clarkson-zh-zh-cn-5197946::chunk_2,,manuals-刀闸阀-zp300型-clarkson-zh-zh-cn-5197946.md
ENT_001070,阀门管路系统_三偏心阀_尺寸不正确的螺杆,FaultCause,导致法兰泄漏或螺纹损坏的直接诱因,液压::vanessa-30-000-系列三偏心阀-tov-安装、操作及维护手册-zh-cn-5195650,液压::vanessa-30-000-系列三偏心阀-tov-安装、操作及维护手册-zh-cn-5195650::chunk_0;液压::vanessa-30-000-系列三偏心阀-tov-安装、操作及维护手册-zh-cn-5195650::chunk_1,,vanessa-30-000-系列三偏心阀-tov-安装、操作及维护手册-zh-cn-5195650.md
ENT_001071,阀门管路系统_三偏心阀_硫磺结晶,FaultCause,硫磺回收应用中液态或气态硫磺进入轴承区形成结晶,液压::vanessa-30-000-系列三偏心阀-tov-安装、操作及维护手册-zh-cn-5195650,液压::vanessa-30-000-系列三偏心阀-tov-安装、操作及维护手册-zh-cn-5195650::chunk_7,,vanessa-30-000-系列三偏心阀-tov-安装、操作及维护手册-zh-cn-5195650.md
ENT_001072,阀门管路系统_三偏心阀_阀杆安装角度不当,FaultCause,导致固体颗粒沉积问题的安装位置原因,液压::vanessa-30-000-系列三偏心阀-tov-安装、操作及维护手册-zh-cn-5195650,液压::vanessa-30-000-系列三偏心阀-tov-安装、操作及维护手册-zh-cn-5195650::chunk_0;液压::vanessa-30-000-系列三偏心阀-tov-安装、操作及维护手册-zh-cn-5195650::chunk_1,,vanessa-30-000-系列三偏心阀-tov-安装、操作及维护手册-zh-cn-5195650.md
ENT_001073,Rosemount 3051S 无线压力变送器_测量误差,FaultPhenomenon,因导压管安装不当导致的压力测量值不准确,液压::参考手册-rosemount-3051s-无线系列产品-zh-cn-10755064,液压::参考手册-rosemount-3051s-无线系列产品-zh-cn-10755064::chunk_6,,参考手册-rosemount-3051s-无线系列产品-zh-cn-10755064.md
ENT_001074,Rosemount 3051S 无线压力变送器_设备未连入网络,FaultPhenomenon,变送器无法与智能无线网关或主机系统通讯的故障现象,液压::参考手册-rosemount-3051s-无线系列产品-zh-cn-10755064,液压::参考手册-rosemount-3051s-无线系列产品-zh-cn-10755064::chunk_1,,参考手册-rosemount-3051s-无线系列产品-zh-cn-10755064.md
ENT_001075,Rosemount 3051S 无线压力变送器_通讯连接失败,FaultPhenomenon,通讯设备或 AMS 软件未能与变送器建立连接的异常症状,液压::参考手册-rosemount-3051s-无线系列产品-zh-cn-10755064,液压::参考手册-rosemount-3051s-无线系列产品-zh-cn-10755064::chunk_1,,参考手册-rosemount-3051s-无线系列产品-zh-cn-10755064.md
ENT_001076,Rosemount 3051S 无线压力变送器_零点发生偏移,FaultPhenomenon,变送器安装位置改变导致测量零点出现偏差的异常现象,液压::参考手册-rosemount-3051s-无线系列产品-zh-cn-10755064,液压::参考手册-rosemount-3051s-无线系列产品-zh-cn-10755064::chunk_5,,参考手册-rosemount-3051s-无线系列产品-zh-cn-10755064.md
ENT_001077,SMP Series Hydraulic Pump_Equipment Damage,FaultPhenomenon,因超压或错误操作导致的设备损坏；泵站因油量不足或操作不当导致的设备损坏现象；泵站设备发生的物理损坏或功能失效,液压::Operation and Maintenance Manual for SMP Series Hydraulic Pu,液压::Operation and Maintenance Manual for SMP Series Hydraulic Pu::chunk_2;液压::Operation and Maintenance Manual for SMP Series Hydraulic Pu::chunk_3;液压::Operation and Maintenance Manual for SMP Series Hydraulic Pu::chunk_5,,Operation and Maintenance Manual for SMP Series Hydraulic Pu.md
ENT_001078,SMP Series Hydraulic Pump_High Noise Operation,FaultPhenomenon,泵运行过程中有强烈噪音的故障现象,液压::Operation and Maintenance Manual for SMP Series Hydraulic Pu,液压::Operation and Maintenance Manual for SMP Series Hydraulic Pu::chunk_9,,Operation and Maintenance Manual for SMP Series Hydraulic Pu.md
ENT_001079,SMP Series Hydraulic Pump_High Pressure Fluid Leakage,FaultPhenomenon,高压状态下液压油意外喷射或泄漏的现象,液压::Operation and Maintenance Manual for SMP Series Hydraulic Pu,液压::Operation and Maintenance Manual for SMP Series Hydraulic Pu::chunk_6;液压::Operation and Maintenance Manual for SMP Series Hydraulic Pu::chunk_7,,Operation and Maintenance Manual for SMP Series Hydraulic Pu.md
ENT_001080,SMP Series Hydraulic Pump_Hose Bursting,FaultPhenomenon,高压软管因损坏发生的爆裂现象,液压::Operation and Maintenance Manual for SMP Series Hydraulic Pu,液压::Operation and Maintenance Manual for SMP Series Hydraulic Pu::chunk_11,,Operation and Maintenance Manual for SMP Series Hydraulic Pu.md
ENT_001081,SMP Series Hydraulic Pump_Hose Internal Damage,FaultPhenomenon,高压软管内部结构受损的故障现象,液压::Operation and Maintenance Manual for SMP Series Hydraulic Pu,液压::Operation and Maintenance Manual for SMP Series Hydraulic Pu::chunk_11,,Operation and Maintenance Manual for SMP Series Hydraulic Pu.md
ENT_001082,SMP Series Hydraulic Pump_Oil Leakage,FaultPhenomenon,液压油从管路或接头处泄漏现象,液压::Operation and Maintenance Manual for SMP Series Hydraulic Pu,液压::Operation and Maintenance Manual for SMP Series Hydraulic Pu::chunk_2,,Operation and Maintenance Manual for SMP Series Hydraulic Pu.md
ENT_001083,SMP Series Hydraulic Pump_Personal Injury,FaultPhenomenon,因高压油喷出或负载跌落造成的人身伤害；操作人员遭受的人身伤害或安全事故；人员因设备故障或操作不当受到的身体伤害,液压::Operation and Maintenance Manual for SMP Series Hydraulic Pu,液压::Operation and Maintenance Manual for SMP Series Hydraulic Pu::chunk_2;液压::Operation and Maintenance Manual for SMP Series Hydraulic Pu::chunk_5;液压::Operation and Maintenance Manual for SMP Series Hydraulic Pu::chunk_6;液压::Operation and Maintenance Manual for SMP Series Hydraulic Pu::chunk_7,,Operation and Maintenance Manual for SMP Series Hydraulic Pu.md
ENT_001084,SMP Series Hydraulic Pump_Pressure Below Rated,FaultPhenomenon,系统压力达不到额定压力的故障现象,液压::Operation and Maintenance Manual for SMP Series Hydraulic Pu,液压::Operation and Maintenance Manual for SMP Series Hydraulic Pu::chunk_9,,Operation and Maintenance Manual for SMP Series Hydraulic Pu.md
ENT_001085,SMP Series Hydraulic Pump_Pressure Drop Static,FaultPhenomenon,静压使用时压力缓慢下降的故障现象,液压::Operation and Maintenance Manual for SMP Series Hydraulic Pu,液压::Operation and Maintenance Manual for SMP Series Hydraulic Pu::chunk_9,,Operation and Maintenance Manual for SMP Series Hydraulic Pu.md
ENT_001086,SMP Series Hydraulic Pump_Pump Start Failure,FaultPhenomenon,泵站无法启动的故障现象,液压::Operation and Maintenance Manual for SMP Series Hydraulic Pu,液压::Operation and Maintenance Manual for SMP Series Hydraulic Pu::chunk_9,,Operation and Maintenance Manual for SMP Series Hydraulic Pu.md
ENT_001087,SMP Series Hydraulic Pump_System No Pressure,FaultPhenomenon,系统无压力的故障现象,液压::Operation and Maintenance Manual for SMP Series Hydraulic Pu,液压::Operation and Maintenance Manual for SMP Series Hydraulic Pu::chunk_9,,Operation and Maintenance Manual for SMP Series Hydraulic Pu.md
ENT_001088,智能无线网关_红色状态指示灯,FaultPhenomenon,网关界面显示红色指示灯表明设备或其通讯路径存在异常的现象,液压::参考手册-rosemount-3051s-无线系列产品-zh-cn-10755064,液压::参考手册-rosemount-3051s-无线系列产品-zh-cn-10755064::chunk_8,,参考手册-rosemount-3051s-无线系列产品-zh-cn-10755064.md
ENT_001089,船舶管路系统_ZP300 型阀门_填料寿命缩短,FaultPhenomenon,填料因不当维护导致使用寿命降低,液压::manuals-刀闸阀-zp300型-clarkson-zh-zh-cn-5197946,液压::manuals-刀闸阀-zp300型-clarkson-zh-zh-cn-5197946::chunk_2,,manuals-刀闸阀-zp300型-clarkson-zh-zh-cn-5197946.md
ENT_001090,船舶管路系统_ZP300 型阀门_填料泄漏,FaultPhenomenon,阀杆填料密封失效导致的介质泄漏,液压::manuals-刀闸阀-zp300型-clarkson-zh-zh-cn-5197946,液压::manuals-刀闸阀-zp300型-clarkson-zh-zh-cn-5197946::chunk_2,,manuals-刀闸阀-zp300型-clarkson-zh-zh-cn-5197946.md
ENT_001091,船舶管路系统_ZP300 型阀门_填料磨损,FaultPhenomenon,阀门填料压盖处填料出现磨损的故障症状,液压::manuals-刀闸阀-zp300型-clarkson-zh-zh-cn-5197946,液压::manuals-刀闸阀-zp300型-clarkson-zh-zh-cn-5197946::chunk_9,,manuals-刀闸阀-zp300型-clarkson-zh-zh-cn-5197946.md
ENT_001092,船舶管路系统_ZP300 型阀门_弹性阀座膨胀,FaultPhenomenon,弹性阀座因介质影响出现膨胀变形的故障症状,液压::manuals-刀闸阀-zp300型-clarkson-zh-zh-cn-5197946,液压::manuals-刀闸阀-zp300型-clarkson-zh-zh-cn-5197946::chunk_9,,manuals-刀闸阀-zp300型-clarkson-zh-zh-cn-5197946.md
ENT_001093,船舶管路系统_ZP300 型阀门_弹性阀座裂纹,FaultPhenomenon,弹性阀座表面出现裂纹缺陷的故障症状,液压::manuals-刀闸阀-zp300型-clarkson-zh-zh-cn-5197946,液压::manuals-刀闸阀-zp300型-clarkson-zh-zh-cn-5197946::chunk_9,,manuals-刀闸阀-zp300型-clarkson-zh-zh-cn-5197946.md
ENT_001094,船舶管路系统_ZP300 型阀门_手轮松动,FaultPhenomenon,手轮固定螺母未拧紧导致的操作隐患,液压::manuals-刀闸阀-zp300型-clarkson-zh-zh-cn-5197946,液压::manuals-刀闸阀-zp300型-clarkson-zh-zh-cn-5197946::chunk_2,,manuals-刀闸阀-zp300型-clarkson-zh-zh-cn-5197946.md
ENT_001095,船舶管路系统_ZP300 型阀门_操作扭矩增加,FaultPhenomenon,阀门操作阻力异常增大的故障症状,液压::manuals-刀闸阀-zp300型-clarkson-zh-zh-cn-5197946,液压::manuals-刀闸阀-zp300型-clarkson-zh-zh-cn-5197946::chunk_2,,manuals-刀闸阀-zp300型-clarkson-zh-zh-cn-5197946.md
ENT_001096,船舶管路系统_ZP300 型阀门_活塞杆保护罩破损,FaultPhenomenon,活塞杆保护罩出现物理损坏的故障症状,液压::manuals-刀闸阀-zp300型-clarkson-zh-zh-cn-5197946,液压::manuals-刀闸阀-zp300型-clarkson-zh-zh-cn-5197946::chunk_9,,manuals-刀闸阀-zp300型-clarkson-zh-zh-cn-5197946.md
ENT_001097,船舶管路系统_ZP300 型阀门_活塞杆密封漏气,FaultPhenomenon,活塞杆密封处出现气体泄漏的故障症状,液压::manuals-刀闸阀-zp300型-clarkson-zh-zh-cn-5197946,液压::manuals-刀闸阀-zp300型-clarkson-zh-zh-cn-5197946::chunk_9,,manuals-刀闸阀-zp300型-clarkson-zh-zh-cn-5197946.md
ENT_001098,船舶管路系统_ZP300 型阀门_活塞杆过度腐蚀,FaultPhenomenon,活塞杆表面出现严重腐蚀现象的故障症状,液压::manuals-刀闸阀-zp300型-clarkson-zh-zh-cn-5197946,液压::manuals-刀闸阀-zp300型-clarkson-zh-zh-cn-5197946::chunk_9,,manuals-刀闸阀-zp300型-clarkson-zh-zh-cn-5197946.md
ENT_001099,船舶管路系统_ZP300 型阀门_耐磨环基底金属腐蚀,FaultPhenomenon,耐磨环堆焊层下基底金属裸露腐蚀的故障症状,液压::manuals-刀闸阀-zp300型-clarkson-zh-zh-cn-5197946,液压::manuals-刀闸阀-zp300型-clarkson-zh-zh-cn-5197946::chunk_9,,manuals-刀闸阀-zp300型-clarkson-zh-zh-cn-5197946.md
ENT_001100,船舶管路系统_ZP300 型阀门_耐磨环密封泄漏,FaultPhenomenon,因耐磨环与阀体间密封失效导致的介质泄漏异常,液压::manuals-刀闸阀-zp300型-clarkson-zh-zh-cn-5197946,液压::manuals-刀闸阀-zp300型-clarkson-zh-zh-cn-5197946::chunk_8,,manuals-刀闸阀-zp300型-clarkson-zh-zh-cn-5197946.md
ENT_001101,船舶管路系统_ZP300 型阀门_装运损坏,FaultPhenomenon,运输过程中导致的阀门外观或功能异常,液压::manuals-刀闸阀-zp300型-clarkson-zh-zh-cn-5197946,液压::manuals-刀闸阀-zp300型-clarkson-zh-zh-cn-5197946::chunk_2,,manuals-刀闸阀-zp300型-clarkson-zh-zh-cn-5197946.md
ENT_001102,船舶管路系统_ZP300 型阀门_阀体内表面损坏,FaultPhenomenon,因安装操作不当导致的阀体内部表面损伤现象,液压::manuals-刀闸阀-zp300型-clarkson-zh-zh-cn-5197946,液压::manuals-刀闸阀-zp300型-clarkson-zh-zh-cn-5197946::chunk_3,,manuals-刀闸阀-zp300型-clarkson-zh-zh-cn-5197946.md
ENT_001103,阀门受力过度变形,FaultPhenomenon,因安装不当导致阀体结构发生异常形变的故障症状；阀门受力过度导致的变形故障现象,液压::manuals-刀闸阀-zp300型-clarkson-zh-zh-cn-5197946,液压::manuals-刀闸阀-zp300型-clarkson-zh-zh-cn-5197946::chunk_0;液压::manuals-刀闸阀-zp300型-clarkson-zh-zh-cn-5197946::chunk_1,,manuals-刀闸阀-zp300型-clarkson-zh-zh-cn-5197946.md
ENT_001104,阀门管路系统_三偏心阀_固体颗粒沉积,FaultPhenomenon,因安装角度不当导致流体杂质在下轴承区域堆积,液压::vanessa-30-000-系列三偏心阀-tov-安装、操作及维护手册-zh-cn-5195650,液压::vanessa-30-000-系列三偏心阀-tov-安装、操作及维护手册-zh-cn-5195650::chunk_0;液压::vanessa-30-000-系列三偏心阀-tov-安装、操作及维护手册-zh-cn-5195650::chunk_1,,vanessa-30-000-系列三偏心阀-tov-安装、操作及维护手册-zh-cn-5195650.md
ENT_001105,阀门管路系统_三偏心阀_无组织排放,FaultPhenomenon,管路流体通过填料区向大气泄漏的现象,液压::vanessa-30-000-系列三偏心阀-tov-安装、操作及维护手册-zh-cn-5195650,液压::vanessa-30-000-系列三偏心阀-tov-安装、操作及维护手册-zh-cn-5195650::chunk_7,,vanessa-30-000-系列三偏心阀-tov-安装、操作及维护手册-zh-cn-5195650.md
ENT_001106,阀门管路系统_三偏心阀_法兰泄漏,FaultPhenomenon,因连接件不匹配导致的介质外泄异常症状,液压::vanessa-30-000-系列三偏心阀-tov-安装、操作及维护手册-zh-cn-5195650,液压::vanessa-30-000-系列三偏心阀-tov-安装、操作及维护手册-zh-cn-5195650::chunk_0;液压::vanessa-30-000-系列三偏心阀-tov-安装、操作及维护手册-zh-cn-5195650::chunk_1,,vanessa-30-000-系列三偏心阀-tov-安装、操作及维护手册-zh-cn-5195650.md
ENT_001107,阀门管路系统_三偏心阀_轴承区域结晶,FaultPhenomenon,硫磺或颗粒在阀杆轴承区域形成结晶导致停机,液压::vanessa-30-000-系列三偏心阀-tov-安装、操作及维护手册-zh-cn-5195650,液压::vanessa-30-000-系列三偏心阀-tov-安装、操作及维护手册-zh-cn-5195650::chunk_7,,vanessa-30-000-系列三偏心阀-tov-安装、操作及维护手册-zh-cn-5195650.md
ENT_001108,阀门管路系统_三偏心阀_阀瓣接触衬垫,FaultPhenomenon,阀瓣行程中错误接触管道衬垫导致的异常现象,液压::vanessa-30-000-系列三偏心阀-tov-安装、操作及维护手册-zh-cn-5195650,液压::vanessa-30-000-系列三偏心阀-tov-安装、操作及维护手册-zh-cn-5195650::chunk_3,,vanessa-30-000-系列三偏心阀-tov-安装、操作及维护手册-zh-cn-5195650.md
ENT_001109,阀门管路系统_三偏心阀_阀门扭矩异常增加,FaultPhenomenon,因结晶或沉积导致阀门操作扭矩超出正常范围,液压::vanessa-30-000-系列三偏心阀-tov-安装、操作及维护手册-zh-cn-5195650,液压::vanessa-30-000-系列三偏心阀-tov-安装、操作及维护手册-zh-cn-5195650::chunk_7,,vanessa-30-000-系列三偏心阀-tov-安装、操作及维护手册-zh-cn-5195650.md
ENT_001110,阀门管路系统_三偏心阀_阀门螺纹损坏,FaultPhenomenon,因使用错误螺杆导致的阀体螺纹损伤症状,液压::vanessa-30-000-系列三偏心阀-tov-安装、操作及维护手册-zh-cn-5195650,液压::vanessa-30-000-系列三偏心阀-tov-安装、操作及维护手册-zh-cn-5195650::chunk_0;液压::vanessa-30-000-系列三偏心阀-tov-安装、操作及维护手册-zh-cn-5195650::chunk_1,,vanessa-30-000-系列三偏心阀-tov-安装、操作及维护手册-zh-cn-5195650.md
ENT_001111,Rosemount 3051S 无线压力变送器_LCD 存放温度,Parameter,LCD 显示屏允许的存放温度范围负 40 至 85 摄氏度,液压::参考手册-rosemount-3051s-无线系列产品-zh-cn-10755064,液压::参考手册-rosemount-3051s-无线系列产品-zh-cn-10755064::chunk_7,,参考手册-rosemount-3051s-无线系列产品-zh-cn-10755064.md
ENT_001112,Rosemount 3051S 无线压力变送器_LCD 工作温度,Parameter,LCD 显示屏允许的工作温度范围负 40 至 80 摄氏度,液压::参考手册-rosemount-3051s-无线系列产品-zh-cn-10755064,液压::参考手册-rosemount-3051s-无线系列产品-zh-cn-10755064::chunk_7,,参考手册-rosemount-3051s-无线系列产品-zh-cn-10755064.md
ENT_001113,Rosemount 3051S 无线压力变送器_O 形圈更换后热处理温度,Parameter,更换 O 形圈后重新拧紧螺栓前需保持的恒温条件,液压::参考手册-rosemount-3051s-无线系列产品-zh-cn-10755064,液压::参考手册-rosemount-3051s-无线系列产品-zh-cn-10755064::chunk_11,,参考手册-rosemount-3051s-无线系列产品-zh-cn-10755064.md
ENT_001114,Rosemount 3051S 无线压力变送器_一级变量 PV,Parameter,变送器驱动输出的主要过程变量参数,液压::参考手册-rosemount-3051s-无线系列产品-zh-cn-10755064,液压::参考手册-rosemount-3051s-无线系列产品-zh-cn-10755064::chunk_4,,参考手册-rosemount-3051s-无线系列产品-zh-cn-10755064.md
ENT_001115,Rosemount 3051S 无线压力变送器_三级变量 TV,Parameter,变送器辅助显示的第三过程变量参数,液压::参考手册-rosemount-3051s-无线系列产品-zh-cn-10755064,液压::参考手册-rosemount-3051s-无线系列产品-zh-cn-10755064::chunk_4,,参考手册-rosemount-3051s-无线系列产品-zh-cn-10755064.md
ENT_001116,Rosemount 3051S 无线压力变送器_二级变量 SV,Parameter,变送器辅助显示的次要过程变量参数,液压::参考手册-rosemount-3051s-无线系列产品-zh-cn-10755064,液压::参考手册-rosemount-3051s-无线系列产品-zh-cn-10755064::chunk_4,,参考手册-rosemount-3051s-无线系列产品-zh-cn-10755064.md
ENT_001117,Rosemount 3051S 无线压力变送器_传感器温度单位,Parameter,传感器内部的温度监测值；摄氏或华氏温度单位选择参数,液压::参考手册-rosemount-3051s-无线系列产品-zh-cn-10755064,液压::参考手册-rosemount-3051s-无线系列产品-zh-cn-10755064::chunk_2;液压::参考手册-rosemount-3051s-无线系列产品-zh-cn-10755064::chunk_3,,参考手册-rosemount-3051s-无线系列产品-zh-cn-10755064.md
ENT_001118,Rosemount 3051S 无线压力变送器_低警示值,Parameter,过程警戒的低限设定参数,液压::参考手册-rosemount-3051s-无线系列产品-zh-cn-10755064,液压::参考手册-rosemount-3051s-无线系列产品-zh-cn-10755064::chunk_3,,参考手册-rosemount-3051s-无线系列产品-zh-cn-10755064.md
ENT_001119,Rosemount 3051S 无线压力变送器_供电电压,Parameter,变送器测量的过程压力值及状态；设备当前的供电电压状态,液压::参考手册-rosemount-3051s-无线系列产品-zh-cn-10755064,液压::参考手册-rosemount-3051s-无线系列产品-zh-cn-10755064::chunk_2,,参考手册-rosemount-3051s-无线系列产品-zh-cn-10755064.md
ENT_001120,Rosemount 3051S 无线压力变送器_写保护设定,Parameter,软件写入保护安全功能参数,液压::参考手册-rosemount-3051s-无线系列产品-zh-cn-10755064,液压::参考手册-rosemount-3051s-无线系列产品-zh-cn-10755064::chunk_3,,参考手册-rosemount-3051s-无线系列产品-zh-cn-10755064.md
ENT_001121,Rosemount 3051S 无线压力变送器_变量映射模式,Parameter,支持经典映射或换算单位映射的配置模式参数,液压::参考手册-rosemount-3051s-无线系列产品-zh-cn-10755064,液压::参考手册-rosemount-3051s-无线系列产品-zh-cn-10755064::chunk_4,,参考手册-rosemount-3051s-无线系列产品-zh-cn-10755064.md
ENT_001122,Rosemount 3051S 无线压力变送器_四级变量 QV,Parameter,变送器辅助显示的第四过程变量参数,液压::参考手册-rosemount-3051s-无线系列产品-zh-cn-10755064,液压::参考手册-rosemount-3051s-无线系列产品-zh-cn-10755064::chunk_4,,参考手册-rosemount-3051s-无线系列产品-zh-cn-10755064.md
ENT_001123,Rosemount 3051S 无线压力变送器_天线安装高度,Parameter,远程天线相对于基础设施的最小安装高度要求,液压::参考手册-rosemount-3051s-无线系列产品-zh-cn-10755064,液压::参考手册-rosemount-3051s-无线系列产品-zh-cn-10755064::chunk_11,,参考手册-rosemount-3051s-无线系列产品-zh-cn-10755064.md
ENT_001124,Rosemount 3051S 无线压力变送器_导压管倾斜度要求,Parameter,导压管相对于过程连接件的最小倾斜度 1 英寸/英尺,液压::参考手册-rosemount-3051s-无线系列产品-zh-cn-10755064,液压::参考手册-rosemount-3051s-无线系列产品-zh-cn-10755064::chunk_6,,参考手册-rosemount-3051s-无线系列产品-zh-cn-10755064.md
ENT_001125,Rosemount 3051S 无线压力变送器_平方根值,Parameter,流量应用中用于平方根换算的变量参数,液压::参考手册-rosemount-3051s-无线系列产品-zh-cn-10755064,液压::参考手册-rosemount-3051s-无线系列产品-zh-cn-10755064::chunk_4,,参考手册-rosemount-3051s-无线系列产品-zh-cn-10755064.md
ENT_001126,Rosemount 3051S 无线压力变送器_换算变量单位,Parameter,自定义显示单位参数,液压::参考手册-rosemount-3051s-无线系列产品-zh-cn-10755064,液压::参考手册-rosemount-3051s-无线系列产品-zh-cn-10755064::chunk_3,,参考手册-rosemount-3051s-无线系列产品-zh-cn-10755064.md
ENT_001127,Rosemount 3051S 无线压力变送器_排放阀拧紧扭矩,Parameter,安装排放或排气阀时的最终紧固扭矩值,液压::参考手册-rosemount-3051s-无线系列产品-zh-cn-10755064,液压::参考手册-rosemount-3051s-无线系列产品-zh-cn-10755064::chunk_11,,参考手册-rosemount-3051s-无线系列产品-zh-cn-10755064.md
ENT_001128,Rosemount 3051S 无线压力变送器_控制回路模式,Parameter,手动或自动控制模式状态参数,液压::参考手册-rosemount-3051s-无线系列产品-zh-cn-10755064,液压::参考手册-rosemount-3051s-无线系列产品-zh-cn-10755064::chunk_3,,参考手册-rosemount-3051s-无线系列产品-zh-cn-10755064.md
ENT_001129,Rosemount 3051S 无线压力变送器_更新速率,Parameter,变送器获取测量值并通过无线网络传送的频率参数,液压::参考手册-rosemount-3051s-无线系列产品-zh-cn-10755064,液压::参考手册-rosemount-3051s-无线系列产品-zh-cn-10755064::chunk_1,,参考手册-rosemount-3051s-无线系列产品-zh-cn-10755064.md
ENT_001130,Rosemount 3051S 无线压力变送器_法兰螺栓初始扭矩值,Parameter,K-500 合金螺栓安装的初始扭矩标准 300 in.-lb,液压::参考手册-rosemount-3051s-无线系列产品-zh-cn-10755064,液压::参考手册-rosemount-3051s-无线系列产品-zh-cn-10755064::chunk_6,,参考手册-rosemount-3051s-无线系列产品-zh-cn-10755064.md
ENT_001131,Rosemount 3051S 无线压力变送器_法兰螺栓最终扭矩值,Parameter,K-500 合金螺栓安装的最终扭矩标准 650 in.-lb,液压::参考手册-rosemount-3051s-无线系列产品-zh-cn-10755064,液压::参考手册-rosemount-3051s-无线系列产品-zh-cn-10755064::chunk_6,,参考手册-rosemount-3051s-无线系列产品-zh-cn-10755064.md
ENT_001132,Rosemount 3051S 无线压力变送器_流量下限截止值,Parameter,防止低流量噪声的输出截止参数,液压::参考手册-rosemount-3051s-无线系列产品-zh-cn-10755064,液压::参考手册-rosemount-3051s-无线系列产品-zh-cn-10755064::chunk_3,,参考手册-rosemount-3051s-无线系列产品-zh-cn-10755064.md
ENT_001133,Rosemount 3051S 无线压力变送器_流量下限截止模式,Parameter,控制低流量截止函数开启或关闭的模式参数,液压::参考手册-rosemount-3051s-无线系列产品-zh-cn-10755064,液压::参考手册-rosemount-3051s-无线系列产品-zh-cn-10755064::chunk_4,,参考手册-rosemount-3051s-无线系列产品-zh-cn-10755064.md
ENT_001134,Rosemount 3051S 无线压力变送器_线性偏量,Parameter,换算变量线性转换的偏置参数,液压::参考手册-rosemount-3051s-无线系列产品-zh-cn-10755064,液压::参考手册-rosemount-3051s-无线系列产品-zh-cn-10755064::chunk_3,,参考手册-rosemount-3051s-无线系列产品-zh-cn-10755064.md
ENT_001135,Rosemount 3051S 无线压力变送器_网络连接状态,Parameter,显示设备当前与无线网络的连接加入状态参数,液压::参考手册-rosemount-3051s-无线系列产品-zh-cn-10755064,液压::参考手册-rosemount-3051s-无线系列产品-zh-cn-10755064::chunk_8,,参考手册-rosemount-3051s-无线系列产品-zh-cn-10755064.md
ENT_001136,Rosemount 3051S 无线压力变送器_螺栓材料,Parameter,法兰螺栓的材质规格如 K-500 合金,液压::参考手册-rosemount-3051s-无线系列产品-zh-cn-10755064,液压::参考手册-rosemount-3051s-无线系列产品-zh-cn-10755064::chunk_6,,参考手册-rosemount-3051s-无线系列产品-zh-cn-10755064.md
ENT_001137,Rosemount 3051S 无线压力变送器_设备状态,Parameter,反映变送器自身工作健康度的状态参数,液压::参考手册-rosemount-3051s-无线系列产品-zh-cn-10755064,液压::参考手册-rosemount-3051s-无线系列产品-zh-cn-10755064::chunk_8,,参考手册-rosemount-3051s-无线系列产品-zh-cn-10755064.md
ENT_001138,Rosemount 3051S 无线压力变送器_软件版本,Parameter,设备无线电或电子部件的软件版本号,液压::参考手册-rosemount-3051s-无线系列产品-zh-cn-10755064,液压::参考手册-rosemount-3051s-无线系列产品-zh-cn-10755064::chunk_2,,参考手册-rosemount-3051s-无线系列产品-zh-cn-10755064.md
ENT_001139,Rosemount 3051S 无线压力变送器_过程变量单位,Parameter,过程变量 PV 的测量单位设置,液压::参考手册-rosemount-3051s-无线系列产品-zh-cn-10755064,液压::参考手册-rosemount-3051s-无线系列产品-zh-cn-10755064::chunk_2,,参考手册-rosemount-3051s-无线系列产品-zh-cn-10755064.md
ENT_001140,Rosemount 3051S 无线压力变送器_过程法兰温度限值_惰性材料,Parameter,注惰性材料变送器过程法兰的最高允许温度 185°F,液压::参考手册-rosemount-3051s-无线系列产品-zh-cn-10755064,液压::参考手册-rosemount-3051s-无线系列产品-zh-cn-10755064::chunk_6,,参考手册-rosemount-3051s-无线系列产品-zh-cn-10755064.md
ENT_001141,Rosemount 3051S 无线压力变送器_过程法兰温度限值_硅油,Parameter,注硅油变送器过程法兰的最高允许温度 250°F,液压::参考手册-rosemount-3051s-无线系列产品-zh-cn-10755064,液压::参考手册-rosemount-3051s-无线系列产品-zh-cn-10755064::chunk_6,,参考手册-rosemount-3051s-无线系列产品-zh-cn-10755064.md
ENT_001142,Rosemount 3051S 无线压力变送器_高警示值,Parameter,过程警戒的高限设定参数,液压::参考手册-rosemount-3051s-无线系列产品-zh-cn-10755064,液压::参考手册-rosemount-3051s-无线系列产品-zh-cn-10755064::chunk_3,,参考手册-rosemount-3051s-无线系列产品-zh-cn-10755064.md
ENT_001143,SMP Series Hydraulic Pump_Air Source,Parameter,气动马达运行所必需的外部气源动力参数；气动马达所需的工作气压参数,液压::Operation and Maintenance Manual for SMP Series Hydraulic Pu,液压::Operation and Maintenance Manual for SMP Series Hydraulic Pu::chunk_3;液压::Operation and Maintenance Manual for SMP Series Hydraulic Pu::chunk_4,,Operation and Maintenance Manual for SMP Series Hydraulic Pu.md
ENT_001144,SMP Series Hydraulic Pump_Ambient Temperature,Parameter,设备允许运行的环境温度范围；设备允许使用的环境温度范围,液压::Operation and Maintenance Manual for SMP Series Hydraulic Pu,液压::Operation and Maintenance Manual for SMP Series Hydraulic Pu::chunk_2;液压::Operation and Maintenance Manual for SMP Series Hydraulic Pu::chunk_4,,Operation and Maintenance Manual for SMP Series Hydraulic Pu.md
ENT_001145,SMP Series Hydraulic Pump_Flow Rate,Parameter,不同压力状态下的流量参数,液压::Operation and Maintenance Manual for SMP Series Hydraulic Pu,液压::Operation and Maintenance Manual for SMP Series Hydraulic Pu::chunk_4,,Operation and Maintenance Manual for SMP Series Hydraulic Pu.md
ENT_001146,SMP Series Hydraulic Pump_Hose Min Bending Radius,Parameter,高压软管允许的最小弯曲半径参数,液压::Operation and Maintenance Manual for SMP Series Hydraulic Pu,液压::Operation and Maintenance Manual for SMP Series Hydraulic Pu::chunk_11,,Operation and Maintenance Manual for SMP Series Hydraulic Pu.md
ENT_001147,SMP Series Hydraulic Pump_Hose Rated Pressure 100Mpa,Parameter,100Mpa 等级软管的标准操作压力参数,液压::Operation and Maintenance Manual for SMP Series Hydraulic Pu,液压::Operation and Maintenance Manual for SMP Series Hydraulic Pu::chunk_11,,Operation and Maintenance Manual for SMP Series Hydraulic Pu.md
ENT_001148,SMP Series Hydraulic Pump_Hose Rated Pressure 70Mpa,Parameter,70Mpa 等级软管的标准操作压力参数,液压::Operation and Maintenance Manual for SMP Series Hydraulic Pu,液压::Operation and Maintenance Manual for SMP Series Hydraulic Pu::chunk_11,,Operation and Maintenance Manual for SMP Series Hydraulic Pu.md
ENT_001149,SMP Series Hydraulic Pump_Hydraulic Oil Spec,Parameter,系统指定的抗磨液压油型号规格；系统指定的专用液压油规格参数，低油位时必须加注；指定使用的液压油规格型号,液压::Operation and Maintenance Manual for SMP Series Hydraulic Pu,液压::Operation and Maintenance Manual for SMP Series Hydraulic Pu::chunk_2;液压::Operation and Maintenance Manual for SMP Series Hydraulic Pu::chunk_3;液压::Operation and Maintenance Manual for SMP Series Hydraulic Pu::chunk_4,,Operation and Maintenance Manual for SMP Series Hydraulic Pu.md
ENT_001150,SMP Series Hydraulic Pump_Low Pressure Setting,Parameter,低压出口设定的压力范围参数,液压::Operation and Maintenance Manual for SMP Series Hydraulic Pu,液压::Operation and Maintenance Manual for SMP Series Hydraulic Pu::chunk_4,,Operation and Maintenance Manual for SMP Series Hydraulic Pu.md
ENT_001151,SMP Series Hydraulic Pump_Max Working Pressure,Parameter,系统设定的最高工作压力 70Mpa；系统最大操作压力参数 70Mpa,液压::Operation and Maintenance Manual for SMP Series Hydraulic Pu,液压::Operation and Maintenance Manual for SMP Series Hydraulic Pu::chunk_2;液压::Operation and Maintenance Manual for SMP Series Hydraulic Pu::chunk_4,,Operation and Maintenance Manual for SMP Series Hydraulic Pu.md
ENT_001152,SMP Series Hydraulic Pump_Noise Level,Parameter,设备运行时的噪音限值标准参数,液压::Operation and Maintenance Manual for SMP Series Hydraulic Pu,液压::Operation and Maintenance Manual for SMP Series Hydraulic Pu::chunk_8,,Operation and Maintenance Manual for SMP Series Hydraulic Pu.md
ENT_001153,SMP Series Hydraulic Pump_Oil Change Interval,Parameter,液压油至少每 6 个月更换一次的周期参数,液压::Operation and Maintenance Manual for SMP Series Hydraulic Pu,液压::Operation and Maintenance Manual for SMP Series Hydraulic Pu::chunk_5,,Operation and Maintenance Manual for SMP Series Hydraulic Pu.md
ENT_001154,SMP Series Hydraulic Pump_Oil Tank Capacity,Parameter,储油箱的容量规格参数,液压::Operation and Maintenance Manual for SMP Series Hydraulic Pu,液压::Operation and Maintenance Manual for SMP Series Hydraulic Pu::chunk_4,,Operation and Maintenance Manual for SMP Series Hydraulic Pu.md
ENT_001155,SMP Series Hydraulic Pump_Pump Stage Type,Parameter,泵体的双级结构类型参数,液压::Operation and Maintenance Manual for SMP Series Hydraulic Pu,液压::Operation and Maintenance Manual for SMP Series Hydraulic Pu::chunk_4,,Operation and Maintenance Manual for SMP Series Hydraulic Pu.md
ENT_001156,SMP Series Hydraulic Pump_Warranty Period,Parameter,保修期为购买之日起十二个月,液压::Operation and Maintenance Manual for SMP Series Hydraulic Pu,液压::Operation and Maintenance Manual for SMP Series Hydraulic Pu::chunk_12,,Operation and Maintenance Manual for SMP Series Hydraulic Pu.md
ENT_001157,智能无线网关_高速运行模式,Parameter,智能无线网关上启用以确保新设备更快连接网络的运行参数,液压::参考手册-rosemount-3051s-无线系列产品-zh-cn-10755064,液压::参考手册-rosemount-3051s-无线系列产品-zh-cn-10755064::chunk_5,,参考手册-rosemount-3051s-无线系列产品-zh-cn-10755064.md
ENT_001158,船舶管路系统_ZP300 型阀门_ASME B16.20 与 B16.21 标准,Parameter,垫片材料与类型需符合的 ASME 管法兰垫片标准,液压::manuals-刀闸阀-zp300型-clarkson-zh-zh-cn-5197946,液压::manuals-刀闸阀-zp300型-clarkson-zh-zh-cn-5197946::chunk_4,,manuals-刀闸阀-zp300型-clarkson-zh-zh-cn-5197946.md
ENT_001159,船舶管路系统_ZP300 型阀门_ASME B16.47 标准,Parameter,阀门法兰钻孔需符合的 ASME B16.5 尺寸标准；阀门法兰钻孔需符合的 ASME B16.47 大直径法兰标准,液压::manuals-刀闸阀-zp300型-clarkson-zh-zh-cn-5197946,液压::manuals-刀闸阀-zp300型-clarkson-zh-zh-cn-5197946::chunk_4,,manuals-刀闸阀-zp300型-clarkson-zh-zh-cn-5197946.md
ENT_001160,船舶管路系统_ZP300 型阀门_ASME VIII-1 附录 2 标准,Parameter,垫片设计与选型需符合的 ASME 锅炉压力容器规范,液压::manuals-刀闸阀-zp300型-clarkson-zh-zh-cn-5197946,液压::manuals-刀闸阀-zp300型-clarkson-zh-zh-cn-5197946::chunk_4,,manuals-刀闸阀-zp300型-clarkson-zh-zh-cn-5197946.md
ENT_001161,船舶管路系统_ZP300 型阀门_MSS SP-135 标准,Parameter,阀门结构尺寸符合的 MSS SP-135 行业标准,液压::manuals-刀闸阀-zp300型-clarkson-zh-zh-cn-5197946,液压::manuals-刀闸阀-zp300型-clarkson-zh-zh-cn-5197946::chunk_2,,manuals-刀闸阀-zp300型-clarkson-zh-zh-cn-5197946.md
ENT_001162,船舶管路系统_ZP300 型阀门_使用极限,Parameter,压力和温度操作中的极限值参数,液压::manuals-刀闸阀-zp300型-clarkson-zh-zh-cn-5197946,液压::manuals-刀闸阀-zp300型-clarkson-zh-zh-cn-5197946::chunk_1,,manuals-刀闸阀-zp300型-clarkson-zh-zh-cn-5197946.md
ENT_001163,船舶管路系统_ZP300 型阀门_包络尺寸,Parameter,阀门带执行机构后的整体外形尺寸参数,液压::manuals-刀闸阀-zp300型-clarkson-zh-zh-cn-5197946,液压::manuals-刀闸阀-zp300型-clarkson-zh-zh-cn-5197946::chunk_2,,manuals-刀闸阀-zp300型-clarkson-zh-zh-cn-5197946.md
ENT_001164,船舶管路系统_ZP300 型阀门_压力等级,Parameter,阀门符合标准的压力等级参数,液压::manuals-刀闸阀-zp300型-clarkson-zh-zh-cn-5197946,液压::manuals-刀闸阀-zp300型-clarkson-zh-zh-cn-5197946::chunk_1,,manuals-刀闸阀-zp300型-clarkson-zh-zh-cn-5197946.md
ENT_001165,船舶管路系统_ZP300 型阀门_填料压缩长度参数,Parameter,初次拧紧时填料压盖压缩长度范围值,液压::manuals-刀闸阀-zp300型-clarkson-zh-zh-cn-5197946,液压::manuals-刀闸阀-zp300型-clarkson-zh-zh-cn-5197946::chunk_10,,manuals-刀闸阀-zp300型-clarkson-zh-zh-cn-5197946.md
ENT_001166,船舶管路系统_ZP300 型阀门_填料更换规格参数,Parameter,定义不同尺寸阀门填料更换所需的具体尺寸及配合参数集合,液压::manuals-刀闸阀-zp300型-clarkson-zh-zh-cn-5197946,液压::manuals-刀闸阀-zp300型-clarkson-zh-zh-cn-5197946::chunk_11,,manuals-刀闸阀-zp300型-clarkson-zh-zh-cn-5197946.md
ENT_001167,船舶管路系统_ZP300 型阀门_外耐磨环_旋转寿命参数,Parameter,耐磨环初始安装后允许的最大旋转次数及角度限制,液压::manuals-刀闸阀-zp300型-clarkson-zh-zh-cn-5197946,液压::manuals-刀闸阀-zp300型-clarkson-zh-zh-cn-5197946::chunk_8,,manuals-刀闸阀-zp300型-clarkson-zh-zh-cn-5197946.md
ENT_001168,船舶管路系统_ZP300 型阀门_外耐磨环_紧固螺钉规格,Parameter,依据阀门尺寸确定的 ASTM A574 镀锌内六角螺丝尺寸与长度标准,液压::manuals-刀闸阀-zp300型-clarkson-zh-zh-cn-5197946,液压::manuals-刀闸阀-zp300型-clarkson-zh-zh-cn-5197946::chunk_8,,manuals-刀闸阀-zp300型-clarkson-zh-zh-cn-5197946.md
ENT_001169,船舶管路系统_ZP300 型阀门_尺寸,Parameter,NPS 阀门尺寸规格参数,液压::manuals-刀闸阀-zp300型-clarkson-zh-zh-cn-5197946,液压::manuals-刀闸阀-zp300型-clarkson-zh-zh-cn-5197946::chunk_1,,manuals-刀闸阀-zp300型-clarkson-zh-zh-cn-5197946.md
ENT_001170,船舶管路系统_ZP300 型阀门_气动执行机构_储存期限参数,Parameter,气缸允许储存的最长年限及分段维护要求,液压::manuals-刀闸阀-zp300型-clarkson-zh-zh-cn-5197946,液压::manuals-刀闸阀-zp300型-clarkson-zh-zh-cn-5197946::chunk_12,,manuals-刀闸阀-zp300型-clarkson-zh-zh-cn-5197946.md
ENT_001171,船舶管路系统_ZP300 型阀门_气动执行机构_年操作频率参数,Parameter,储存期间每年必须操作气缸的次数要求,液压::manuals-刀闸阀-zp300型-clarkson-zh-zh-cn-5197946,液压::manuals-刀闸阀-zp300型-clarkson-zh-zh-cn-5197946::chunk_12,,manuals-刀闸阀-zp300型-clarkson-zh-zh-cn-5197946.md
ENT_001172,船舶管路系统_ZP300 型阀门_气动执行机构_润滑油规格参数,Parameter,气缸孔及活塞杆维护所需的液压油或润滑脂规格,液压::manuals-刀闸阀-zp300型-clarkson-zh-zh-cn-5197946,液压::manuals-刀闸阀-zp300型-clarkson-zh-zh-cn-5197946::chunk_12,,manuals-刀闸阀-zp300型-clarkson-zh-zh-cn-5197946.md
ENT_001173,船舶管路系统_ZP300 型阀门_法兰安装孔深度限制,Parameter,限定阀体内法兰安装孔深度为 1 倍法兰螺栓直径的技术参数,液压::manuals-刀闸阀-zp300型-clarkson-zh-zh-cn-5197946,液压::manuals-刀闸阀-zp300型-clarkson-zh-zh-cn-5197946::chunk_3,,manuals-刀闸阀-zp300型-clarkson-zh-zh-cn-5197946.md
ENT_001174,船舶管路系统_ZP300 型阀门_法兰螺栓最大扭矩,Parameter,不同阀门尺寸下法兰螺栓拧紧的扭矩上限值,液压::manuals-刀闸阀-zp300型-clarkson-zh-zh-cn-5197946,液压::manuals-刀闸阀-zp300型-clarkson-zh-zh-cn-5197946::chunk_4,,manuals-刀闸阀-zp300型-clarkson-zh-zh-cn-5197946.md
ENT_001175,船舶管路系统_ZP300 型阀门_法兰螺栓长度计算规则,Parameter,基于垫圈、法兰、垫片厚度计算螺栓长度的公式,液压::manuals-刀闸阀-zp300型-clarkson-zh-zh-cn-5197946,液压::manuals-刀闸阀-zp300型-clarkson-zh-zh-cn-5197946::chunk_4,,manuals-刀闸阀-zp300型-clarkson-zh-zh-cn-5197946.md
ENT_001176,船舶管路系统_ZP300 型阀门_符合标准,Parameter,设计与制造使用的标准规范参数,液压::manuals-刀闸阀-zp300型-clarkson-zh-zh-cn-5197946,液压::manuals-刀闸阀-zp300型-clarkson-zh-zh-cn-5197946::chunk_1,,manuals-刀闸阀-zp300型-clarkson-zh-zh-cn-5197946.md
ENT_001177,船舶管路系统_ZP300 型阀门_紧固胶水规格,Parameter,螺钉紧固所需使用的胶水型号规格,液压::manuals-刀闸阀-zp300型-clarkson-zh-zh-cn-5197946,液压::manuals-刀闸阀-zp300型-clarkson-zh-zh-cn-5197946::chunk_10,,manuals-刀闸阀-zp300型-clarkson-zh-zh-cn-5197946.md
ENT_001178,船舶管路系统_ZP300 型阀门_锥齿轮箱_传动比参数,Parameter,根据阀门尺寸确定的齿轮箱减速比例选型数据,液压::manuals-刀闸阀-zp300型-clarkson-zh-zh-cn-5197946,液压::manuals-刀闸阀-zp300型-clarkson-zh-zh-cn-5197946::chunk_7,,manuals-刀闸阀-zp300型-clarkson-zh-zh-cn-5197946.md
ENT_001179,船舶管路系统_ZP300 型阀门_阀体材料,Parameter,符合阀体材料标准的材质参数；符合闸板材料标准的材质参数；阀座使用的材料类型参数；填料使用的材料类型参数,液压::manuals-刀闸阀-zp300型-clarkson-zh-zh-cn-5197946,液压::manuals-刀闸阀-zp300型-clarkson-zh-zh-cn-5197946::chunk_1,,manuals-刀闸阀-zp300型-clarkson-zh-zh-cn-5197946.md
ENT_001180,阀门管路系统_三偏心阀_保护油,Parameter,用于涂抹填料区域防止锈蚀的保护性油膜,液压::vanessa-30-000-系列三偏心阀-tov-安装、操作及维护手册-zh-cn-5195650,液压::vanessa-30-000-系列三偏心阀-tov-安装、操作及维护手册-zh-cn-5195650::chunk_4;液压::vanessa-30-000-系列三偏心阀-tov-安装、操作及维护手册-zh-cn-5195650::chunk_5,,vanessa-30-000-系列三偏心阀-tov-安装、操作及维护手册-zh-cn-5195650.md
ENT_001181,阀门管路系统_三偏心阀_冲洗流体压力差,Parameter,冲洗流体压力需高于管路压力约百分之五,液压::vanessa-30-000-系列三偏心阀-tov-安装、操作及维护手册-zh-cn-5195650,液压::vanessa-30-000-系列三偏心阀-tov-安装、操作及维护手册-zh-cn-5195650::chunk_7,,vanessa-30-000-系列三偏心阀-tov-安装、操作及维护手册-zh-cn-5195650.md
ENT_001182,阀门管路系统_三偏心阀_吊耳式阀体,Parameter,需要重点进行行程验证的吊耳式阀体结构配置,液压::vanessa-30-000-系列三偏心阀-tov-安装、操作及维护手册-zh-cn-5195650,液压::vanessa-30-000-系列三偏心阀-tov-安装、操作及维护手册-zh-cn-5195650::chunk_3,,vanessa-30-000-系列三偏心阀-tov-安装、操作及维护手册-zh-cn-5195650.md
ENT_001183,阀门管路系统_三偏心阀_密封性能,Parameter,阀门的密封效果指标，压力作用在阀杆侧时最佳,液压::vanessa-30-000-系列三偏心阀-tov-安装、操作及维护手册-zh-cn-5195650,液压::vanessa-30-000-系列三偏心阀-tov-安装、操作及维护手册-zh-cn-5195650::chunk_2,,vanessa-30-000-系列三偏心阀-tov-安装、操作及维护手册-zh-cn-5195650.md
ENT_001184,阀门管路系统_三偏心阀_对夹式阀体,Parameter,需要重点进行行程验证的对夹式阀体结构配置,液压::vanessa-30-000-系列三偏心阀-tov-安装、操作及维护手册-zh-cn-5195650,液压::vanessa-30-000-系列三偏心阀-tov-安装、操作及维护手册-zh-cn-5195650::chunk_3,,vanessa-30-000-系列三偏心阀-tov-安装、操作及维护手册-zh-cn-5195650.md
ENT_001185,阀门管路系统_三偏心阀_工作扭矩,Parameter,阀门工作时产生的扭矩参数，受安装方向影响,液压::vanessa-30-000-系列三偏心阀-tov-安装、操作及维护手册-zh-cn-5195650,液压::vanessa-30-000-系列三偏心阀-tov-安装、操作及维护手册-zh-cn-5195650::chunk_2,,vanessa-30-000-系列三偏心阀-tov-安装、操作及维护手册-zh-cn-5195650.md
ENT_001186,阀门管路系统_三偏心阀_润滑剂类型,Parameter,轻质矿物油或 Molykote 等兼容润滑剂规格,液压::vanessa-30-000-系列三偏心阀-tov-安装、操作及维护手册-zh-cn-5195650,液压::vanessa-30-000-系列三偏心阀-tov-安装、操作及维护手册-zh-cn-5195650::chunk_7,,vanessa-30-000-系列三偏心阀-tov-安装、操作及维护手册-zh-cn-5195650.md
ENT_001187,阀门管路系统_三偏心阀_螺柱终紧扭矩,Parameter,填料法兰螺柱螺母最终紧固的扭矩标准值,液压::vanessa-30-000-系列三偏心阀-tov-安装、操作及维护手册-zh-cn-5195650,液压::vanessa-30-000-系列三偏心阀-tov-安装、操作及维护手册-zh-cn-5195650::chunk_7,,vanessa-30-000-系列三偏心阀-tov-安装、操作及维护手册-zh-cn-5195650.md
ENT_001188,阀门管路系统_三偏心阀_螺柱预紧扭矩,Parameter,填料法兰螺柱螺母初始紧固的扭矩标准值,液压::vanessa-30-000-系列三偏心阀-tov-安装、操作及维护手册-zh-cn-5195650,液压::vanessa-30-000-系列三偏心阀-tov-安装、操作及维护手册-zh-cn-5195650::chunk_7,,vanessa-30-000-系列三偏心阀-tov-安装、操作及维护手册-zh-cn-5195650.md
ENT_001189,阀门管路系统_三偏心阀_设计压差,Parameter,阀门内件可承受而不泄漏的最大压差参数,液压::vanessa-30-000-系列三偏心阀-tov-安装、操作及维护手册-zh-cn-5195650,液压::vanessa-30-000-系列三偏心阀-tov-安装、操作及维护手册-zh-cn-5195650::chunk_0;液压::vanessa-30-000-系列三偏心阀-tov-安装、操作及维护手册-zh-cn-5195650::chunk_1,,vanessa-30-000-系列三偏心阀-tov-安装、操作及维护手册-zh-cn-5195650.md
ENT_001190,阀门管路系统_三偏心阀_运行温度,Parameter,阀门正常工作允许的温度范围参数,液压::vanessa-30-000-系列三偏心阀-tov-安装、操作及维护手册-zh-cn-5195650,液压::vanessa-30-000-系列三偏心阀-tov-安装、操作及维护手册-zh-cn-5195650::chunk_0;液压::vanessa-30-000-系列三偏心阀-tov-安装、操作及维护手册-zh-cn-5195650::chunk_1,,vanessa-30-000-系列三偏心阀-tov-安装、操作及维护手册-zh-cn-5195650.md
ENT_001191,阀门管路系统_管道系统_工艺温度,Parameter,管道系统内流体介质的工作温度参数,液压::vanessa-30-000-系列三偏心阀-tov-安装、操作及维护手册-zh-cn-5195650,液压::vanessa-30-000-系列三偏心阀-tov-安装、操作及维护手册-zh-cn-5195650::chunk_4;液压::vanessa-30-000-系列三偏心阀-tov-安装、操作及维护手册-zh-cn-5195650::chunk_5,,vanessa-30-000-系列三偏心阀-tov-安装、操作及维护手册-zh-cn-5195650.md
ENT_001192,阀门管路系统_管道系统_腐蚀抑制剂,Parameter,水压测试时添加到水中防止腐蚀的化学剂,液压::vanessa-30-000-系列三偏心阀-tov-安装、操作及维护手册-zh-cn-5195650,液压::vanessa-30-000-系列三偏心阀-tov-安装、操作及维护手册-zh-cn-5195650::chunk_4;液压::vanessa-30-000-系列三偏心阀-tov-安装、操作及维护手册-zh-cn-5195650::chunk_5,,vanessa-30-000-系列三偏心阀-tov-安装、操作及维护手册-zh-cn-5195650.md
ENT_001193,Rosemount 3051S 无线压力变送器_下载最新 DD 文件,RepairMethod,从官网下载并安装新设备描述符以恢复通讯功能的维修操作,液压::参考手册-rosemount-3051s-无线系列产品-zh-cn-10755064,液压::参考手册-rosemount-3051s-无线系列产品-zh-cn-10755064::chunk_1,,参考手册-rosemount-3051s-无线系列产品-zh-cn-10755064.md
ENT_001194,Rosemount 3051S 无线压力变送器_主设备复位,RepairMethod,重置设备电子部件以恢复工作的维修操作,液压::参考手册-rosemount-3051s-无线系列产品-zh-cn-10755064,液压::参考手册-rosemount-3051s-无线系列产品-zh-cn-10755064::chunk_4,,参考手册-rosemount-3051s-无线系列产品-zh-cn-10755064.md
ENT_001195,Rosemount 3051S 无线压力变送器_交叉模式拧紧螺栓,RepairMethod,按交叉模式分步拧紧法兰螺栓至初始和最终扭矩值,液压::参考手册-rosemount-3051s-无线系列产品-zh-cn-10755064,液压::参考手册-rosemount-3051s-无线系列产品-zh-cn-10755064::chunk_6,,参考手册-rosemount-3051s-无线系列产品-zh-cn-10755064.md
ENT_001196,Rosemount 3051S 无线压力变送器_传感器调整,RepairMethod,用于复位因安装位置改变导致的零点偏移的校准操作,液压::参考手册-rosemount-3051s-无线系列产品-zh-cn-10755064,液压::参考手册-rosemount-3051s-无线系列产品-zh-cn-10755064::chunk_5,,参考手册-rosemount-3051s-无线系列产品-zh-cn-10755064.md
ENT_001197,Rosemount 3051S 无线压力变送器_变量重映射,RepairMethod,组态变送器一级至四级变量映射关系的维修方法,液压::参考手册-rosemount-3051s-无线系列产品-zh-cn-10755064,液压::参考手册-rosemount-3051s-无线系列产品-zh-cn-10755064::chunk_4,,参考手册-rosemount-3051s-无线系列产品-zh-cn-10755064.md
ENT_001198,Rosemount 3051S 无线压力变送器_安装 RF 避雷器,RepairMethod,连接并紧固射频避雷器及接地处理的安装步骤,液压::参考手册-rosemount-3051s-无线系列产品-zh-cn-10755064,液压::参考手册-rosemount-3051s-无线系列产品-zh-cn-10755064::chunk_11,,参考手册-rosemount-3051s-无线系列产品-zh-cn-10755064.md
ENT_001199,Rosemount 3051S 无线压力变送器_安装一体化阀组,RepairMethod,将阀组与变送器法兰对正并使用螺栓固定,液压::参考手册-rosemount-3051s-无线系列产品-zh-cn-10755064,液压::参考手册-rosemount-3051s-无线系列产品-zh-cn-10755064::chunk_7,,参考手册-rosemount-3051s-无线系列产品-zh-cn-10755064.md
ENT_001200,Rosemount 3051S 无线压力变送器_安装端线板,RepairMethod,将端线板滑入外壳并紧固螺钉的组装操作,液压::参考手册-rosemount-3051s-无线系列产品-zh-cn-10755064,液压::参考手册-rosemount-3051s-无线系列产品-zh-cn-10755064::chunk_11,,参考手册-rosemount-3051s-无线系列产品-zh-cn-10755064.md
ENT_001201,Rosemount 3051S 无线压力变送器_安装远程天线,RepairMethod,将天线固定于支架并连接同轴电缆的室外安装操作,液压::参考手册-rosemount-3051s-无线系列产品-zh-cn-10755064,液压::参考手册-rosemount-3051s-无线系列产品-zh-cn-10755064::chunk_11,,参考手册-rosemount-3051s-无线系列产品-zh-cn-10755064.md
ENT_001202,Rosemount 3051S 无线压力变送器_导压管安装布置,RepairMethod,根据介质类型布置导压管坡度及高低点避免误差,液压::参考手册-rosemount-3051s-无线系列产品-zh-cn-10755064,液压::参考手册-rosemount-3051s-无线系列产品-zh-cn-10755064::chunk_6,,参考手册-rosemount-3051s-无线系列产品-zh-cn-10755064.md
ENT_001203,Rosemount 3051S 无线压力变送器_应用用户组态,RepairMethod,通过 AMS 软件生成并应用到目标设备的用户配置过程,液压::参考手册-rosemount-3051s-无线系列产品-zh-cn-10755064,液压::参考手册-rosemount-3051s-无线系列产品-zh-cn-10755064::chunk_5,,参考手册-rosemount-3051s-无线系列产品-zh-cn-10755064.md
ENT_001204,Rosemount 3051S 无线压力变送器_接地处理,RepairMethod,通过最小阻抗将变送器外壳直接连接到地面,液压::参考手册-rosemount-3051s-无线系列产品-zh-cn-10755064,液压::参考手册-rosemount-3051s-无线系列产品-zh-cn-10755064::chunk_7,,参考手册-rosemount-3051s-无线系列产品-zh-cn-10755064.md
ENT_001205,Rosemount 3051S 无线压力变送器_旋转外壳,RepairMethod,松开限位螺钉转动外壳最多 180 度以方便操作,液压::参考手册-rosemount-3051s-无线系列产品-zh-cn-10755064,液压::参考手册-rosemount-3051s-无线系列产品-zh-cn-10755064::chunk_7,,参考手册-rosemount-3051s-无线系列产品-zh-cn-10755064.md
ENT_001206,Rosemount 3051S 无线压力变送器_无线设备加电,RepairMethod,无线现场设备在安装后的上电启动操作步骤；在防爆环境下断电后安装黑色电源模块并密封导管,液压::参考手册-rosemount-3051s-无线系列产品-zh-cn-10755064,液压::参考手册-rosemount-3051s-无线系列产品-zh-cn-10755064::chunk_5;液压::参考手册-rosemount-3051s-无线系列产品-zh-cn-10755064::chunk_7,,参考手册-rosemount-3051s-无线系列产品-zh-cn-10755064.md
ENT_001207,Rosemount 3051S 无线压力变送器_法兰转接器安装,RepairMethod,安装法兰转接器并调整连接中心距至标准尺寸；安装带 O 形圈的适配器并按规定扭矩拧紧螺栓,液压::参考手册-rosemount-3051s-无线系列产品-zh-cn-10755064,液压::参考手册-rosemount-3051s-无线系列产品-zh-cn-10755064::chunk_6;液压::参考手册-rosemount-3051s-无线系列产品-zh-cn-10755064::chunk_7,,参考手册-rosemount-3051s-无线系列产品-zh-cn-10755064.md
ENT_001208,Rosemount 3051S 无线压力变送器_移除电源模块,RepairMethod,设备重新发运前移除电源模块以满足运输安全要求的操作,液压::参考手册-rosemount-3051s-无线系列产品-zh-cn-10755064,液压::参考手册-rosemount-3051s-无线系列产品-zh-cn-10755064::chunk_1,,参考手册-rosemount-3051s-无线系列产品-zh-cn-10755064.md
ENT_001209,Rosemount 3051S 无线压力变送器_组态网络参数,RepairMethod,输入匹配的网络 ID 和连接密钥使变送器连入网络的修复步骤；配置 LCD 显示屏选项的维修方法；配置压力与自定义单位换算关系的维修方法,液压::参考手册-rosemount-3051s-无线系列产品-zh-cn-10755064,液压::参考手册-rosemount-3051s-无线系列产品-zh-cn-10755064::chunk_1;液压::参考手册-rosemount-3051s-无线系列产品-zh-cn-10755064::chunk_3,,参考手册-rosemount-3051s-无线系列产品-zh-cn-10755064.md
ENT_001210,Rosemount 3051S 无线压力变送器_组态过程警戒,RepairMethod,设置过程警戒高低限的维修方法,液压::参考手册-rosemount-3051s-无线系列产品-zh-cn-10755064,液压::参考手册-rosemount-3051s-无线系列产品-zh-cn-10755064::chunk_3,,参考手册-rosemount-3051s-无线系列产品-zh-cn-10755064.md
ENT_001211,Rosemount 3051S 无线压力变送器_设置过程变量单位,RepairMethod,通过 PV Unit 命令设置过程变量度量单位,液压::参考手册-rosemount-3051s-无线系列产品-zh-cn-10755064,液压::参考手册-rosemount-3051s-无线系列产品-zh-cn-10755064::chunk_2,,参考手册-rosemount-3051s-无线系列产品-zh-cn-10755064.md
ENT_001212,Rosemount 3051S 无线压力变送器_重新盖好外壳盖,RepairMethod,调试完成后重新安装外壳盖并确认接触,液压::参考手册-rosemount-3051s-无线系列产品-zh-cn-10755064,液压::参考手册-rosemount-3051s-无线系列产品-zh-cn-10755064::chunk_2,,参考手册-rosemount-3051s-无线系列产品-zh-cn-10755064.md
ENT_001213,Rosemount 3051S 无线压力变送器_重新组装过程法兰,RepairMethod,检查 O 形圈、安装法兰并按交叉模式拧紧螺栓的维修过程,液压::参考手册-rosemount-3051s-无线系列产品-zh-cn-10755064,液压::参考手册-rosemount-3051s-无线系列产品-zh-cn-10755064::chunk_11,,参考手册-rosemount-3051s-无线系列产品-zh-cn-10755064.md
ENT_001214,Rosemount 3051S 无线压力变送器_阀组零点调整,RepairMethod,通过操作阀组平衡阀补偿压力后调整变送器零点,液压::参考手册-rosemount-3051s-无线系列产品-zh-cn-10755064,液压::参考手册-rosemount-3051s-无线系列产品-zh-cn-10755064::chunk_7,,参考手册-rosemount-3051s-无线系列产品-zh-cn-10755064.md
ENT_001215,SMP Series Hydraulic Pump_Adjust Relief Valve,RepairMethod,使用压力表检测并将溢流阀调至系统额值,液压::Operation and Maintenance Manual for SMP Series Hydraulic Pu,液压::Operation and Maintenance Manual for SMP Series Hydraulic Pu::chunk_9,,Operation and Maintenance Manual for SMP Series Hydraulic Pu.md
ENT_001216,SMP Series Hydraulic Pump_Clean Valve Block,RepairMethod,清洗泵站阀块并更换清洁液压油,液压::Operation and Maintenance Manual for SMP Series Hydraulic Pu,液压::Operation and Maintenance Manual for SMP Series Hydraulic Pu::chunk_9,,Operation and Maintenance Manual for SMP Series Hydraulic Pu.md
ENT_001217,SMP Series Hydraulic Pump_Clear Quick Connector Oil,RepairMethod,检查快速接头钢球弹性并排尽雾状液压油,液压::Operation and Maintenance Manual for SMP Series Hydraulic Pu,液压::Operation and Maintenance Manual for SMP Series Hydraulic Pu::chunk_9,,Operation and Maintenance Manual for SMP Series Hydraulic Pu.md
ENT_001218,SMP Series Hydraulic Pump_Connect Air Source,RepairMethod,检查气源及连接部并接通气源,液压::Operation and Maintenance Manual for SMP Series Hydraulic Pu,液压::Operation and Maintenance Manual for SMP Series Hydraulic Pu::chunk_9,,Operation and Maintenance Manual for SMP Series Hydraulic Pu.md
ENT_001219,SMP Series Hydraulic Pump_Consult Agent,RepairMethod,设备异常或改装前咨询授权代理商,液压::Operation and Maintenance Manual for SMP Series Hydraulic Pu,液压::Operation and Maintenance Manual for SMP Series Hydraulic Pu::chunk_2,,Operation and Maintenance Manual for SMP Series Hydraulic Pu.md
ENT_001220,SMP Series Hydraulic Pump_Disassembly Procedure,RepairMethod,设备拆解维修的标准操作流程,液压::Operation and Maintenance Manual for SMP Series Hydraulic Pu,液压::Operation and Maintenance Manual for SMP Series Hydraulic Pu::chunk_1,,Operation and Maintenance Manual for SMP Series Hydraulic Pu.md
ENT_001221,SMP Series Hydraulic Pump_Eye Injury Emergency Handling,RepairMethod,液压油入眼后的清水冲洗急救措施,液压::Operation and Maintenance Manual for SMP Series Hydraulic Pu,液压::Operation and Maintenance Manual for SMP Series Hydraulic Pu::chunk_2,,Operation and Maintenance Manual for SMP Series Hydraulic Pu.md
ENT_001222,SMP Series Hydraulic Pump_Free Replacement And Repair,RepairMethod,保修期内由 WREN 公司免费更换或维修,液压::Operation and Maintenance Manual for SMP Series Hydraulic Pu,液压::Operation and Maintenance Manual for SMP Series Hydraulic Pu::chunk_12,,Operation and Maintenance Manual for SMP Series Hydraulic Pu.md
ENT_001223,SMP Series Hydraulic Pump_Maintain Valves,RepairMethod,锁紧阀或调整至正确位置或更换阀,液压::Operation and Maintenance Manual for SMP Series Hydraulic Pu,液压::Operation and Maintenance Manual for SMP Series Hydraulic Pu::chunk_9,,Operation and Maintenance Manual for SMP Series Hydraulic Pu.md
ENT_001224,SMP Series Hydraulic Pump_Oil Change Procedure,RepairMethod,液压系统更换液压油的标准维护操作流程,液压::Operation and Maintenance Manual for SMP Series Hydraulic Pu,液压::Operation and Maintenance Manual for SMP Series Hydraulic Pu::chunk_6;液压::Operation and Maintenance Manual for SMP Series Hydraulic Pu::chunk_7,,Operation and Maintenance Manual for SMP Series Hydraulic Pu.md
ENT_001225,SMP Series Hydraulic Pump_Open Valves,RepairMethod,打开节流阀和手动单向阀确定系统通路,液压::Operation and Maintenance Manual for SMP Series Hydraulic Pu,液压::Operation and Maintenance Manual for SMP Series Hydraulic Pu::chunk_9,,Operation and Maintenance Manual for SMP Series Hydraulic Pu.md
ENT_001226,SMP Series Hydraulic Pump_Purge Air,RepairMethod,系统反复空运转数次排尽空气,液压::Operation and Maintenance Manual for SMP Series Hydraulic Pu,液压::Operation and Maintenance Manual for SMP Series Hydraulic Pu::chunk_9,,Operation and Maintenance Manual for SMP Series Hydraulic Pu.md
ENT_001227,SMP Series Hydraulic Pump_Refill Oil,RepairMethod,向贮油箱内加注液压油,液压::Operation and Maintenance Manual for SMP Series Hydraulic Pu,液压::Operation and Maintenance Manual for SMP Series Hydraulic Pu::chunk_9,,Operation and Maintenance Manual for SMP Series Hydraulic Pu.md
ENT_001228,SMP Series Hydraulic Pump_Reinstall Quick Connector,RepairMethod,拆开快速接头并重新安装,液压::Operation and Maintenance Manual for SMP Series Hydraulic Pu,液压::Operation and Maintenance Manual for SMP Series Hydraulic Pu::chunk_9,,Operation and Maintenance Manual for SMP Series Hydraulic Pu.md
ENT_001229,SMP Series Hydraulic Pump_Replace Oil,RepairMethod,更换混合水分的液压油,液压::Operation and Maintenance Manual for SMP Series Hydraulic Pu,液压::Operation and Maintenance Manual for SMP Series Hydraulic Pu::chunk_9,,Operation and Maintenance Manual for SMP Series Hydraulic Pu.md
ENT_001230,SMP Series Hydraulic Pump_Replace Pump Bearing,RepairMethod,更换损坏的径向柱塞泵轴承,液压::Operation and Maintenance Manual for SMP Series Hydraulic Pu,液压::Operation and Maintenance Manual for SMP Series Hydraulic Pu::chunk_9,,Operation and Maintenance Manual for SMP Series Hydraulic Pu.md
ENT_001231,SMP Series Hydraulic Pump_Replace Quick Connector Seal,RepairMethod,更换快速接头或密封圈,液压::Operation and Maintenance Manual for SMP Series Hydraulic Pu,液压::Operation and Maintenance Manual for SMP Series Hydraulic Pu::chunk_9,,Operation and Maintenance Manual for SMP Series Hydraulic Pu.md
ENT_001232,SMP Series Hydraulic Pump_Replace Seals,RepairMethod,更换失灵的密封件,液压::Operation and Maintenance Manual for SMP Series Hydraulic Pu,液压::Operation and Maintenance Manual for SMP Series Hydraulic Pu::chunk_9,,Operation and Maintenance Manual for SMP Series Hydraulic Pu.md
ENT_001233,使用管道支架或伸缩节,RepairMethod,减少阀门管道负载的安装支撑处理方法；使用管道支架或伸缩节进行维修的方法,液压::manuals-刀闸阀-zp300型-clarkson-zh-zh-cn-5197946,液压::manuals-刀闸阀-zp300型-clarkson-zh-zh-cn-5197946::chunk_0;液压::manuals-刀闸阀-zp300型-clarkson-zh-zh-cn-5197946::chunk_1,,manuals-刀闸阀-zp300型-clarkson-zh-zh-cn-5197946.md
ENT_001234,法兰紧固件对角交叉均匀拧紧,RepairMethod,防止阀门变形所需的标准化紧固操作流程；法兰紧固件对角交叉均匀拧紧的维修操作,液压::manuals-刀闸阀-zp300型-clarkson-zh-zh-cn-5197946,液压::manuals-刀闸阀-zp300型-clarkson-zh-zh-cn-5197946::chunk_0;液压::manuals-刀闸阀-zp300型-clarkson-zh-zh-cn-5197946::chunk_1,,manuals-刀闸阀-zp300型-clarkson-zh-zh-cn-5197946.md
ENT_001235,船舶管路系统_ZP300 型阀门_填料切削补偿,RepairMethod,切削填料略长以补偿磨损并增加压缩度,液压::manuals-刀闸阀-zp300型-clarkson-zh-zh-cn-5197946,液压::manuals-刀闸阀-zp300型-clarkson-zh-zh-cn-5197946::chunk_10,,manuals-刀闸阀-zp300型-clarkson-zh-zh-cn-5197946.md
ENT_001236,船舶管路系统_ZP300 型阀门_填料层交替安放,RepairMethod,调整填料压盖螺栓以获得适当密封的维修操作；交替安放不同宽度填料层以填充空腔；使用螺柱弹簧垫圈和螺母安装填料压盖；针对阀门填料磨损或泄漏进行的整体更换维修操作程序,液压::manuals-刀闸阀-zp300型-clarkson-zh-zh-cn-5197946,液压::manuals-刀闸阀-zp300型-clarkson-zh-zh-cn-5197946::chunk_10;液压::manuals-刀闸阀-zp300型-clarkson-zh-zh-cn-5197946::chunk_11;液压::manuals-刀闸阀-zp300型-clarkson-zh-zh-cn-5197946::chunk_2,,manuals-刀闸阀-zp300型-clarkson-zh-zh-cn-5197946.md
ENT_001237,船舶管路系统_ZP300 型阀门_外耐磨环_安装方法,RepairMethod,包含定位孔使用顺序及 O 型环垫片密封安装的标准作业流程,液压::manuals-刀闸阀-zp300型-clarkson-zh-zh-cn-5197946,液压::manuals-刀闸阀-zp300型-clarkson-zh-zh-cn-5197946::chunk_8,,manuals-刀闸阀-zp300型-clarkson-zh-zh-cn-5197946.md
ENT_001238,船舶管路系统_ZP300 型阀门_安装方式 A,RepairMethod,填料更换过程中依据图纸要求的一种特定安装配置模式；填料更换过程中依据图纸要求的另一种特定安装配置模式,液压::manuals-刀闸阀-zp300型-clarkson-zh-zh-cn-5197946,液压::manuals-刀闸阀-zp300型-clarkson-zh-zh-cn-5197946::chunk_11,,manuals-刀闸阀-zp300型-clarkson-zh-zh-cn-5197946.md
ENT_001239,船舶管路系统_ZP300 型阀门_弹性阀座更换,RepairMethod,当阀座出现裂纹或泄漏风险时更换阀座的维修方法,液压::manuals-刀闸阀-zp300型-clarkson-zh-zh-cn-5197946,液压::manuals-刀闸阀-zp300型-clarkson-zh-zh-cn-5197946::chunk_9,,manuals-刀闸阀-zp300型-clarkson-zh-zh-cn-5197946.md
ENT_001240,船舶管路系统_ZP300 型阀门_手轮螺母拧紧,RepairMethod,使用扳手紧固手轮固定螺母的维修操作,液压::manuals-刀闸阀-zp300型-clarkson-zh-zh-cn-5197946,液压::manuals-刀闸阀-zp300型-clarkson-zh-zh-cn-5197946::chunk_2,,manuals-刀闸阀-zp300型-clarkson-zh-zh-cn-5197946.md
ENT_001241,船舶管路系统_ZP300 型阀门_气动执行机构_活塞杆涂脂维护,RepairMethod,储存期间对活塞杆表面涂抹稠润滑脂的防护方法,液压::manuals-刀闸阀-zp300型-clarkson-zh-zh-cn-5197946,液压::manuals-刀闸阀-zp300型-clarkson-zh-zh-cn-5197946::chunk_12,,manuals-刀闸阀-zp300型-clarkson-zh-zh-cn-5197946.md
ENT_001242,船舶管路系统_ZP300 型阀门_气动执行机构_长期储存润滑维护,RepairMethod,针对长期储存气缸的定期注油与操作维护方法；未连接管路时对气缸孔及附件输入输出孔的封堵方法,液压::manuals-刀闸阀-zp300型-clarkson-zh-zh-cn-5197946,液压::manuals-刀闸阀-zp300型-clarkson-zh-zh-cn-5197946::chunk_12,,manuals-刀闸阀-zp300型-clarkson-zh-zh-cn-5197946.md
ENT_001243,船舶管路系统_ZP300 型阀门_法兰安装孔螺钉使用,RepairMethod,建议在阀体内所有法兰安装孔上使用螺钉的维护安装方法,液压::manuals-刀闸阀-zp300型-clarkson-zh-zh-cn-5197946,液压::manuals-刀闸阀-zp300型-clarkson-zh-zh-cn-5197946::chunk_3,,manuals-刀闸阀-zp300型-clarkson-zh-zh-cn-5197946.md
ENT_001244,船舶管路系统_ZP300 型阀门_耐磨环旋转延寿,RepairMethod,通过旋转耐磨环改变磨损区域以延长使用寿命的维修方法,液压::manuals-刀闸阀-zp300型-clarkson-zh-zh-cn-5197946,液压::manuals-刀闸阀-zp300型-clarkson-zh-zh-cn-5197946::chunk_9,,manuals-刀闸阀-zp300型-clarkson-zh-zh-cn-5197946.md
ENT_001245,船舶管路系统_ZP300 型阀门_耐磨环更换,RepairMethod,当基底金属腐蚀时更换耐磨环的维修处理方法,液压::manuals-刀闸阀-zp300型-clarkson-zh-zh-cn-5197946,液压::manuals-刀闸阀-zp300型-clarkson-zh-zh-cn-5197946::chunk_9,,manuals-刀闸阀-zp300型-clarkson-zh-zh-cn-5197946.md
ENT_001246,船舶管路系统_ZP300 型阀门_贝氏弹簧垫圈堆叠,RepairMethod,按特定朝向和顺序堆叠弹簧垫圈防松动,液压::manuals-刀闸阀-zp300型-clarkson-zh-zh-cn-5197946,液压::manuals-刀闸阀-zp300型-clarkson-zh-zh-cn-5197946::chunk_10,,manuals-刀闸阀-zp300型-clarkson-zh-zh-cn-5197946.md
ENT_001247,阀门管路系统_三偏心阀_动态负载填料维护,RepairMethod,对活载填料配置阀门填料的维护操作,液压::vanessa-30-000-系列三偏心阀-tov-安装、操作及维护手册-zh-cn-5195650,液压::vanessa-30-000-系列三偏心阀-tov-安装、操作及维护手册-zh-cn-5195650::chunk_7,,vanessa-30-000-系列三偏心阀-tov-安装、操作及维护手册-zh-cn-5195650.md
ENT_001248,阀门管路系统_三偏心阀_填料冲洗消除排放,RepairMethod,加压流体阻塞管路流体进入大气通道,液压::vanessa-30-000-系列三偏心阀-tov-安装、操作及维护手册-zh-cn-5195650,液压::vanessa-30-000-系列三偏心阀-tov-安装、操作及维护手册-zh-cn-5195650::chunk_7,,vanessa-30-000-系列三偏心阀-tov-安装、操作及维护手册-zh-cn-5195650.md
ENT_001249,阀门管路系统_三偏心阀_填料法兰螺柱紧固,RepairMethod,依据螺栓尺寸和压力等级进行螺柱螺母预紧和终紧,液压::vanessa-30-000-系列三偏心阀-tov-安装、操作及维护手册-zh-cn-5195650,液压::vanessa-30-000-系列三偏心阀-tov-安装、操作及维护手册-zh-cn-5195650::chunk_7,,vanessa-30-000-系列三偏心阀-tov-安装、操作及维护手册-zh-cn-5195650.md
ENT_001250,阀门管路系统_三偏心阀_填料涂油,RepairMethod,向阀杆和填料衬套区域涂抹保护油的维护步骤,液压::vanessa-30-000-系列三偏心阀-tov-安装、操作及维护手册-zh-cn-5195650,液压::vanessa-30-000-系列三偏心阀-tov-安装、操作及维护手册-zh-cn-5195650::chunk_4;液压::vanessa-30-000-系列三偏心阀-tov-安装、操作及维护手册-zh-cn-5195650::chunk_5,,vanessa-30-000-系列三偏心阀-tov-安装、操作及维护手册-zh-cn-5195650.md
ENT_001251,阀门管路系统_三偏心阀_开闭周期操作,RepairMethod,测试后执行完整开关周期以保持阀门活性的维护操作,液压::vanessa-30-000-系列三偏心阀-tov-安装、操作及维护手册-zh-cn-5195650,液压::vanessa-30-000-系列三偏心阀-tov-安装、操作及维护手册-zh-cn-5195650::chunk_4;液压::vanessa-30-000-系列三偏心阀-tov-安装、操作及维护手册-zh-cn-5195650::chunk_5,,vanessa-30-000-系列三偏心阀-tov-安装、操作及维护手册-zh-cn-5195650.md
ENT_001252,阀门管路系统_三偏心阀_管路冲洗,RepairMethod,安装前清除管路异物防止损坏阀内件的预处理；关键服务下连续引入惰性流体形成压力屏障；次要服务下定期清除轴承阀杆接口沉积物,液压::vanessa-30-000-系列三偏心阀-tov-安装、操作及维护手册-zh-cn-5195650,液压::vanessa-30-000-系列三偏心阀-tov-安装、操作及维护手册-zh-cn-5195650::chunk_0;液压::vanessa-30-000-系列三偏心阀-tov-安装、操作及维护手册-zh-cn-5195650::chunk_1;液压::vanessa-30-000-系列三偏心阀-tov-安装、操作及维护手册-zh-cn-5195650::chunk_7,,vanessa-30-000-系列三偏心阀-tov-安装、操作及维护手册-zh-cn-5195650.md
ENT_001253,阀门管路系统_三偏心阀_部件润滑,RepairMethod,对填料环蝶板表面螺杆螺栓等部件进行润滑,液压::vanessa-30-000-系列三偏心阀-tov-安装、操作及维护手册-zh-cn-5195650,液压::vanessa-30-000-系列三偏心阀-tov-安装、操作及维护手册-zh-cn-5195650::chunk_7,,vanessa-30-000-系列三偏心阀-tov-安装、操作及维护手册-zh-cn-5195650.md
ENT_001254,阀门管路系统_三偏心阀_阀杆侧受压安装,RepairMethod,压力作用在阀杆侧的安装方法，保证最佳密封性能,液压::vanessa-30-000-系列三偏心阀-tov-安装、操作及维护手册-zh-cn-5195650,液压::vanessa-30-000-系列三偏心阀-tov-安装、操作及维护手册-zh-cn-5195650::chunk_2,,vanessa-30-000-系列三偏心阀-tov-安装、操作及维护手册-zh-cn-5195650.md
ENT_001255,阀门管路系统_三偏心阀_阀杆水平安装,RepairMethod,最佳安装方式以减少固体颗粒沉积问题的措施,液压::vanessa-30-000-系列三偏心阀-tov-安装、操作及维护手册-zh-cn-5195650,液压::vanessa-30-000-系列三偏心阀-tov-安装、操作及维护手册-zh-cn-5195650::chunk_0;液压::vanessa-30-000-系列三偏心阀-tov-安装、操作及维护手册-zh-cn-5195650::chunk_1,,vanessa-30-000-系列三偏心阀-tov-安装、操作及维护手册-zh-cn-5195650.md
ENT_001256,阀门管路系统_管道系统_减压排水,RepairMethod,测试结束后降低压力并排干试水的处理流程,液压::vanessa-30-000-系列三偏心阀-tov-安装、操作及维护手册-zh-cn-5195650,液压::vanessa-30-000-系列三偏心阀-tov-安装、操作及维护手册-zh-cn-5195650::chunk_4;液压::vanessa-30-000-系列三偏心阀-tov-安装、操作及维护手册-zh-cn-5195650::chunk_5,,vanessa-30-000-系列三偏心阀-tov-安装、操作及维护手册-zh-cn-5195650.md
ENT_001257,Rosemount 3051S 无线压力变送器_O 形圈凹槽保护,SafetyNote,拆卸损坏 O 形圈时禁止划伤凹槽或隔膜表面的禁忌,液压::参考手册-rosemount-3051s-无线系列产品-zh-cn-10755064,液压::参考手册-rosemount-3051s-无线系列产品-zh-cn-10755064::chunk_11,,参考手册-rosemount-3051s-无线系列产品-zh-cn-10755064.md
ENT_001258,Rosemount 3051S 无线压力变送器_O 形圈泄漏风险,SafetyNote,未安装适当法兰适配器 O 形圈可能造成过程泄漏危及安全,液压::参考手册-rosemount-3051s-无线系列产品-zh-cn-10755064,液压::参考手册-rosemount-3051s-无线系列产品-zh-cn-10755064::chunk_7,,参考手册-rosemount-3051s-无线系列产品-zh-cn-10755064.md
ENT_001259,Rosemount 3051S 无线压力变送器_写保护安全功能,SafetyNote,防止意外修改组态的安全禁忌,液压::参考手册-rosemount-3051s-无线系列产品-zh-cn-10755064,液压::参考手册-rosemount-3051s-无线系列产品-zh-cn-10755064::chunk_3,,参考手册-rosemount-3051s-无线系列产品-zh-cn-10755064.md
ENT_001260,Rosemount 3051S 无线压力变送器_加压前拧紧螺栓安全,SafetyNote,为防止泄漏加压前必须安装并拧好全部四个法兰螺栓,液压::参考手册-rosemount-3051s-无线系列产品-zh-cn-10755064,液压::参考手册-rosemount-3051s-无线系列产品-zh-cn-10755064::chunk_6,,参考手册-rosemount-3051s-无线系列产品-zh-cn-10755064.md
ENT_001261,Rosemount 3051S 无线压力变送器_危险物质处理安全,SafetyNote,退回接触危险物质产品时必须随附 MSDS 复印件的安全规定；在易爆环境中连接手操器时必须按照本质安全实践安装,液压::参考手册-rosemount-3051s-无线系列产品-zh-cn-10755064,液压::参考手册-rosemount-3051s-无线系列产品-zh-cn-10755064::chunk_1,,参考手册-rosemount-3051s-无线系列产品-zh-cn-10755064.md
ENT_001262,Rosemount 3051S 无线压力变送器_外壳盖金属接触安全,SafetyNote,拧紧外壳盖时必须确认金属与金属接触以确保防爆安全；拧紧外壳盖时必须确保金属与金属接触的安全要求,液压::参考手册-rosemount-3051s-无线系列产品-zh-cn-10755064,液压::参考手册-rosemount-3051s-无线系列产品-zh-cn-10755064::chunk_11;液压::参考手册-rosemount-3051s-无线系列产品-zh-cn-10755064::chunk_2,,参考手册-rosemount-3051s-无线系列产品-zh-cn-10755064.md
ENT_001263,Rosemount 3051S 无线压力变送器_天线垂直安装要求,SafetyNote,天线必须垂直安装且视线清晰的位置约束,液压::参考手册-rosemount-3051s-无线系列产品-zh-cn-10755064,液压::参考手册-rosemount-3051s-无线系列产品-zh-cn-10755064::chunk_11,,参考手册-rosemount-3051s-无线系列产品-zh-cn-10755064.md
ENT_001264,Rosemount 3051S 无线压力变送器_天线安全间距,SafetyNote,安装设备时必须保证天线与人员之间至少有 20 厘米间距,液压::参考手册-rosemount-3051s-无线系列产品-zh-cn-10755064,液压::参考手册-rosemount-3051s-无线系列产品-zh-cn-10755064::chunk_1,,参考手册-rosemount-3051s-无线系列产品-zh-cn-10755064.md
ENT_001265,Rosemount 3051S 无线压力变送器_工作状态禁止拆卸螺栓,SafetyNote,变送器工作时不得试图松开或拆卸法兰螺栓,液压::参考手册-rosemount-3051s-无线系列产品-zh-cn-10755064,液压::参考手册-rosemount-3051s-无线系列产品-zh-cn-10755064::chunk_6,,参考手册-rosemount-3051s-无线系列产品-zh-cn-10755064.md
ENT_001266,Rosemount 3051S 无线压力变送器_平衡阀操作顺序,SafetyNote,打开低压侧平衡阀前必须先打开高压侧平衡阀的安全操作顺序,液压::参考手册-rosemount-3051s-无线系列产品-zh-cn-10755064,液压::参考手册-rosemount-3051s-无线系列产品-zh-cn-10755064::chunk_8,,参考手册-rosemount-3051s-无线系列产品-zh-cn-10755064.md
ENT_001267,Rosemount 3051S 无线压力变送器_爆炸环境禁止带电拆卸盖,SafetyNote,爆炸性环境中电路带电时切勿拆卸外壳盖以防爆炸,液压::参考手册-rosemount-3051s-无线系列产品-zh-cn-10755064,液压::参考手册-rosemount-3051s-无线系列产品-zh-cn-10755064::chunk_7,,参考手册-rosemount-3051s-无线系列产品-zh-cn-10755064.md
ENT_001268,Rosemount 3051S 无线压力变送器_电池放电后危险,SafetyNote,电池放电后危险依然存在需注意处理,液压::参考手册-rosemount-3051s-无线系列产品-zh-cn-10755064,液压::参考手册-rosemount-3051s-无线系列产品-zh-cn-10755064::chunk_2,,参考手册-rosemount-3051s-无线系列产品-zh-cn-10755064.md
ENT_001269,Rosemount 3051S 无线压力变送器_电源模块跌落安全,SafetyNote,电源模块掉落到坚硬表面可能会损坏需谨慎 handling,液压::参考手册-rosemount-3051s-无线系列产品-zh-cn-10755064,液压::参考手册-rosemount-3051s-无线系列产品-zh-cn-10755064::chunk_2,,参考手册-rosemount-3051s-无线系列产品-zh-cn-10755064.md
ENT_001270,Rosemount 3051S 无线压力变送器_螺栓润滑禁忌,SafetyNote,安装法兰螺栓时不应额外涂敷润滑剂的安全与性能注意事项,液压::参考手册-rosemount-3051s-无线系列产品-zh-cn-10755064,液压::参考手册-rosemount-3051s-无线系列产品-zh-cn-10755064::chunk_5,,参考手册-rosemount-3051s-无线系列产品-zh-cn-10755064.md
ENT_001271,Rosemount 3051S 无线压力变送器_过程流体接触危险,SafetyNote,排放排气阀朝向不当可能导致过程流体接触人员的安全禁忌,液压::参考手册-rosemount-3051s-无线系列产品-zh-cn-10755064,液压::参考手册-rosemount-3051s-无线系列产品-zh-cn-10755064::chunk_5,,参考手册-rosemount-3051s-无线系列产品-zh-cn-10755064.md
ENT_001272,Rosemount 3051S 无线压力变送器_避雷器接地规范,SafetyNote,射频避雷器连接点必须按照本地电气规范接地的要求,液压::参考手册-rosemount-3051s-无线系列产品-zh-cn-10755064,液压::参考手册-rosemount-3051s-无线系列产品-zh-cn-10755064::chunk_11,,参考手册-rosemount-3051s-无线系列产品-zh-cn-10755064.md
ENT_001273,Rosemount 3051S 无线压力变送器_金属紧贴金属密封,SafetyNote,电子部件外壳盖安装时必须确保金属接触以保证完全密封的安全要求,液压::参考手册-rosemount-3051s-无线系列产品-zh-cn-10755064,液压::参考手册-rosemount-3051s-无线系列产品-zh-cn-10755064::chunk_5,,参考手册-rosemount-3051s-无线系列产品-zh-cn-10755064.md
ENT_001274,Rosemount 3051S 无线压力变送器_锂电池运输安全,SafetyNote,锂电池运输受交通部及 IATA 监管，需防止热量电气机械损坏,液压::参考手册-rosemount-3051s-无线系列产品-zh-cn-10755064,液压::参考手册-rosemount-3051s-无线系列产品-zh-cn-10755064::chunk_1,,参考手册-rosemount-3051s-无线系列产品-zh-cn-10755064.md
ENT_001275,Rosemount 3051S 无线压力变送器_零点调整压力安全,SafetyNote,零点调整过程中禁止对变送器施加过大压力以防损坏的安全禁忌,液压::参考手册-rosemount-3051s-无线系列产品-zh-cn-10755064,液压::参考手册-rosemount-3051s-无线系列产品-zh-cn-10755064::chunk_8,,参考手册-rosemount-3051s-无线系列产品-zh-cn-10755064.md
ENT_001276,Rosemount 3051S 无线压力变送器_高温过程材料接触禁忌,SafetyNote,避免侵蚀性或高温过程材料与 SuperModule 和法兰直接接触,液压::参考手册-rosemount-3051s-无线系列产品-zh-cn-10755064,液压::参考手册-rosemount-3051s-无线系列产品-zh-cn-10755064::chunk_6,,参考手册-rosemount-3051s-无线系列产品-zh-cn-10755064.md
ENT_001277,SMP Series Hydraulic Pump_Air Source Cut Safety,SafetyNote,检查气动马达前必须切断气源的安全规定,液压::Operation and Maintenance Manual for SMP Series Hydraulic Pu,液压::Operation and Maintenance Manual for SMP Series Hydraulic Pu::chunk_5,,Operation and Maintenance Manual for SMP Series Hydraulic Pu.md
ENT_001278,SMP Series Hydraulic Pump_Cleanliness Maintenance,SafetyNote,保持注油口和快速接头清洁的维护要求,液压::Operation and Maintenance Manual for SMP Series Hydraulic Pu,液压::Operation and Maintenance Manual for SMP Series Hydraulic Pu::chunk_5,,Operation and Maintenance Manual for SMP Series Hydraulic Pu.md
ENT_001279,SMP Series Hydraulic Pump_Eye Contact Safety,SafetyNote,防止液压油溅入眼睛造成损伤的安全注意事项,液压::Operation and Maintenance Manual for SMP Series Hydraulic Pu,液压::Operation and Maintenance Manual for SMP Series Hydraulic Pu::chunk_6;液压::Operation and Maintenance Manual for SMP Series Hydraulic Pu::chunk_7,,Operation and Maintenance Manual for SMP Series Hydraulic Pu.md
ENT_001280,SMP Series Hydraulic Pump_High Pressure Fluid Safety,SafetyNote,高压油管处禁止站人的安全警示；针对高压液压油泄漏穿透皮肤风险的安全警示,液压::Operation and Maintenance Manual for SMP Series Hydraulic Pu,液压::Operation and Maintenance Manual for SMP Series Hydraulic Pu::chunk_5;液压::Operation and Maintenance Manual for SMP Series Hydraulic Pu::chunk_6;液压::Operation and Maintenance Manual for SMP Series Hydraulic Pu::chunk_7,,Operation and Maintenance Manual for SMP Series Hydraulic Pu.md
ENT_001281,SMP Series Hydraulic Pump_Hose Bending Safety,SafetyNote,禁止过小弯曲半径防止软管损坏的安全规定；禁止软管缠绕防止背压损坏的安全规定,液压::Operation and Maintenance Manual for SMP Series Hydraulic Pu,液压::Operation and Maintenance Manual for SMP Series Hydraulic Pu::chunk_11,,Operation and Maintenance Manual for SMP Series Hydraulic Pu.md
ENT_001282,SMP Series Hydraulic Pump_Hose Dragging Safety,SafetyNote,禁止拖拉吊起重物防止软管损坏的安全规定,液压::Operation and Maintenance Manual for SMP Series Hydraulic Pu,液压::Operation and Maintenance Manual for SMP Series Hydraulic Pu::chunk_11,,Operation and Maintenance Manual for SMP Series Hydraulic Pu.md
ENT_001283,SMP Series Hydraulic Pump_Hose Environment Safety,SafetyNote,禁止过热腐蚀环境使用软管的安全规定,液压::Operation and Maintenance Manual for SMP Series Hydraulic Pu,液压::Operation and Maintenance Manual for SMP Series Hydraulic Pu::chunk_11,,Operation and Maintenance Manual for SMP Series Hydraulic Pu.md
ENT_001284,SMP Series Hydraulic Pump_Hose Impact Safety,SafetyNote,禁止重物冲击防止软管爆裂的安全规定,液压::Operation and Maintenance Manual for SMP Series Hydraulic Pu,液压::Operation and Maintenance Manual for SMP Series Hydraulic Pu::chunk_11,,Operation and Maintenance Manual for SMP Series Hydraulic Pu.md
ENT_001285,SMP Series Hydraulic Pump_Hose Overpressure Safety,SafetyNote,禁止超过额定压力使用软管的安全规定,液压::Operation and Maintenance Manual for SMP Series Hydraulic Pu,液压::Operation and Maintenance Manual for SMP Series Hydraulic Pu::chunk_11,,Operation and Maintenance Manual for SMP Series Hydraulic Pu.md
ENT_001286,SMP Series Hydraulic Pump_Hose Passageway Protection,SafetyNote,软管布置在通道时必须加装盖板的安全规定,液压::Operation and Maintenance Manual for SMP Series Hydraulic Pu,液压::Operation and Maintenance Manual for SMP Series Hydraulic Pu::chunk_11,,Operation and Maintenance Manual for SMP Series Hydraulic Pu.md
ENT_001287,SMP Series Hydraulic Pump_Maintenance Power Cut Safety,SafetyNote,维修前必须切断气源的安全规定,液压::Operation and Maintenance Manual for SMP Series Hydraulic Pu,液压::Operation and Maintenance Manual for SMP Series Hydraulic Pu::chunk_2,,Operation and Maintenance Manual for SMP Series Hydraulic Pu.md
ENT_001288,SMP Series Hydraulic Pump_Operation Position Safety,SafetyNote,操作时禁止站在液压油出口处的警告,液压::Operation and Maintenance Manual for SMP Series Hydraulic Pu,液压::Operation and Maintenance Manual for SMP Series Hydraulic Pu::chunk_2,,Operation and Maintenance Manual for SMP Series Hydraulic Pu.md
ENT_001289,SMP Series Hydraulic Pump_Operation Safety Warning,SafetyNote,操作前必须阅读警告牌的安全禁忌事项,液压::Operation and Maintenance Manual for SMP Series Hydraulic Pu,液压::Operation and Maintenance Manual for SMP Series Hydraulic Pu::chunk_1,,Operation and Maintenance Manual for SMP Series Hydraulic Pu.md
ENT_001290,SMP Series Hydraulic Pump_Pressure Adjustment Connection Safety,SafetyNote,禁止超压调节压力阀的安全警告；调压时输出油口必须连接元件的操作安全,液压::Operation and Maintenance Manual for SMP Series Hydraulic Pu,液压::Operation and Maintenance Manual for SMP Series Hydraulic Pu::chunk_2;液压::Operation and Maintenance Manual for SMP Series Hydraulic Pu::chunk_5,,Operation and Maintenance Manual for SMP Series Hydraulic Pu.md
ENT_001291,SMP Series Hydraulic Pump_Shutdown Procedure,SafetyNote,工作完毕后关闭马达切断气源并泄压拆卸,液压::Operation and Maintenance Manual for SMP Series Hydraulic Pu,液压::Operation and Maintenance Manual for SMP Series Hydraulic Pu::chunk_9,,Operation and Maintenance Manual for SMP Series Hydraulic Pu.md
ENT_001292,SMP Series Hydraulic Pump_Tank Cover Safety,SafetyNote,贮油箱增压时禁止打开箱盖的安全警示,液压::Operation and Maintenance Manual for SMP Series Hydraulic Pu,液压::Operation and Maintenance Manual for SMP Series Hydraulic Pu::chunk_5,,Operation and Maintenance Manual for SMP Series Hydraulic Pu.md
ENT_001293,SMP Series Hydraulic Pump_Transport Handling Safety,SafetyNote,搬运过程中需轻拿轻放及采用合适工具的安全要求,液压::Operation and Maintenance Manual for SMP Series Hydraulic Pu,液压::Operation and Maintenance Manual for SMP Series Hydraulic Pu::chunk_8,,Operation and Maintenance Manual for SMP Series Hydraulic Pu.md
ENT_001294,SMP Series Hydraulic Pump_Transport Orientation Safety,SafetyNote,装运时产品必须保持立式向上的位置安全要求,液压::Operation and Maintenance Manual for SMP Series Hydraulic Pu,液压::Operation and Maintenance Manual for SMP Series Hydraulic Pu::chunk_8,,Operation and Maintenance Manual for SMP Series Hydraulic Pu.md
ENT_001295,SMP Series Hydraulic Pump_Warranty Scope,SafetyNote,规定保修范围及除外责任的安全须知,液压::Operation and Maintenance Manual for SMP Series Hydraulic Pu,液压::Operation and Maintenance Manual for SMP Series Hydraulic Pu::chunk_12,,Operation and Maintenance Manual for SMP Series Hydraulic Pu.md
ENT_001296,SMP Series Hydraulic Pump_Waste Oil Disposal,SafetyNote,废弃液压油作为工业废料的合规处理要求,液压::Operation and Maintenance Manual for SMP Series Hydraulic Pu,液压::Operation and Maintenance Manual for SMP Series Hydraulic Pu::chunk_6;液压::Operation and Maintenance Manual for SMP Series Hydraulic Pu::chunk_7,,Operation and Maintenance Manual for SMP Series Hydraulic Pu.md
ENT_001297,船舶管路系统_ZP300 型阀门_填料安装防扭曲,SafetyNote,安装期间禁止填料股扭曲以保证密封,液压::manuals-刀闸阀-zp300型-clarkson-zh-zh-cn-5197946,液压::manuals-刀闸阀-zp300型-clarkson-zh-zh-cn-5197946::chunk_10,,manuals-刀闸阀-zp300型-clarkson-zh-zh-cn-5197946.md
ENT_001298,船舶管路系统_ZP300 型阀门_填料过度拧紧禁忌,SafetyNote,禁止过分拧紧填料以防扭矩增加和寿命缩短的安全警示,液压::manuals-刀闸阀-zp300型-clarkson-zh-zh-cn-5197946,液压::manuals-刀闸阀-zp300型-clarkson-zh-zh-cn-5197946::chunk_2,,manuals-刀闸阀-zp300型-clarkson-zh-zh-cn-5197946.md
ENT_001299,船舶管路系统_ZP300 型阀门_弹簧垫圈朝向要求,SafetyNote,弹簧垫圈叠层需朝向相对方向呈杯形,液压::manuals-刀闸阀-zp300型-clarkson-zh-zh-cn-5197946,液压::manuals-刀闸阀-zp300型-clarkson-zh-zh-cn-5197946::chunk_10,,manuals-刀闸阀-zp300型-clarkson-zh-zh-cn-5197946.md
ENT_001300,船舶管路系统_ZP300 型阀门_微小泄漏及时处理,SafetyNote,发现微小泄漏需立即停止以防显著损坏,液压::manuals-刀闸阀-zp300型-clarkson-zh-zh-cn-5197946,液压::manuals-刀闸阀-zp300型-clarkson-zh-zh-cn-5197946::chunk_10,,manuals-刀闸阀-zp300型-clarkson-zh-zh-cn-5197946.md
ENT_001301,船舶管路系统_ZP300 型阀门_扭矩超限禁忌,SafetyNote,禁止超过最大扭矩以防损坏阀体法兰孔内螺纹,液压::manuals-刀闸阀-zp300型-clarkson-zh-zh-cn-5197946,液压::manuals-刀闸阀-zp300型-clarkson-zh-zh-cn-5197946::chunk_4,,manuals-刀闸阀-zp300型-clarkson-zh-zh-cn-5197946.md
ENT_001302,船舶管路系统_ZP300 型阀门_气动执行机构_储存前联系厂家,SafetyNote,储存前如需具体制造商说明必须联系厂家办公室的安全提示,液压::manuals-刀闸阀-zp300型-clarkson-zh-zh-cn-5197946,液压::manuals-刀闸阀-zp300型-clarkson-zh-zh-cn-5197946::chunk_12,,manuals-刀闸阀-zp300型-clarkson-zh-zh-cn-5197946.md
ENT_001303,船舶管路系统_ZP300 型阀门_锥齿轮箱_超大尺寸联系销售,SafetyNote,针对 NPS26 以上超大尺寸阀门的特殊选型安全禁忌,液压::manuals-刀闸阀-zp300型-clarkson-zh-zh-cn-5197946,液压::manuals-刀闸阀-zp300型-clarkson-zh-zh-cn-5197946::chunk_7,,manuals-刀闸阀-zp300型-clarkson-zh-zh-cn-5197946.md
ENT_001304,船舶管路系统_ZP300 型阀门_阀体内表面损坏防护,SafetyNote,安装螺钉或螺栓时避免损坏阀体内表面的安全警示,液压::manuals-刀闸阀-zp300型-clarkson-zh-zh-cn-5197946,液压::manuals-刀闸阀-zp300型-clarkson-zh-zh-cn-5197946::chunk_3,,manuals-刀闸阀-zp300型-clarkson-zh-zh-cn-5197946.md
ENT_001305,船舶管路系统_ZP300 型阀门_非安装状态闸板开启要求,SafetyNote,阀门未安装管线时闸板必须保持开启以防损坏的安全禁忌,液压::manuals-刀闸阀-zp300型-clarkson-zh-zh-cn-5197946,液压::manuals-刀闸阀-zp300型-clarkson-zh-zh-cn-5197946::chunk_9,,manuals-刀闸阀-zp300型-clarkson-zh-zh-cn-5197946.md
ENT_001306,阀门管路系统_三偏心阀_储存环境要求,SafetyNote,安装前阀门需置于隔离干燥清洁环境的禁忌,液压::vanessa-30-000-系列三偏心阀-tov-安装、操作及维护手册-zh-cn-5195650,液压::vanessa-30-000-系列三偏心阀-tov-安装、操作及维护手册-zh-cn-5195650::chunk_0;液压::vanessa-30-000-系列三偏心阀-tov-安装、操作及维护手册-zh-cn-5195650::chunk_1,,vanessa-30-000-系列三偏心阀-tov-安装、操作及维护手册-zh-cn-5195650.md
ENT_001307,阀门管路系统_三偏心阀_冲洗流体兼容性要求,SafetyNote,使用的冲洗流体必须与管路流体兼容,液压::vanessa-30-000-系列三偏心阀-tov-安装、操作及维护手册-zh-cn-5195650,液压::vanessa-30-000-系列三偏心阀-tov-安装、操作及维护手册-zh-cn-5195650::chunk_7,,vanessa-30-000-系列三偏心阀-tov-安装、操作及维护手册-zh-cn-5195650.md
ENT_001308,阀门管路系统_三偏心阀_吊装安全规定,SafetyNote,搬运起吊时需参考重量标识并保护吊绳的规范,液压::vanessa-30-000-系列三偏心阀-tov-安装、操作及维护手册-zh-cn-5195650,液压::vanessa-30-000-系列三偏心阀-tov-安装、操作及维护手册-zh-cn-5195650::chunk_0;液压::vanessa-30-000-系列三偏心阀-tov-安装、操作及维护手册-zh-cn-5195650::chunk_1,,vanessa-30-000-系列三偏心阀-tov-安装、操作及维护手册-zh-cn-5195650.md
ENT_001309,阀门管路系统_三偏心阀_安装方向指示,SafetyNote,高压关闭侧△P 指示牌作为安装方向参考的安全提示；基于ΔP 标识牌确定的阀门及安全安装方向禁忌,液压::vanessa-30-000-系列三偏心阀-tov-安装、操作及维护手册-zh-cn-5195650,液压::vanessa-30-000-系列三偏心阀-tov-安装、操作及维护手册-zh-cn-5195650::chunk_2;液压::vanessa-30-000-系列三偏心阀-tov-安装、操作及维护手册-zh-cn-5195650::chunk_3,,vanessa-30-000-系列三偏心阀-tov-安装、操作及维护手册-zh-cn-5195650.md
ENT_001310,阀门管路系统_三偏心阀_支架无需保护,SafetyNote,阀门支架因材质特性无需额外温度保护的安全提示,液压::vanessa-30-000-系列三偏心阀-tov-安装、操作及维护手册-zh-cn-5195650,液压::vanessa-30-000-系列三偏心阀-tov-安装、操作及维护手册-zh-cn-5195650::chunk_4;液压::vanessa-30-000-系列三偏心阀-tov-安装、操作及维护手册-zh-cn-5195650::chunk_5,,vanessa-30-000-系列三偏心阀-tov-安装、操作及维护手册-zh-cn-5195650.md
ENT_001311,阀门管路系统_三偏心阀_焊接清洁要求,SafetyNote,焊接端口前需用丙酮清洁污物油脂的警告,液压::vanessa-30-000-系列三偏心阀-tov-安装、操作及维护手册-zh-cn-5195650,液压::vanessa-30-000-系列三偏心阀-tov-安装、操作及维护手册-zh-cn-5195650::chunk_0;液压::vanessa-30-000-系列三偏心阀-tov-安装、操作及维护手册-zh-cn-5195650::chunk_1,,vanessa-30-000-系列三偏心阀-tov-安装、操作及维护手册-zh-cn-5195650.md
ENT_001312,阀门管路系统_三偏心阀_贝氏弹簧叠合组合禁止改变,SafetyNote,更换贝氏弹簧时务必注意不得改变其叠合组合方式,液压::vanessa-30-000-系列三偏心阀-tov-安装、操作及维护手册-zh-cn-5195650,液压::vanessa-30-000-系列三偏心阀-tov-安装、操作及维护手册-zh-cn-5195650::chunk_7,,vanessa-30-000-系列三偏心阀-tov-安装、操作及维护手册-zh-cn-5195650.md
ENT_001313,非垂直安装额外支持要求,SafetyNote,气动执行机构在非垂直安装时必须满足的安全支撑禁忌；非垂直安装时的额外支持安全要求,液压::manuals-刀闸阀-zp300型-clarkson-zh-zh-cn-5197946,液压::manuals-刀闸阀-zp300型-clarkson-zh-zh-cn-5197946::chunk_0;液压::manuals-刀闸阀-zp300型-clarkson-zh-zh-cn-5197946::chunk_1,,manuals-刀闸阀-zp300型-clarkson-zh-zh-cn-5197946.md
ENT_001314,SMP Series Hydraulic Pump System,System,液压泵整体系统，包含警告牌、 enclosure 及阀泵组件；液压气动泵整体监测与报警系统；SMP 系列液压泵整体系统,液压::Operation and Maintenance Manual for SMP Series Hydraulic Pu,液压::Operation and Maintenance Manual for SMP Series Hydraulic Pu::chunk_1;液压::Operation and Maintenance Manual for SMP Series Hydraulic Pu::chunk_2;液压::Operation and Maintenance Manual for SMP Series Hydraulic Pu::chunk_4,,Operation and Maintenance Manual for SMP Series Hydraulic Pu.md
ENT_001315,WirelessHART 监测网络系统,System,包含无线变送器、网关及主机系统的整体监测网络环境,液压::参考手册-rosemount-3051s-无线系列产品-zh-cn-10755064,液压::参考手册-rosemount-3051s-无线系列产品-zh-cn-10755064::chunk_1,,参考手册-rosemount-3051s-无线系列产品-zh-cn-10755064.md
ENT_001316,船舶管路系统,System,阀门所属的上级管路整体系统环境；船舶整体的管路系统；船舶整体管路输送与控制大系统,液压::manuals-刀闸阀-zp300型-clarkson-zh-zh-cn-5197946,液压::manuals-刀闸阀-zp300型-clarkson-zh-zh-cn-5197946::chunk_0;液压::manuals-刀闸阀-zp300型-clarkson-zh-zh-cn-5197946::chunk_1;液压::manuals-刀闸阀-zp300型-clarkson-zh-zh-cn-5197946::chunk_12;液压::manuals-刀闸阀-zp300型-clarkson-zh-zh-cn-5197946::chunk_2,,manuals-刀闸阀-zp300型-clarkson-zh-zh-cn-5197946.md
ENT_001317,阀门管路系统,System,包含阀门及连接管道的整体流体控制系统,液压::vanessa-30-000-系列三偏心阀-tov-安装、操作及维护手册-zh-cn-5195650,液压::vanessa-30-000-系列三偏心阀-tov-安装、操作及维护手册-zh-cn-5195650::chunk_0;液压::vanessa-30-000-系列三偏心阀-tov-安装、操作及维护手册-zh-cn-5195650::chunk_1,,vanessa-30-000-系列三偏心阀-tov-安装、操作及维护手册-zh-cn-5195650.md
